# Rhino

o Mesh99
v -0.2831 0.6063 6.026
v -0.2476 0.661 5.754
v -0.2519 0.5837 6.026
v -0.2637 0.6308 6.149
v -0.2325 0.6083 6.149
v -0.1942 0.6225 5.753
v -0.2357 0.6523 5.753
v -0.1568 0.5956 5.752
v -0.2375 0.6073 6.194
v -0.1867 0.54 6.19
v -0.1518 0.5979 5.753
v -0.2582 0.7033 5.753
v -0.3475 0.6866 6.196
v -0.3919 0.7708 5.756
v -0.4175 0.7063 6.194
v -0.3924 0.7653 5.756
v -0.3551 0.7384 5.755
v -0.3017 0.6999 5.754
v -0.3372 0.6452 6.027
v -0.3178 0.6698 6.15
v -0.3491 0.6923 6.151
v -0.3685 0.6677 6.027
vn -0.8113 0.5845 0.01146
vn -0.5706 -0.7876 -0.2327
vn -0.5643 -0.7882 0.2457
vn -0.5832 -0.8079 -0.08498
vn -0.4843 -0.661 -0.5733
vn -0.8113 0.5845 0.01146
vn -0.5643 -0.7882 0.2457
vn -0.5706 -0.7876 -0.2326
vn 0.6783 -0.7337 0.03919
vn -0.5643 -0.7882 0.2457
vn -0.8113 0.5845 0.01146
vn -0.5643 -0.7882 0.2457
vn -0.5643 -0.7882 0.2457
vn 0.6783 -0.7337 0.03919
vn 0.6783 -0.7337 0.03919
vn -0.003152 0.01541 -0.9999
vn -0.582 -0.8095 0.07727
vn -0.5845 -0.8108 -0.03099
vn 0.5692 0.7944 -0.2118
vn -0.7951 -0.5925 -0.1294
vn -0.5845 -0.8114 -0.003869
vn -0.5832 -0.8079 -0.08498
vn -0.7951 -0.5925 -0.1294
vn 0.7941 0.591 0.1416
vn 0.6988 0.705 0.1206
vn 0.5795 0.8016 0.1472
vn -0.5832 -0.8079 -0.08498
vn 0.7941 0.591 0.1416
vn -0.7951 -0.5925 -0.1294
vn 0.6988 0.705 0.1206
vn 0.7941 0.591 0.1416
vn 0.4497 0.8845 0.1241
vn 0.5795 0.8016 0.1472
vn 0.6988 0.705 0.1206
vn -0.5832 -0.8079 -0.08498
vn 0.5795 0.8016 0.1472
vn 0.4497 0.8845 0.1241
vn 0.263 0.9521 0.1559
vn -0.2638 -0.9538 -0.1437
vn -0.5832 -0.8079 -0.08498
vn 0.263 0.9521 0.1559
vn 0.4497 0.8845 0.1241
vn -0.2638 -0.9538 -0.1437
vn 0.263 0.9521 0.1559
vn -0.5832 -0.8079 -0.08498
vn -0.2638 -0.9538 -0.1437
vn -0.9099 0.4103 0.06162
vn -0.5706 -0.7876 -0.2326
vn -0.5832 -0.8079 -0.08498
vn -0.5832 -0.8079 -0.08498
vn -0.5706 -0.7876 -0.2326
vn 0.8113 -0.5845 -0.01146
vn -0.5706 -0.7876 -0.2326
vn 0.8113 -0.5845 -0.01146
vn -0.5643 -0.7882 0.2457
vn -0.5643 -0.7882 0.2457
vn 0.8113 -0.5845 -0.01146
vn -0.9099 0.4103 0.06162
vn -0.5643 -0.7882 0.2457
vn -0.9099 0.4103 0.06162
vn -0.5706 -0.7876 -0.2326
vn -0.5643 -0.7882 0.2457
f 1//2 2//5 3//8
f 2//6 1//1 4//11
f 1//3 3//7 4//12
f 5//13 4//12 3//10
f 5//14 3//9 6//15
f 6//16 3//8 2//5
f 7//19 6//16 2//5
f 6//17 8//21 7//18
f 8//21 9//22 7//18
f 8//20 10//29 9//23
f 10//28 11//31 9//24
f 12//34 9//25 11//30
f 12//33 13//36 9//26
f 14//42 13//37 12//32
f 14//41 15//44 13//38
f 15//43 16//46 13//39
f 16//45 17//49 13//40
f 18//50 13//40 17//49
f 9//27 13//35 18//50
f 2//4 9//27 18//50
f 7//18 9//22 2//4
f 18//51 19//53 17//48
f 19//54 18//52 20//57
f 20//56 21//59 19//55
f 22//62 19//55 21//59
f 22//61 17//48 19//53
f 17//47 22//60 21//58
o Mesh98
v -0.7699 -0.003706 6.036
v -0.7615 -0.009767 6.036
v -0.7341 0.04992 5.838
v -0.7256 0.04386 5.838
vn 0.5586 0.7696 0.3092
vn 0.5587 0.7696 0.3092
vn 0.5587 0.7696 0.3092
vn 0.5587 0.7696 0.3092
f 23//63 24//64 25//65
f 26//66 25//65 24//64
o Mesh97
v 0.2516 0.000503 6.029
v 0.26 -0.005558 6.03
v 0.2943 0.05416 5.833
v 0.3027 0.0481 5.833
vn 0.5476 0.7695 0.3287
vn 0.5476 0.7695 0.3287
vn 0.5476 0.7695 0.3287
vn 0.5476 0.7695 0.3287
f 27//67 28//68 29//69
f 30//70 29//69 28//68
o Mesh96
v -0.996 0.3569 5.766
v -0.9777 0.414 5.766
v -0.9534 0.4898 5.765
v -0.9352 0.5468 5.765
v -0.8458 0.5718 6.2
v -0.9264 0.5947 5.765
v -0.9258 0.4425 6.207
v -0.9938 0.4609 5.765
v -1.017 0.3129 5.767
v -0.9344 0.2952 6.202
v -1.01 0.312 5.767
v -0.996 0.3569 5.766
v -0.9777 0.414 5.766
v -0.908 0.401 6.037
v -0.9341 0.4104 6.161
v -0.9372 0.3704 6.16
v -0.9199 0.3639 6.037
v -0.9534 0.4897 5.765
v -0.9352 0.5468 5.765
v -0.8761 0.5007 6.036
v -0.8934 0.5072 6.159
v -0.888 0.4636 6.036
v -0.9141 0.4729 6.16
v -0.9208 0.5917 5.764
vn 0.9381 -0.3019 -0.1697
vn 0.9321 -0.3001 -0.2027
vn 0.938 -0.3017 -0.1708
vn 0.942 -0.3028 -0.1448
vn -0.8319 0.5243 0.1818
vn 0.8343 -0.5252 -0.1676
vn -0.8822 0.4448 0.1545
vn -0.8319 0.5243 0.1818
vn 0.8343 -0.5252 -0.1676
vn -0.8319 0.5243 0.1818
vn -0.8822 0.4448 0.1545
vn -0.9757 0.1528 0.1567
vn -0.9809 0.05127 0.1878
vn 0.9835 -0.05184 -0.1736
vn 0.9481 -0.3044 -0.09183
vn -0.9757 0.1528 0.1567
vn -0.8822 0.4448 0.1545
vn -0.9809 0.05127 0.1878
vn -0.9757 0.1528 0.1567
vn 0.9835 -0.05184 -0.1736
vn -0.9809 0.05127 0.1878
vn 0.9481 -0.3044 -0.09185
vn 0.9835 -0.05184 -0.1736
vn -0.0643 -0.997 0.04365
vn 0.9212 -0.2971 -0.2513
vn 0.9481 -0.3044 -0.09184
vn 0.9431 -0.3033 -0.1365
vn 0.254 0.967 -0.01922
vn 0.9212 -0.2972 -0.2513
vn 0.9481 -0.3045 -0.09182
vn 0.9381 -0.3019 -0.1697
vn 0.9212 -0.2971 -0.2513
vn 0.254 0.967 -0.01922
vn 0.9742 -0.08088 0.2109
vn 0.9421 -0.3006 0.1486
vn 0.9742 -0.08088 0.2109
vn 0.254 0.967 -0.01922
vn -0.0643 -0.997 0.04365
vn 0.9421 -0.3006 0.1486
vn 0.9742 -0.08088 0.2109
vn -0.0643 -0.997 0.04365
vn 0.9212 -0.297 -0.2513
vn 0.9421 -0.3006 0.1486
vn -0.3552 -0.9348 -0.004478
vn 0.9212 -0.297 -0.2513
vn 0.9481 -0.3044 -0.09182
vn 0.9333 -0.3003 -0.1969
vn 0.5271 0.8493 0.02934
vn 0.9213 -0.2969 -0.2513
vn 0.9481 -0.3043 -0.09183
vn 0.938 -0.3017 -0.1709
vn 0.9212 -0.297 -0.2513
vn 0.5271 0.8493 0.02934
vn 0.9421 -0.3006 0.1486
vn 0.8408 -0.4972 0.2141
vn 0.9421 -0.3006 0.1486
vn 0.5271 0.8493 0.02934
vn -0.3552 -0.9348 -0.004478
vn 0.9212 -0.297 -0.2513
vn 0.9421 -0.3006 0.1486
vn 0.8408 -0.4972 0.2141
vn -0.3552 -0.9348 -0.004478
vn 0.8408 -0.4972 0.2141
vn 0.8343 -0.5252 -0.1676
vn 0.9481 -0.3044 -0.09185
f 35//75 36//78 37//80
f 36//77 38//87 37//81
f 38//86 39//89 37//82
f 39//88 40//91 37//83
f 40//90 41//93 37//84
f 41//92 42//96 37//85
f 42//96 43//100 37//85
f 43//99 44//102 42//95
f 43//98 45//107 44//103
f 46//110 44//104 45//106
f 47//113 44//105 46//109
f 47//112 42//95 44//102
f 46//108 42//94 47//111
f 42//97 31//71 43//101
f 32//72 43//101 31//71
f 43//100 48//116 37//85
f 48//116 49//120 37//85
f 49//119 50//122 48//115
f 49//118 51//127 50//123
f 52//130 50//124 51//126
f 52//129 48//115 50//122
f 53//132 48//114 52//128
f 52//131 51//125 53//133
f 48//117 33//73 49//121
f 34//74 49//121 33//73
f 54//135 37//85 49//120
f 54//134 35//76 37//79
o Mesh95
v -0.8489 0.2067 5.839
v -0.8522 0.2165 5.839
v -0.9092 0.1863 6.038
v -0.9124 0.1962 6.038
vn 0.9048 0.2972 0.305
vn 0.9048 0.2972 0.305
vn 0.9048 0.2972 0.305
vn 0.9048 0.2972 0.305
f 55//136 56//137 57//138
f 58//139 57//138 56//137
o Mesh94
v -0.1191 0.1456 5.753
v -0.1244 0.1291 5.753
v -0.1798 0.1671 6.026
v -0.1218 0.2561 6.193
v -0.1391 0.08295 5.753
v -0.1532 0.03909 5.754
v -0.1632 0.127 6.194
v -0.08206 0.1687 5.752
v -0.05918 0.3168 5.752
v -0.1247 0.3287 6.19
v -0.06461 0.3156 5.752
v -0.07866 0.2718 5.752
v -0.09873 0.2091 5.752
v -0.1477 0.2673 6.025
v -0.1594 0.2306 6.025
v -0.1172 0.2585 6.148
v -0.129 0.2218 6.148
v -0.1494 0.03499 5.754
v -0.2115 0.05779 6.192
v -0.1915 0.1305 6.026
v -0.1493 0.1583 6.149
v -0.1611 0.1217 6.149
vn 0.305 0.9523 -0.007335
vn -0.9274 0.2953 -0.2298
vn -0.9493 0.3035 -0.08207
vn -0.9493 0.3035 -0.08207
vn -0.9274 0.2953 -0.2298
vn 0.305 0.9523 -0.007335
vn -0.9274 0.2953 -0.2298
vn -0.9219 0.2972 0.2485
vn -0.9493 0.3034 -0.08207
vn 0.9427 -0.3009 0.1443
vn 0.9812 -0.1522 0.1184
vn 0.9881 0.04684 0.1467
vn -0.9898 -0.04632 -0.1345
vn -0.9493 0.3034 -0.08207
vn -0.9493 0.3034 -0.08206
vn -0.9274 0.2953 -0.2298
vn -0.4877 -0.8711 0.05817
vn -0.8104 0.5708 -0.1322
vn -0.9493 0.3034 -0.08206
vn 0.9427 -0.3009 0.1443
vn -0.9493 0.3035 -0.08207
vn -0.8104 0.5708 -0.1322
vn 0.8088 -0.5701 0.1444
vn 0.8876 -0.4446 0.1206
vn 0.9812 -0.1522 0.1184
vn 0.9427 -0.3009 0.1443
vn 0.8876 -0.4446 0.1206
vn 0.9881 0.04684 0.1467
vn 0.9812 -0.1522 0.1184
vn -0.9898 -0.04632 -0.1345
vn 0.9881 0.04684 0.1467
vn -0.9493 0.3035 -0.08206
vn -0.9898 -0.04632 -0.1345
vn 0.1094 0.993 0.04381
vn -0.9274 0.2953 -0.2298
vn -0.9493 0.3034 -0.08207
vn -0.9493 0.3034 -0.08207
vn -0.9274 0.2953 -0.2298
vn -0.305 -0.9523 0.007338
vn 0.1094 0.993 0.04381
vn -0.9274 0.2953 -0.2298
vn -0.9219 0.2972 0.2485
vn -0.305 -0.9523 0.007338
vn -0.9219 0.2972 0.2485
vn -0.9273 0.2953 -0.2298
vn 0.1094 0.993 0.04381
vn -0.9219 0.2972 0.2485
vn -0.9219 0.2972 0.2485
vn -0.305 -0.9523 0.007338
vn 0.8876 -0.4446 0.1206
vn 0.8088 -0.5701 0.1444
vn 0.8088 -0.5701 0.1444
vn -0.8104 0.5708 -0.1322
vn -0.9219 0.2972 0.2485
vn -0.9274 0.2953 -0.2298
vn -0.4877 -0.8711 0.05817
vn -0.9219 0.2972 0.2485
vn 0.305 0.9523 -0.007335
vn -0.9219 0.2972 0.2485
vn -0.9219 0.2972 0.2485
vn -0.4877 -0.8711 0.05817
f 59//141 60//144 61//146
f 60//143 62//148 59//142
f 63//154 62//148 60//143
f 64//158 62//148 63//154
f 65//160 62//148 64//158
f 66//165 62//149 65//159
f 66//164 67//168 62//150
f 67//167 68//170 62//151
f 68//169 69//172 62//152
f 69//171 70//175 62//153
f 71//176 62//153 70//175
f 59//142 62//148 71//176
f 70//174 71//177 72//180
f 73//184 72//180 71//177
f 72//181 73//183 74//186
f 75//187 74//186 73//183
f 75//188 73//182 71//178
f 72//179 74//185 70//173
f 76//189 66//166 65//163
f 77//191 76//190 65//162
f 64//157 77//192 65//161
f 63//155 61//146 60//144
f 78//194 61//146 63//155
f 61//147 78//193 79//198
f 80//199 79//198 78//196
f 80//200 78//195 63//156
f 61//145 79//197 59//140
o Mesh93
v -0.1647 0.05539 5.798
v -0.08329 0.3097 5.796
v -0.2295 0.1031 5.763
v -0.1639 0.308 5.761
vn -0.3936 0.1331 0.9096
vn -0.3936 0.1331 0.9096
vn -0.3936 0.1331 0.9096
vn -0.3936 0.1331 0.9096
f 81//201 82//202 83//203
f 84//204 83//203 82//202
o Mesh92
v -0.6825 -0.1152 5.807
v -0.6599 -0.03868 5.77
v -0.8991 0.04086 5.81
v -0.8344 0.08707 5.773
vn 0.2648 0.3501 0.8985
vn 0.2648 0.3501 0.8985
vn 0.2648 0.3501 0.8985
vn 0.2648 0.3501 0.8985
f 85//205 86//206 87//207
f 88//208 87//207 86//206
o Mesh91
v 0.1944 0.5444 5.763
v 0.3679 0.6716 5.766
v 0.1281 0.5903 5.797
v 0.3434 0.7481 5.801
vn 0.2361 -0.3434 0.909
vn 0.2361 -0.3434 0.909
vn 0.2361 -0.3434 0.909
vn 0.2361 -0.3434 0.909
f 89//209 90//210 91//211
f 92//212 91//211 90//210
o Mesh90
v 0.3605 -0.1153 5.803
v 0.6275 -0.1142 5.809
v 0.3868 -0.03953 5.768
v 0.6019 -0.03863 5.772
vn -0.01888 0.4308 0.9023
vn -0.01888 0.4308 0.9023
vn -0.01888 0.4308 0.9023
vn -0.01889 0.4308 0.9023
f 93//213 94//214 95//215
f 96//216 95//215 94//214
o Mesh89
v -0.3884 -0.114 5.802
v -0.1731 0.04384 5.798
v -0.4128 -0.03767 5.766
v -0.2393 0.08951 5.763
vn -0.2389 0.348 0.9065
vn -0.2389 0.348 0.9065
vn -0.2389 0.348 0.9065
vn -0.2389 0.348 0.9065
f 97//217 98//218 99//219
f 100//220 99//219 98//218
o Mesh88
v -0.9076 0.05235 5.81
v -0.8443 0.1006 5.773
v -0.9911 0.306 5.811
v -0.9116 0.3049 5.773
vn 0.4213 0.1365 0.8966
vn 0.4213 0.1365 0.8966
vn 0.4213 0.1365 0.8966
vn 0.4213 0.1365 0.8966
f 101//221 102//222 103//223
f 104//224 103//223 102//222
o Mesh87
v 0.641 -0.1097 5.809
v 0.8564 0.04813 5.812
v 0.6178 -0.03338 5.772
v 0.7914 0.09381 5.775
vn -0.2704 0.3479 0.8977
vn -0.2704 0.3479 0.8977
vn -0.2704 0.3479 0.8977
vn -0.2704 0.3478 0.8977
f 105//225 106//226 107//227
f 108//228 107//227 106//226
o Mesh86
v 0.3838 0.6769 5.766
v 0.599 0.6778 5.77
v 0.3569 0.7526 5.801
v 0.6239 0.7537 5.806
vn -0.01534 -0.4263 0.9045
vn -0.01534 -0.4263 0.9045
vn -0.01534 -0.4263 0.9045
vn -0.01535 -0.4263 0.9045
f 109//229 110//230 111//231
f 112//232 111//231 110//230
o Mesh85
v -0.8363 0.5402 5.772
v -0.6628 0.6674 5.768
v -0.9014 0.5861 5.808
v -0.686 0.7439 5.805
vn 0.2677 -0.3433 0.9003
vn 0.2677 -0.3433 0.9003
vn 0.2677 -0.3433 0.9003
vn 0.2677 -0.3433 0.9003
f 113//233 114//234 115//235
f 116//236 115//235 114//234
o Mesh84
v 0.03828 0.3244 5.796
v 0.119 0.3259 5.762
v 0.1197 0.5787 5.797
v 0.1846 0.5308 5.763
vn 0.3909 -0.1285 0.9114
vn 0.3909 -0.1285 0.9114
vn 0.3909 -0.1285 0.9114
vn 0.3909 -0.1285 0.9114
f 117//237 118//238 119//239
f 120//240 119//239 118//238
o Mesh83
v 0.1219 0.05658 5.798
v 0.1864 0.1048 5.764
v 0.03834 0.3102 5.796
v 0.1191 0.3092 5.762
vn 0.3898 0.1364 0.9107
vn 0.3898 0.1364 0.9107
vn 0.3898 0.1364 0.9107
vn 0.3898 0.1364 0.9107
f 121//241 122//242 123//243
f 124//244 123//243 122//242
o Mesh82
v 0.347 -0.111 5.803
v 0.3709 -0.03442 5.768
v 0.1303 0.04509 5.799
v 0.1963 0.09131 5.764
vn 0.2333 0.35 0.9072
vn 0.2333 0.35 0.9072
vn 0.2333 0.35 0.9072
vn 0.2333 0.35 0.9072
f 125//245 126//246 127//247
f 128//248 127//247 126//246
o Mesh81
v 0.7895 0.5469 5.774
v 0.8541 0.5933 5.811
v 0.6149 0.6727 5.77
v 0.6375 0.7494 5.807
vn -0.2675 -0.3455 0.8995
vn -0.2675 -0.3455 0.8995
vn -0.2675 -0.3455 0.8995
vn -0.2675 -0.3455 0.8995
f 129//249 130//250 131//251
f 132//252 131//251 130//250
o Mesh80
v 0.7847 0.6126 6.161
v 0.7696 0.588 6.037
v 0.8367 0.6268 5.766
v 0.7534 0.6351 6.16
v 0.7383 0.6105 6.036
v 0.7834 0.6652 5.765
v 0.778 0.6116 6.206
v 0.8741 0.5999 5.767
v 0.8189 0.5515 6.204
v 0.8792 0.6022 5.768
v 0.7728 0.7076 5.764
v 0.668 0.6908 6.204
v 0.6391 0.7751 5.763
v 0.5882 0.7177 6.199
v 0.6385 0.7696 5.762
v 0.6759 0.7427 5.763
v 0.7114 0.7171 5.764
v 0.7293 0.7042 5.764
v 0.6842 0.6495 6.035
v 0.6993 0.674 6.159
v 0.6681 0.6966 6.159
v 0.653 0.672 6.035
vn -0.5725 -0.7882 0.2257
vn 0.6766 -0.7337 0.06283
vn -0.5725 -0.7882 0.2257
vn -0.5621 -0.7876 -0.2525
vn 0.6766 -0.7337 0.06283
vn 0.6766 -0.7337 0.06283
vn -0.5621 -0.7876 -0.2525
vn -0.5798 -0.8079 -0.1054
vn -0.8113 0.5844 -0.01687
vn -0.5725 -0.7882 0.2257
vn -0.5621 -0.7876 -0.2525
vn -0.5725 -0.7882 0.2257
vn -0.8113 0.5844 -0.01687
vn -0.5798 -0.8079 -0.1054
vn -0.5621 -0.7876 -0.2525
vn -0.8113 0.5844 -0.01687
vn -0.5798 -0.8079 -0.1054
vn -0.8184 -0.5505 -0.1645
vn 0.8169 0.549 0.1767
vn 0.6941 0.7051 0.145
vn 0.5739 0.8016 0.1674
vn -0.5798 -0.8079 -0.1054
vn -0.8184 -0.5505 -0.1645
vn -0.5798 -0.8079 -0.1054
vn 0.8169 0.549 0.1767
vn -0.8184 -0.5505 -0.1645
vn 0.6941 0.7051 0.145
vn 0.8169 0.549 0.1767
vn 0.445 0.8845 0.1399
vn 0.5739 0.8016 0.1674
vn 0.6941 0.7051 0.145
vn -0.5798 -0.8079 -0.1054
vn 0.5739 0.8016 0.1674
vn 0.445 0.8845 0.1399
vn 0.3063 0.9385 0.1593
vn -0.3076 -0.9401 -0.1472
vn -0.5798 -0.8079 -0.1054
vn 0.3063 0.9385 0.1593
vn 0.445 0.8845 0.1399
vn -0.3076 -0.9401 -0.1472
vn 0.3063 0.9385 0.1593
vn -0.5798 -0.8079 -0.1054
vn -0.3076 -0.9401 -0.1472
vn -0.9115 0.4102 0.0298
vn -0.5621 -0.7876 -0.2525
vn -0.5798 -0.8079 -0.1054
vn -0.5798 -0.8079 -0.1054
vn -0.562 -0.7876 -0.2525
vn -0.5798 -0.8079 -0.1054
vn -0.562 -0.7876 -0.2525
vn 0.8113 -0.5844 0.01687
vn -0.562 -0.7876 -0.2525
vn 0.8113 -0.5844 0.01687
vn -0.5725 -0.7882 0.2257
vn -0.5621 -0.7876 -0.2525
vn -0.5725 -0.7882 0.2257
vn 0.8113 -0.5844 0.01687
vn -0.9115 0.4102 0.0298
vn -0.5725 -0.7882 0.2257
vn -0.9115 0.4102 0.0298
vn -0.5621 -0.7876 -0.2525
vn -0.5725 -0.7883 0.2257
f 133//254 134//257 135//258
f 133//253 136//262 134//255
f 137//264 134//255 136//262
f 137//263 138//267 134//256
f 138//268 137//265 136//261
f 135//259 134//256 138//267
f 135//260 139//274 138//266
f 140//276 139//269 135//260
f 140//275 141//278 139//270
f 141//277 142//280 139//271
f 143//283 139//272 142//279
f 143//282 144//285 139//273
f 145//291 144//286 143//281
f 145//290 146//293 144//287
f 146//292 147//295 144//288
f 147//294 148//298 144//289
f 139//274 144//284 148//298
f 149//299 139//274 148//298
f 150//301 139//274 149//299
f 138//266 139//274 150//301
f 150//302 151//304 149//300
f 151//305 150//303 152//309
f 152//308 153//311 151//306
f 154//314 151//306 153//311
f 154//313 148//297 151//307
f 148//296 154//312 153//310
f 149//300 151//304 148//297
o Mesh79
v 0.8738 0.2716 6.04
v 0.8999 0.2628 6.164
v 0.9523 0.2761 5.77
v 0.8882 0.2261 6.164
v 0.8621 0.2349 6.04
v 0.9322 0.2134 5.769
v 0.9403 0.2386 5.769
v 0.8524 0.1312 6.209
v 0.9119 0.1499 5.769
v 0.8918 0.08726 5.769
v 0.83 0.1347 6.039
v 0.8561 0.1259 6.164
v 0.8417 0.1714 6.039
v 0.8678 0.1626 6.164
v 0.8778 0.0434 5.769
v 0.808 0.07381 6.205
v 0.8815 0.03929 5.769
v 0.9489 0.1731 5.769
v 0.8938 0.2604 6.209
v 0.9718 0.3211 5.77
v 0.8947 0.3447 6.206
v 0.9663 0.3199 5.77
vn -0.93 0.2971 0.2163
vn 0.1077 0.993 0.04765
vn -0.9188 0.2952 -0.262
vn -0.93 0.2971 0.2162
vn 0.1077 0.993 0.04765
vn -0.93 0.2971 0.2163
vn -0.9459 0.3034 -0.1151
vn -0.9188 0.2952 -0.262
vn 0.1077 0.993 0.04765
vn -0.93 0.2971 0.2162
vn -0.305 -0.9523 -0.003359
vn -0.9188 0.2952 -0.262
vn -0.305 -0.9523 -0.003359
vn -0.93 0.2971 0.2162
vn -0.305 -0.9523 -0.003359
vn -0.9188 0.2952 -0.262
vn -0.9459 0.3034 -0.1151
vn -0.9459 0.3034 -0.1151
vn -0.9188 0.2952 -0.262
vn -0.9459 0.3034 -0.1151
vn -0.774 0.6108 -0.1666
vn 0.7719 -0.6101 0.1788
vn 0.8829 -0.4445 0.1515
vn 0.9371 -0.3008 0.1771
vn -0.9459 0.3034 -0.1151
vn 0.305 0.9523 0.003354
vn -0.9188 0.2952 -0.262
vn -0.9459 0.3034 -0.1151
vn -0.4893 -0.8711 0.04109
vn -0.9188 0.2952 -0.262
vn -0.9459 0.3034 -0.1151
vn -0.9188 0.2952 -0.262
vn -0.4893 -0.8711 0.04109
vn -0.93 0.2971 0.2163
vn -0.93 0.2971 0.2163
vn -0.4893 -0.8711 0.04109
vn -0.9188 0.2952 -0.262
vn -0.93 0.2971 0.2163
vn 0.305 0.9523 0.003354
vn 0.305 0.9523 0.003354
vn -0.93 0.2971 0.2162
vn -0.774 0.6108 -0.1666
vn -0.9459 0.3034 -0.1151
vn 0.7719 -0.6101 0.1788
vn -0.774 0.6108 -0.1666
vn 0.8829 -0.4445 0.1515
vn 0.7719 -0.6101 0.1788
vn 0.9765 -0.1521 0.1525
vn 0.9371 -0.3008 0.1771
vn 0.8829 -0.4445 0.1515
vn -0.9459 0.3034 -0.1151
vn 0.9371 -0.3008 0.1771
vn 0.9765 -0.1521 0.1525
vn 0.9847 -0.003863 0.1745
vn -0.9867 0.004397 -0.1624
vn 0.9847 -0.003863 0.1745
vn 0.9765 -0.1521 0.1525
vn -0.9867 0.004397 -0.1624
vn 0.9847 -0.003863 0.1745
vn -0.9459 0.3034 -0.1151
vn -0.9867 0.004397 -0.1624
f 155//316 156//319 157//323
f 156//320 155//315 158//324
f 159//328 158//324 155//318
f 158//325 159//327 160//329
f 160//330 159//326 161//333
f 157//322 161//333 159//326
f 157//321 161//332 162//334
f 161//332 160//331 162//334
f 160//331 163//342 162//334
f 163//342 164//345 162//334
f 164//344 165//346 163//341
f 166//350 165//347 164//343
f 165//348 166//349 167//352
f 168//355 167//352 166//349
f 167//353 168//354 163//340
f 167//351 163//341 165//346
f 169//357 162//334 164//345
f 169//356 170//359 162//335
f 170//358 171//361 162//336
f 171//360 172//364 162//337
f 162//338 172//363 173//366
f 172//362 174//371 173//367
f 174//370 175//373 173//368
f 175//372 176//375 173//369
f 173//365 176//374 162//339
f 176//374 157//321 162//334
f 155//317 157//322 159//326
o Mesh78
v 0.3115 -0.1036 5.758
v 0.2629 -0.06858 5.757
v 0.1983 -0.02207 5.756
v 0.1498 0.01293 5.755
v 0.1115 0.04051 5.754
v 0.1481 0.09703 6.191
v 0.2423 -0.01636 6.198
v 0.1069 0.03605 5.755
v 0.2133 -0.0694 5.756
v 0.347 -0.1369 5.76
v 0.3837 -0.07267 6.196
v 0.3498 -0.1311 5.759
v 0.2629 -0.06856 5.757
v 0.3115 -0.1036 5.758
v 0.2909 -0.00993 6.029
v 0.2714 -0.03355 6.153
v 0.3084 -0.04885 6.153
v 0.3226 -0.03273 6.03
v 0.1984 -0.02206 5.756
v 0.1498 0.01294 5.755
v 0.206 0.05125 6.028
v 0.1918 0.03513 6.15
v 0.2377 0.02845 6.028
v 0.2181 0.004828 6.152
vn 0.5776 0.7968 -0.1775
vn 0.5776 0.7967 -0.1778
vn 0.5827 0.8059 -0.1045
vn 0.5824 0.8054 -0.1102
vn 0.7653 0.6272 -0.1451
vn 0.5841 0.8088 -0.06847
vn -0.764 -0.6252 0.1593
vn 0.7653 0.6272 -0.1451
vn 0.5841 0.8088 -0.06847
vn 0.7653 0.6272 -0.1451
vn -0.764 -0.6252 0.1593
vn -0.6985 -0.7037 0.1301
vn -0.4498 -0.8828 0.1353
vn -0.3629 -0.917 0.1654
vn 0.364 0.9191 -0.1511
vn 0.584 0.8088 -0.06845
vn -0.6985 -0.7037 0.1301
vn -0.764 -0.6252 0.1593
vn -0.4498 -0.8828 0.1353
vn -0.6985 -0.7037 0.1301
vn -0.3629 -0.917 0.1654
vn -0.4498 -0.8828 0.1353
vn 0.364 0.9191 -0.1511
vn -0.3629 -0.917 0.1654
vn 0.4693 0.6681 0.5774
vn 0.364 0.9191 -0.1511
vn -0.8408 0.5405 -0.02989
vn 0.5721 0.7877 -0.2285
vn 0.5662 0.7926 0.2264
vn 0.5776 0.7968 -0.1775
vn 0.9273 -0.3698 0.05849
vn 0.5721 0.7877 -0.2285
vn 0.1434 0.2267 0.9633
vn 0.5776 0.7968 -0.1772
vn -0.8408 0.5405 -0.02989
vn 0.3731 0.8986 0.231
vn 0.5735 0.801 0.1717
vn 0.5721 0.7877 -0.2285
vn 0.3731 0.8986 0.231
vn -0.8408 0.5405 -0.02989
vn 0.9273 -0.3698 0.05849
vn 0.5735 0.801 0.1717
vn 0.3731 0.8986 0.231
vn 0.5721 0.7877 -0.2285
vn 0.5735 0.801 0.1717
vn 0.9273 -0.3698 0.05849
vn 0.7794 -0.6265 0.003713
vn 0.5721 0.7877 -0.2285
vn 0.584 0.8089 -0.06846
vn 0.583 0.8065 -0.09882
vn 0.5841 0.8088 -0.06847
vn 0.5721 0.7877 -0.2285
vn -0.6456 0.7632 0.02587
vn 0.5827 0.8059 -0.1045
vn 0.5721 0.7877 -0.2285
vn -0.6456 0.7632 0.02587
vn 0.5735 0.801 0.1717
vn 0.7277 0.6431 0.2384
vn 0.5735 0.801 0.1717
vn -0.6456 0.7632 0.02587
vn 0.5721 0.7877 -0.2285
vn 0.5735 0.801 0.1717
vn 0.7277 0.6431 0.2384
vn 0.7794 -0.6265 0.003713
vn 0.7794 -0.6265 0.003713
vn 0.7277 0.6431 0.2384
f 181//380 182//383 183//385
f 182//382 184//393 183//386
f 184//392 185//395 183//387
f 183//388 185//394 186//397
f 183//389 186//396 187//399
f 188//401 183//390 187//398
f 188//400 189//404 183//391
f 190//408 189//404 188//400
f 189//403 191//413 190//407
f 191//410 189//402 192//415
f 191//411 192//414 193//418
f 191//412 193//417 194//420
f 190//406 194//421 193//416
f 194//419 190//407 191//413
f 190//409 177//376 189//405
f 178//377 189//405 177//376
f 189//404 195//424 183//391
f 195//424 196//426 183//391
f 196//427 197//430 195//423
f 196//428 198//435 197//431
f 197//432 198//434 199//437
f 199//438 198//433 200//441
f 195//422 199//439 200//440
f 199//436 195//423 197//430
f 195//425 179//378 196//429
f 180//379 196//429 179//378
f 181//381 183//384 196//426
o Mesh77
v 0.4616 -0.1316 5.761
v 0.4562 -0.06265 6.033
v 0.4539 -0.09222 6.157
v 0.4176 -0.06281 6.032
v 0.3958 -0.1319 5.76
v 0.4154 -0.09238 6.156
v 0.4186 -0.08798 6.201
v 0.3497 -0.1321 5.759
v 0.3503 -0.06339 6.196
v 0.347 -0.1369 5.76
v 0.495 -0.1597 5.761
v 0.5542 -0.08741 6.204
v 0.6428 -0.1356 5.765
v 0.6347 -0.0622 6.202
v 0.6401 -0.1309 5.765
v 0.594 -0.1311 5.764
v 0.5487 -0.1312 5.763
v 0.5613 -0.06221 6.035
v 0.5282 -0.1313 5.763
v 0.5228 -0.06237 6.034
v 0.5591 -0.09178 6.159
v 0.5206 -0.09194 6.158
vn -0.0023 0.9951 -0.09895
vn 0.0006068 0.9692 -0.2463
vn 0.9998 0.0042 0.01888
vn 0.0005906 0.9692 -0.2463
vn -0.008449 0.9727 0.232
vn 0.9998 0.0042 0.01888
vn 0.9998 0.0042 0.01888
vn -0.008449 0.9727 0.232
vn 0.000623 0.9692 -0.2462
vn -0.9803 0.1955 0.02912
vn -0.008449 0.9727 0.232
vn 0.0005906 0.9692 -0.2463
vn -0.9803 0.1955 0.02912
vn 0.000623 0.9692 -0.2462
vn -0.002272 0.9951 -0.09895
vn -0.008449 0.9727 0.232
vn -0.9803 0.1955 0.02912
vn -0.002283 0.9951 -0.09895
vn 0.344 0.9275 -0.1462
vn -0.3441 -0.9255 0.1584
vn -0.152 -0.9794 0.1332
vn 0.0011 -0.9869 0.161
vn 0.344 0.9275 -0.1462
vn -0.002261 0.9951 -0.09895
vn -0.3441 -0.9255 0.1584
vn 0.344 0.9275 -0.1462
vn -0.152 -0.9794 0.1332
vn -0.3441 -0.9255 0.1584
vn 0.155 -0.9781 0.139
vn 0.0011 -0.9869 0.161
vn -0.152 -0.9794 0.1332
vn -0.002305 0.9951 -0.09895
vn 0.0011 -0.9869 0.161
vn 0.155 -0.9781 0.139
vn 0.2982 -0.9404 0.1638
vn -0.2985 0.9423 -0.1517
vn -0.002299 0.9951 -0.09895
vn 0.2982 -0.9404 0.1638
vn 0.155 -0.9781 0.139
vn -0.2985 0.9423 -0.1517
vn 0.2982 -0.9404 0.1638
vn -0.002284 0.9951 -0.09895
vn -0.2985 0.9423 -0.1517
vn 0.9768 0.2037 0.06609
vn 0.0005843 0.9692 -0.2463
vn -0.002287 0.9951 -0.09895
vn -0.002299 0.9951 -0.09895
vn 0.0005775 0.9692 -0.2463
vn 0.9768 0.2037 0.06609
vn 0.0005779 0.9692 -0.2463
vn -0.008484 0.9727 0.232
vn -0.00231 0.9951 -0.09895
vn 0.0005746 0.9692 -0.2463
vn -0.9998 -0.004185 -0.01888
vn -0.008484 0.9727 0.232
vn 0.0005787 0.9692 -0.2463
vn -0.9998 -0.004185 -0.01888
vn -0.008449 0.9727 0.232
vn 0.9768 0.2037 0.06609
vn -0.008466 0.9727 0.232
vn -0.008449 0.9727 0.232
vn -0.9998 -0.004185 -0.01888
f 201//444 202//447 203//448
f 202//445 201//443 204//453
f 205//455 204//450 201//443
f 204//451 205//454 206//458
f 206//457 203//449 204//452
f 202//446 204//452 203//449
f 201//442 205//456 207//459
f 208//465 207//459 205//456
f 208//464 209//467 207//460
f 209//466 210//469 207//461
f 207//462 210//468 211//472
f 207//463 211//471 212//474
f 212//475 211//470 213//480
f 214//482 212//476 213//479
f 212//477 214//481 215//484
f 215//483 216//487 212//478
f 216//487 217//488 212//478
f 216//486 217//489 218//491
f 217//489 219//494 218//491
f 217//488 219//493 212//478
f 219//493 201//442 212//478
f 212//473 201//442 207//459
f 220//497 218//491 219//494
f 218//492 220//496 221//501
f 222//502 221//501 220//499
f 220//498 219//495 222//503
f 216//485 218//490 221//500
o Mesh76
v 0.08372 0.2227 6.149
v 0.05474 0.2097 5.753
v 0.1144 0.2318 6.025
v 0.1024 0.2684 6.025
v 0.03416 0.2722 5.752
v 0.07167 0.2593 6.148
v 0.07615 0.2569 6.194
v 0.01975 0.316 5.752
v 0.07848 0.3295 6.19
v 0.01431 0.3171 5.752
v 0.03842 0.1692 5.752
v 0.1186 0.1281 6.195
v 0.1069 0.03605 5.755
v 0.1675 0.05936 6.193
v 0.1106 0.04018 5.754
v 0.09619 0.08393 5.754
v 0.0811 0.1297 5.753
v 0.1353 0.1685 6.026
v 0.07561 0.1464 5.753
v 0.1046 0.1594 6.149
v 0.1474 0.1319 6.026
v 0.1166 0.1228 6.15
vn 0.3129 -0.9497 0.008246
vn 0.9187 0.3048 0.2513
vn 0.947 0.3113 -0.07927
vn 0.9256 0.3029 -0.2271
vn 0.3129 -0.9497 0.008246
vn 0.9187 0.3048 0.2513
vn 0.3129 -0.9497 0.008246
vn 0.9256 0.303 -0.2271
vn 0.9187 0.3048 0.2513
vn 0.9256 0.3029 -0.2271
vn -0.1178 0.9921 0.04348
vn 0.9187 0.3048 0.2513
vn 0.9256 0.303 -0.2271
vn -0.1178 0.9921 0.04348
vn 0.9256 0.3029 -0.2271
vn 0.947 0.3113 -0.07926
vn 0.9187 0.3048 0.2513
vn -0.1178 0.9921 0.04348
vn 0.947 0.3113 -0.07926
vn 0.9906 -0.03811 -0.1315
vn -0.9889 0.03864 0.1438
vn -0.9803 -0.1603 0.1155
vn -0.9406 -0.3087 0.1415
vn 0.947 0.3113 -0.07927
vn 0.9906 -0.03811 -0.1315
vn 0.947 0.3113 -0.07926
vn -0.9889 0.03864 0.1438
vn 0.9906 -0.03811 -0.1315
vn -0.9803 -0.1603 0.1155
vn -0.9889 0.03864 0.1438
vn -0.8842 -0.4519 0.118
vn -0.9406 -0.3087 0.1415
vn -0.9803 -0.1603 0.1155
vn 0.947 0.3113 -0.07927
vn -0.9406 -0.3087 0.1415
vn -0.8842 -0.4519 0.118
vn -0.8045 -0.5768 0.142
vn 0.806 0.5775 -0.1298
vn -0.8045 -0.5768 0.142
vn -0.8842 -0.4519 0.118
vn 0.806 0.5775 -0.1298
vn -0.8045 -0.5768 0.142
vn 0.947 0.3113 -0.07926
vn 0.806 0.5775 -0.1298
vn 0.4947 -0.867 0.05962
vn 0.9256 0.303 -0.2271
vn 0.947 0.3113 -0.07926
vn 0.947 0.3113 -0.07927
vn 0.9255 0.303 -0.2271
vn 0.9255 0.303 -0.2271
vn -0.3129 0.9497 -0.008244
vn 0.9187 0.3048 0.2513
vn 0.947 0.3113 -0.07927
vn 0.9255 0.303 -0.2271
vn -0.3129 0.9497 -0.008244
vn 0.9187 0.3048 0.2513
vn -0.3129 0.9497 -0.008244
vn 0.9256 0.303 -0.2271
vn 0.9187 0.3048 0.2513
vn 0.4947 -0.867 0.05962
vn 0.4947 -0.867 0.05962
vn 0.9187 0.3049 0.2513
f 223//504 224//508 225//510
f 225//511 224//507 226//516
f 227//518 226//513 224//507
f 227//517 228//521 226//514
f 226//515 228//520 225//512
f 223//505 225//509 228//520
f 224//506 227//519 229//522
f 230//529 229//522 227//519
f 230//528 231//531 229//523
f 231//530 232//533 229//524
f 232//532 233//536 229//525
f 229//526 233//535 234//538
f 233//534 235//543 234//539
f 235//542 236//545 234//540
f 236//544 237//547 234//541
f 234//537 237//546 229//527
f 237//546 238//550 229//527
f 238//550 239//551 229//527
f 238//549 239//552 240//553
f 241//557 240//553 239//552
f 241//558 242//560 240//554
f 240//555 242//559 243//562
f 244//565 243//562 242//559
f 244//564 238//548 243//563
f 243//561 238//549 240//553
f 239//551 241//556 229//527
f 241//556 224//506 229//522
o Mesh75
v 0.1387 0.5414 6.191
v 0.1097 0.5967 5.753
v 0.1889 0.6091 6.195
v 0.1468 0.6239 5.753
v 0.1866 0.6531 5.754
v 0.1999 0.6628 5.754
v 0.2983 0.6893 6.197
v 0.2101 0.7052 5.754
v 0.1046 0.5989 5.753
v 0.3432 0.7739 5.757
v 0.3681 0.7095 6.195
v 0.3438 0.7683 5.757
v 0.3067 0.7411 5.756
v 0.2536 0.7022 5.755
v 0.2888 0.6478 6.028
v 0.3199 0.6706 6.028
v 0.2999 0.695 6.152
v 0.2688 0.6722 6.151
v 0.204 0.5856 6.026
v 0.2351 0.6084 6.027
v 0.215 0.6328 6.15
v 0.184 0.61 6.15
vn 0.8004 -0.5859 -0.127
vn -0.7994 0.5844 0.1392
vn 0.5901 -0.803 -0.08325
vn 0.8004 -0.5859 -0.127
vn -0.7994 0.5844 0.1392
vn 0.8004 -0.5859 -0.127
vn 0.5901 -0.803 -0.08325
vn -0.5866 0.7967 0.1455
vn -0.705 0.6992 0.1185
vn -0.6723 -0.7393 0.0372
vn 0.5778 -0.7828 -0.2309
vn 0.5901 -0.803 -0.08325
vn 0.5901 -0.803 -0.08325
vn 0.5778 -0.7828 -0.2309
vn 0.5901 -0.803 -0.08325
vn 0.5778 -0.7828 -0.2309
vn 0.8064 0.5912 0.01385
vn -0.5866 0.7967 0.1455
vn 0.5901 -0.803 -0.08325
vn 0.2721 -0.9516 -0.1429
vn -0.2713 0.9499 0.1551
vn -0.4573 0.8808 0.1228
vn -0.705 0.6992 0.1185
vn -0.5866 0.7967 0.1455
vn -0.4573 0.8808 0.1228
vn -0.7994 0.5844 0.1392
vn -0.705 0.6992 0.1185
vn -0.4573 0.8808 0.1228
vn -0.2713 0.9499 0.1551
vn -0.2713 0.9499 0.1551
vn 0.2721 -0.9516 -0.1429
vn 0.2721 -0.9516 -0.1429
vn 0.5901 -0.803 -0.08325
vn 0.5901 -0.803 -0.08325
vn 0.5778 -0.7828 -0.231
vn 0.9062 0.4179 0.06431
vn -0.8064 -0.5912 -0.01385
vn 0.5778 -0.7828 -0.231
vn 0.5901 -0.803 -0.08325
vn 0.5778 -0.7828 -0.2309
vn 0.5701 -0.7835 0.2474
vn -0.8064 -0.5912 -0.01385
vn 0.5778 -0.7828 -0.231
vn 0.9062 0.4179 0.06431
vn 0.5701 -0.7835 0.2474
vn 0.5778 -0.7828 -0.2309
vn 0.5701 -0.7835 0.2474
vn 0.9062 0.4179 0.06431
vn -0.8064 -0.5912 -0.01385
vn 0.5701 -0.7835 0.2474
vn 0.5778 -0.7828 -0.2309
vn 0.5701 -0.7835 0.2474
vn -0.6723 -0.7393 0.0372
vn 0.8064 0.5912 0.01385
vn 0.5701 -0.7835 0.2474
vn 0.5778 -0.7828 -0.231
vn 0.5701 -0.7835 0.2474
vn 0.8064 0.5912 0.01385
vn -0.6723 -0.7393 0.0372
vn 0.5701 -0.7835 0.2474
f 245//566 246//569 247//571
f 246//568 248//577 247//572
f 249//578 247//572 248//577
f 250//580 247//572 249//578
f 251//584 247//572 250//580
f 252//589 247//573 251//583
f 252//588 253//592 247//574
f 253//591 245//567 247//570
f 252//590 251//587 254//593
f 254//594 251//586 255//595
f 251//585 256//597 255//596
f 256//598 251//584 257//599
f 257//599 251//584 258//604
f 258//604 251//584 250//580
f 258//603 257//600 259//608
f 260//611 259//605 257//600
f 260//610 261//612 259//606
f 260//609 257//601 261//613
f 262//615 259//606 261//612
f 258//602 259//607 262//614
f 250//581 263//616 249//579
f 264//621 263//616 250//581
f 264//620 265//622 263//617
f 264//619 250//582 265//623
f 266//625 263//617 265//622
f 266//624 248//575 263//618
f 248//576 249//579 263//616
o Mesh74
v -0.7016 0.6664 6.033
v -0.7243 0.7369 5.761
v -0.7173 0.6908 6.157
v -0.7327 0.6436 6.033
v -0.7483 0.6681 6.157
v -0.7774 0.698 5.762
v -0.7642 0.7076 5.762
v -0.7173 0.6851 6.202
v -0.6872 0.7641 5.76
v -0.6377 0.7127 6.197
v -0.6878 0.7696 5.761
v -0.8209 0.701 5.762
v -0.8267 0.6049 6.204
v -0.9264 0.5947 5.765
v -0.867 0.5445 6.201
v -0.9213 0.5924 5.765
v -0.8842 0.6197 5.764
v -0.8311 0.6586 5.763
v -0.8175 0.5814 6.035
v -0.7864 0.6042 6.034
v -0.8021 0.6286 6.158
v -0.8332 0.6059 6.159
vn 0.5693 -0.7829 -0.2509
vn 0.908 0.4178 0.03249
vn 0.5783 -0.7835 0.2274
vn 0.908 0.4178 0.03249
vn 0.5693 -0.7829 -0.2509
vn 0.5868 -0.8031 -0.1037
vn 0.5783 -0.7835 0.2274
vn 0.908 0.4178 0.03249
vn 0.5783 -0.7835 0.2274
vn -0.8065 -0.5911 0.01448
vn 0.5693 -0.7829 -0.2509
vn -0.8065 -0.5911 0.01448
vn 0.5783 -0.7835 0.2274
vn 0.5867 -0.8031 -0.1037
vn 0.5693 -0.783 -0.2509
vn -0.8065 -0.5911 0.01448
vn 0.5693 -0.7829 -0.2509
vn 0.5867 -0.8031 -0.1037
vn 0.5693 -0.783 -0.2509
vn 0.5868 -0.8031 -0.1037
vn 0.3158 -0.9375 -0.1462
vn -0.3146 0.9359 0.1584
vn -0.4527 0.8808 0.1385
vn -0.581 0.7968 0.1657
vn 0.5867 -0.8031 -0.1037
vn 0.3158 -0.9375 -0.1462
vn 0.5868 -0.8031 -0.1037
vn -0.3146 0.9359 0.1584
vn 0.3158 -0.9375 -0.1462
vn -0.4527 0.8808 0.1385
vn -0.3146 0.9359 0.1584
vn -0.7004 0.6993 0.143
vn -0.581 0.7968 0.1657
vn -0.4527 0.8808 0.1385
vn 0.5868 -0.8031 -0.1037
vn -0.581 0.7968 0.1657
vn -0.7004 0.6993 0.143
vn -0.822 0.5422 0.1743
vn 0.8235 -0.5437 -0.1621
vn 0.5868 -0.8031 -0.1037
vn -0.822 0.5422 0.1743
vn -0.7004 0.6993 0.143
vn 0.8235 -0.5437 -0.1621
vn -0.822 0.5422 0.1743
vn 0.5868 -0.8031 -0.1037
vn 0.8235 -0.5437 -0.1621
vn -0.6707 -0.7393 0.06084
vn 0.5693 -0.7829 -0.2509
vn 0.5868 -0.8031 -0.1037
vn 0.5868 -0.8031 -0.1037
vn 0.5693 -0.7829 -0.2509
vn 0.8065 0.5911 -0.01448
vn -0.6707 -0.7393 0.06084
vn 0.5693 -0.7829 -0.2509
vn 0.5783 -0.7835 0.2274
vn 0.8065 0.5911 -0.01448
vn 0.5783 -0.7835 0.2274
vn 0.5693 -0.7829 -0.2509
vn 0.5783 -0.7835 0.2274
vn 0.8065 0.5911 -0.01448
vn -0.6707 -0.7393 0.06084
vn 0.5783 -0.7835 0.2274
f 267//627 268//629 269//633
f 267//626 270//636 268//630
f 267//628 269//632 270//634
f 271//638 270//634 269//632
f 272//641 270//635 271//637
f 272//640 273//644 270//636
f 273//643 274//650 272//639
f 268//631 274//650 273//643
f 275//652 274//645 268//631
f 274//646 275//651 276//654
f 277//656 274//647 276//653
f 278//659 274//648 277//655
f 278//658 279//661 274//649
f 278//657 280//667 279//662
f 280//666 281//669 279//663
f 281//668 282//671 279//664
f 282//670 283//674 279//665
f 284//675 279//665 283//674
f 272//639 279//665 284//675
f 274//650 279//660 272//639
f 283//673 284//676 285//679
f 286//683 285//679 284//676
f 286//682 287//684 285//680
f 286//681 284//677 287//685
f 288//687 285//680 287//684
f 288//686 283//672 285//678
f 268//630 270//636 273//642
o Mesh73
v 0.8647 0.05969 5.813
v 0.9461 0.314 5.813
v 0.8011 0.1074 5.775
v 0.8668 0.3123 5.776
vn -0.4251 0.133 0.8953
vn -0.4251 0.133 0.8953
vn -0.4251 0.133 0.8953
vn -0.4251 0.133 0.8953
f 289//688 290//689 291//690
f 292//691 291//690 290//689
o Mesh72
v -0.2412 0.5426 5.762
v -0.1753 0.589 5.797
v -0.4158 0.6684 5.765
v -0.392 0.7451 5.8
vn -0.236 -0.3453 0.9083
vn -0.236 -0.3453 0.9083
vn -0.236 -0.3453 0.9083
vn -0.236 -0.3453 0.9083
f 293//692 294//693 295//694
f 296//695 295//694 294//693
o Mesh71
v -0.4939 0.6315 5.781
v -0.5839 0.6312 5.783
v -0.494 0.745 5.801
v -0.5216 0.6027 5.951
v -0.5505 0.6026 5.951
v -0.584 0.7447 5.802
vn 0.9872 -0.0254 0.1574
vn -0.9814 -0.03347 0.1888
vn 0.008031 0.7244 0.6893
vn 0.9872 -0.0254 0.1574
vn 0.9872 -0.0254 0.1574
vn 0.008009 0.7244 0.6893
vn 0.008031 0.7244 0.6893
vn -0.9814 -0.03347 0.1888
vn -0.9814 -0.03347 0.1888
vn 0.008053 0.7244 0.6893
f 297//696 299//699 300//700
f 300//701 299//698 301//702
f 302//705 301//702 299//698
f 302//704 298//697 301//703
o Mesh70
v -0.1654 0.4369 6.025
v -0.1172 0.394 6.027
v -0.1521 0.4999 6.027
vn -0.05693 -0.02138 0.9981
vn -0.05693 -0.02138 0.9981
vn -0.05693 -0.02138 0.9981
f 303//706 304//707 305//708
o Mesh69
v -0.307 0.6301 6.027
v -0.2429 0.6238 6.028
v -0.3333 0.689 6.03
vn -0.02891 -0.05958 0.9978
vn -0.02891 -0.05958 0.9978
vn -0.02891 -0.05958 0.9978
f 306//709 307//710 308//711
o Mesh68
v -0.6468 0.6726 5.768
v -0.4317 0.6735 5.765
v -0.6725 0.7484 5.804
v -0.4055 0.7495 5.8
vn 0.0162 -0.4261 0.9045
vn 0.0162 -0.4261 0.9045
vn 0.0162 -0.4261 0.9045
vn 0.01619 -0.4261 0.9045
f 309//712 310//713 311//714
f 312//715 311//714 310//713
o Mesh67
v -0.591 0.7354 6.034
v -0.5352 0.7032 6.03
v -0.4796 0.7358 6.032
vn 0.01622 -0.07403 0.9971
vn 0.01622 -0.07403 0.9971
vn 0.01622 -0.07403 0.9971
f 313//716 314//717 315//718
o Mesh66
v -0.3161 0.5454 5.779
v -0.3891 0.598 5.78
v -0.2495 0.6375 5.797
v -0.3552 0.54 5.948
v -0.3787 0.557 5.948
v -0.3225 0.6901 5.798
vn 0.784 -0.5992 0.1621
vn -0.8134 0.5516 0.1846
vn 0.4333 0.5881 0.6829
vn 0.784 -0.5992 0.1621
vn 0.784 -0.5992 0.1621
vn 0.4333 0.5882 0.6829
vn 0.4333 0.5881 0.6829
vn -0.8134 0.5516 0.1846
vn -0.8134 0.5516 0.1846
vn 0.4333 0.5881 0.6829
f 316//719 318//722 319//723
f 319//724 318//721 320//725
f 321//728 320//725 318//721
f 321//727 317//720 320//726
o Mesh65
v 0.9461 0.3282 5.813
v 0.8625 0.5818 5.811
v 0.8667 0.3291 5.776
v 0.7994 0.5334 5.774
vn -0.424 -0.1319 0.896
vn -0.424 -0.1319 0.896
vn -0.424 -0.1319 0.896
vn -0.424 -0.1319 0.896
f 322//729 323//730 324//731
f 325//732 324//731 323//730
o Mesh64
v -0.08334 0.3239 5.796
v -0.1669 0.5775 5.797
v -0.164 0.3248 5.761
v -0.2313 0.5291 5.762
vn -0.3925 -0.1317 0.9103
vn -0.3925 -0.1317 0.9103
vn -0.3925 -0.1317 0.9103
vn -0.3925 -0.1317 0.9103
f 326//733 327//734 328//735
f 329//736 328//735 327//734
o Mesh63
v -0.6689 -0.1196 5.807
v -0.4019 -0.1185 5.802
v -0.6439 -0.04379 5.77
v -0.4288 -0.04291 5.767
vn 0.01265 0.4309 0.9023
vn 0.01265 0.4309 0.9023
vn 0.01265 0.4309 0.9023
vn 0.01265 0.4309 0.9023
f 330//737 331//738 332//739
f 333//740 332//739 331//738
o Mesh62
v -0.9912 0.3202 5.811
v -0.9117 0.3217 5.773
v -0.9097 0.5745 5.809
v -0.8461 0.5266 5.772
vn 0.4225 -0.1284 0.8973
vn 0.4225 -0.1284 0.8972
vn 0.4225 -0.1284 0.8972
vn 0.4225 -0.1284 0.8972
f 334//741 335//742 336//743
f 337//744 336//743 335//742
o Mesh61
v -5.38 0.07367 4.717
v -5.218 0.07434 4.717
v -5.38 0.07761 4.599
v -5.277 0.05767 4.821
v -5.38 0.05724 4.821
v -5.277 0.03961 4.823
v -5.38 0.03919 4.823
v -5.38 0.003458 4.723
v -5.38 -0.02238 4.609
v -5.378 -0.05976 4.213
v -5.379 0.04022 4.204
v -5.373 -0.228 2.432
v -5.374 -0.128 2.423
v -5.373 -0.2415 2.196
v -5.373 -0.159 2.188
v -5.206 -0.1273 2.423
v -5.272 -0.04534 3.293
v -5.264 0.007106 3.848
v -5.18 0.07843 4.6
v -5.134 0.05505 4.602
v -5.183 0.05617 4.719
v -5.183 0.02259 4.722
v -5.218 0.00413 4.723
v -5.179 -0.02155 4.609
v -5.134 0.002211 4.607
v -5.118 -0.01012 4.476
v -5.163 -0.03388 4.478
v -5.188 -0.05742 4.23
v -5.264 -0.09288 3.858
v -5.272 -0.1453 3.303
v -5.226 -0.1214 3.301
v -5.212 -0.1802 2.931
v -5.206 -0.2273 2.433
v -5.25 -0.241 2.196
v -5.2 -0.1995 2.192
v -5.271 -0.2113 2.071
v -5.311 -0.2398 2.073
v -5.373 -0.219 1.993
v -5.373 -0.2401 2.073
v -5.373 -0.1834 2.068
v -5.25 -0.1585 2.188
v -5.157 -0.1771 2.428
v -5.197 -0.1026 2.684
v -5.213 -0.08022 2.922
v -5.227 -0.06888 3.296
v -5.219 -0.01643 3.851
v -5.218 -0.06897 3.856
v -5.145 -0.03366 4.228
v -5.145 0.01917 4.223
v -5.188 0.04257 4.22
v -5.163 0.06611 4.468
v -5.119 0.04272 4.471
v -5.167 -0.1564 2.929
v -5.197 -0.2026 2.694
v -5.15 -0.1524 2.689
v -5.168 -0.1036 2.924
v -5.311 -0.1831 2.068
vn -0.004321 0.9879 0.155
vn -0.00419 0.9994 0.03355
vn -1 -0.004143 -0.001474
vn -0.004316 0.9879 0.155
vn -0.004321 0.9879 0.155
vn 0.4129 0.8336 0.3669
vn 0.4452 0.8776 0.1781
vn 0.4397 0.8812 0.1735
vn -0.004189 0.9994 0.03355
vn -1 -0.004136 -0.00148
vn -0.004189 0.9994 0.03355
vn -0.003983 0.9956 -0.09406
vn -1 -0.004238 -0.002557
vn -0.004316 0.9879 0.155
vn -0.001844 0.09411 0.9956
vn 0.7354 0.06665 0.6743
vn 0.4129 0.8336 0.3669
vn -0.004321 0.9879 0.155
vn -1 -0.004149 -0.001469
vn -0.001863 0.094 0.9956
vn -0.004316 0.9879 0.155
vn 0.7354 0.06666 0.6743
vn -0.001863 0.094 0.9956
vn 0.0034 -0.9414 0.3373
vn 0.4192 -0.7469 0.5162
vn -1 -0.004152 -0.001468
vn 0.003396 -0.9414 0.3373
vn -0.001881 0.0939 0.9956
vn -1 -0.004146 -0.001471
vn 0.003718 -0.9755 0.2201
vn 0.0034 -0.9414 0.3373
vn -1 -0.004149 -0.001469
vn -1 -0.004136 -0.00148
vn -1 -0.004238 -0.002557
vn 0.003983 -0.9956 0.09406
vn 0.003716 -0.9755 0.2201
vn -1 -0.004146 -0.001471
vn -1 -0.004238 -0.002557
vn -1 -0.004238 -0.002556
vn 0.003986 -0.9956 0.09406
vn -1 -0.004238 -0.002557
vn -0.003986 0.9956 -0.09406
vn -1 -0.004238 -0.002556
vn -1 -0.004238 -0.002557
vn 0.00399 -0.9956 0.09406
vn -1 -0.004238 -0.002556
vn -1 -0.004136 -0.001482
vn 0.004049 -0.9984 0.05711
vn 0.003983 -0.9956 0.09406
vn -0.00399 0.9956 -0.09406
vn -0.003914 0.9914 -0.1309
vn -1 -0.004137 -0.001482
vn -1 -0.004238 -0.002556
vn 0.004049 -0.9984 0.05711
vn -1 -0.004137 -0.001478
vn 0.004152 -0.9999 -0.01157
vn 0.004044 -0.9984 0.05711
vn -0.003914 0.9914 -0.1309
vn -0.003767 0.9801 -0.1986
vn -1 -0.004139 -0.001473
vn -0.003983 0.9956 -0.09406
vn 0.717 0.6913 -0.08963
vn 0.7113 0.6758 -0.1933
vn 0.6274 0.7476 -0.2179
vn -0.003914 0.9914 -0.1309
vn -0.003995 0.9956 -0.09406
vn 0.4591 0.8838 -0.09009
vn 0.4578 0.889 -0.01012
vn -0.003976 0.9956 -0.09406
vn -0.003989 0.9956 -0.09406
vn 0.4573 0.8717 -0.1765
vn 0.4591 0.8838 -0.09009
vn -0.003992 0.9956 -0.09406
vn 0.4397 0.8812 0.1735
vn 0.4545 0.8902 -0.03086
vn 0.4652 0.8849 -0.02433
vn -0.003999 0.9956 -0.09406
vn -0.004187 0.9994 0.03355
vn 0.4452 0.8776 0.1781
vn 0.9217 0.04016 0.3857
vn 0.9934 0.01478 0.1141
vn 0.4545 0.8902 -0.03086
vn 0.4397 0.8812 0.1735
vn 0.4129 0.8336 0.3669
vn 0.7354 0.06665 0.6743
vn 0.9217 0.04015 0.3857
vn 0.4452 0.8776 0.1781
vn 0.7354 0.06666 0.6743
vn 0.4192 -0.7469 0.5162
vn 0.452 -0.8251 0.339
vn 0.9217 0.04013 0.3857
vn 0.7354 0.06665 0.6743
vn 0.003405 -0.9414 0.3373
vn 0.003716 -0.9755 0.2201
vn 0.4466 -0.8296 0.3351
vn 0.452 -0.8251 0.339
vn 0.4192 -0.7469 0.5162
vn 0.003983 -0.9956 0.09406
vn 0.4721 -0.8701 0.1415
vn 0.4616 -0.8766 0.1361
vn 0.4466 -0.8296 0.3351
vn 0.003713 -0.9755 0.2201
vn 0.9217 0.04015 0.3857
vn 0.452 -0.8251 0.339
vn 0.4466 -0.8296 0.3351
vn 0.4616 -0.8766 0.1361
vn 0.9934 0.01478 0.1141
vn 0.9934 0.01478 0.1141
vn 0.4616 -0.8766 0.1361
vn 0.4721 -0.8701 0.1415
vn 0.4726 -0.8807 0.03324
vn 0.9944 -0.005986 -0.1054
vn 0.9934 0.01477 0.1141
vn 0.003998 -0.9956 0.09406
vn 0.4838 -0.8745 0.03405
vn 0.4726 -0.8807 0.03324
vn 0.4721 -0.8701 0.1415
vn 0.003964 -0.9956 0.09406
vn 0.4643 -0.8856 -0.01043
vn 0.4823 -0.8759 -0.0122
vn 0.4838 -0.8745 0.03405
vn 0.003998 -0.9956 0.09406
vn 0.003987 -0.9956 0.09406
vn 0.4662 -0.8814 0.07668
vn 0.4643 -0.8856 -0.01043
vn 0.003975 -0.9956 0.09406
vn 0.003969 -0.9956 0.09406
vn 0.4648 -0.8715 0.1562
vn 0.4662 -0.8814 0.07668
vn 0.003984 -0.9956 0.09406
vn 0.4662 -0.8814 0.07668
vn 0.4648 -0.8715 0.1562
vn 0.4666 -0.8706 0.1561
vn 0.9877 0.01861 0.1551
vn 0.9999 0.002633 -0.01449
vn 0.003995 -0.9956 0.09406
vn 0.4677 -0.8766 0.1132
vn 0.4666 -0.8706 0.1561
vn 0.4648 -0.8715 0.1562
vn 0.004046 -0.9984 0.05711
vn 0.6335 -0.7701 -0.07452
vn 0.7168 -0.6944 -0.06385
vn 0.7225 -0.6902 0.04089
vn 0.003991 -0.9956 0.09406
vn 0.004155 -0.9999 -0.01157
vn 0.5509 -0.7866 -0.2788
vn 0.6007 -0.7494 -0.2784
vn 0.6335 -0.7701 -0.07452
vn 0.004044 -0.9984 0.05711
vn 0.7113 0.6758 -0.1933
vn 0.7168 -0.6944 -0.06385
vn 0.6335 -0.7701 -0.07452
vn 0.6007 -0.7494 -0.2784
vn 0.595 0.6888 -0.4142
vn 0.6274 0.7476 -0.2179
vn 0.5509 -0.7866 -0.2788
vn 0.4684 -0.6969 -0.543
vn 0.4633 0.5866 -0.6643
vn 0.5449 0.7248 -0.4216
vn 0.595 0.6888 -0.4142
vn 0.6007 -0.7494 -0.2784
vn 0.004158 -0.9999 -0.01158
vn 0.004373 -0.9671 -0.2542
vn 0.4684 -0.6969 -0.543
vn 0.5509 -0.7866 -0.2788
vn 0.4633 0.5866 -0.6643
vn 0.4684 -0.6969 -0.543
vn 0.004373 -0.9671 -0.2542
vn -1 -0.004141 -0.001481
vn -0.003136 0.9024 -0.4308
vn 0.004152 -0.9999 -0.01157
vn -1 -0.004139 -0.001473
vn 0.004373 -0.9671 -0.2542
vn 0.004158 -0.9999 -0.01158
vn -0.003781 0.9801 -0.1986
vn -0.003136 0.9024 -0.4308
vn -1 -0.00414 -0.001475
vn -0.003914 0.9914 -0.1309
vn 0.6274 0.7476 -0.2179
vn 0.595 0.6888 -0.4142
vn 0.5449 0.7248 -0.4216
vn -0.003781 0.9801 -0.1986
vn 0.717 0.6913 -0.08963
vn 0.7288 0.6795 -0.08434
vn 0.7343 -0.6775 0.04386
vn 0.7225 -0.6902 0.04089
vn 0.7168 -0.6944 -0.06385
vn 0.7113 0.6758 -0.1933
vn -0.003996 0.9956 -0.09406
vn 0.4606 0.886 -0.05333
vn 0.7288 0.6791 -0.08736
vn 0.7288 0.6795 -0.08434
vn 0.717 0.6913 -0.08963
vn -0.003967 0.9956 -0.09406
vn 0.4578 0.889 -0.01012
vn 0.4595 0.8881 -0.01003
vn 0.4606 0.886 -0.05333
vn -0.003996 0.9956 -0.09406
vn 0.4591 0.8838 -0.09009
vn 0.9999 0.002642 -0.01449
vn 0.9877 0.01861 0.1551
vn 0.4595 0.8881 -0.01003
vn 0.4578 0.889 -0.01012
vn 0.4573 0.8717 -0.1765
vn 0.4753 0.8619 -0.1764
vn 0.9812 -0.01427 -0.1925
vn 0.9999 0.002633 -0.01449
vn 0.4591 0.8838 -0.09009
vn 0.4823 -0.8759 -0.0122
vn 0.4643 -0.8856 -0.01043
vn 0.4662 -0.8814 0.07668
vn 0.9999 0.002624 -0.01449
vn 0.9812 -0.01427 -0.1925
vn 0.4726 -0.8807 0.03324
vn 0.4838 -0.8745 0.03405
vn 0.4823 -0.8759 -0.0122
vn 0.9812 -0.01427 -0.1925
vn 0.9944 -0.005987 -0.1054
vn 0.4753 0.8619 -0.1764
vn 0.4768 0.8692 -0.1307
vn 0.4655 0.875 -0.1327
vn 0.9944 -0.005989 -0.1054
vn 0.9812 -0.01427 -0.1925
vn -0.004014 0.9956 -0.09406
vn 0.4768 0.8692 -0.1307
vn 0.4753 0.8619 -0.1764
vn 0.4573 0.8717 -0.1765
vn 0.4652 0.8849 -0.02433
vn 0.4655 0.875 -0.1327
vn 0.4768 0.8692 -0.1307
vn -0.004036 0.9956 -0.09406
vn 0.4545 0.8902 -0.03086
vn 0.9934 0.01477 0.1141
vn 0.9944 -0.005987 -0.1054
vn 0.4655 0.875 -0.1327
vn 0.4652 0.8849 -0.02433
vn 0.4666 -0.8706 0.1561
vn 0.4677 -0.8766 0.1132
vn 0.7342 -0.6777 0.04084
vn 0.9974 0.01072 0.07109
vn 0.9877 0.01861 0.1551
vn 0.004034 -0.9956 0.09406
vn 0.7225 -0.6902 0.04089
vn 0.7343 -0.6775 0.04386
vn 0.7342 -0.6777 0.04084
vn 0.4677 -0.8766 0.1132
vn 0.7288 0.6795 -0.08434
vn 0.7288 0.6791 -0.08736
vn 0.9974 0.01072 0.07109
vn 0.7342 -0.6777 0.04084
vn 0.7343 -0.6775 0.04386
vn 0.4606 0.886 -0.05333
vn 0.4595 0.8881 -0.01003
vn 0.9877 0.01862 0.1551
vn 0.9974 0.01072 0.07109
vn 0.7288 0.6791 -0.08736
vn 0.4633 0.5866 -0.6643
vn -0.003136 0.9024 -0.4308
vn -0.003795 0.9801 -0.1986
vn 0.5449 0.7248 -0.4216
f 338//746 339//753 340//755
f 339//749 338//745 341//762
f 342//765 341//758 338//748
f 341//759 342//764 343//767
f 344//772 343//767 342//764
f 344//771 345//775 343//768
f 344//770 342//763 345//776
f 342//763 338//747 345//776
f 345//773 338//747 346//781
f 340//754 346//777 338//747
f 346//778 340//757 347//785
f 348//788 347//782 340//757
f 347//783 348//787 349//790
f 350//797 349//790 348//787
f 349//791 350//796 351//799
f 350//796 352//804 351//799
f 350//795 353//809 352//802
f 350//794 354//813 353//805
f 354//810 350//794 355//817
f 350//794 348//786 355//817
f 355//814 348//786 356//821
f 340//756 356//821 348//786
f 356//822 340//755 339//753
f 356//818 339//752 357//827
f 339//751 358//831 357//823
f 339//750 341//761 358//828
f 358//829 341//760 359//836
f 343//766 359//832 341//760
f 343//769 360//841 359//833
f 360//837 343//768 345//775
f 345//774 346//780 360//838
f 361//846 360//838 346//780
f 360//839 361//845 362//849
f 362//850 361//844 363//853
f 361//843 364//861 363//854
f 364//858 361//842 365//866
f 365//862 361//842 366//870
f 366//870 361//842 347//784
f 346//779 347//784 361//842
f 349//789 366//867 347//784
f 367//874 366//867 349//793
f 367//873 368//875 366//868
f 368//876 367//872 369//883
f 369//880 367//871 370//888
f 349//793 370//888 367//871
f 349//792 351//798 370//884
f 371//893 370//884 351//801
f 370//885 371//892 372//896
f 371//891 373//905 372//897
f 374//909 373//900 371//890
f 374//908 375//911 373//901
f 376//917 375//912 374//907
f 375//913 376//916 377//921
f 352//804 377//921 376//916
f 352//803 378//926 377//919
f 378//922 352//802 353//809
f 378//923 353//808 372//899
f 372//894 353//807 379//932
f 379//927 353//806 380//937
f 380//933 353//805 381//942
f 381//938 353//805 354//813
f 354//812 382//947 381//939
f 354//811 355//816 382//943
f 383//952 382//943 355//816
f 382//944 383//951 368//879
f 384//956 368//879 383//951
f 384//955 366//868 368//875
f 366//869 384//954 365//863
f 365//864 384//953 385//960
f 385//961 384//957 386//967
f 383//950 386//967 384//957
f 383//949 387//970 386//963
f 383//948 355//815 387//971
f 387//968 355//814 356//821
f 388//975 387//968 356//821
f 387//969 388//974 386//964
f 386//965 388//973 389//979
f 388//972 356//820 389//980
f 356//819 357//826 389//976
f 389//977 357//825 363//857
f 362//851 363//852 357//825
f 357//824 358//830 362//847
f 359//835 362//847 358//830
f 359//834 360//840 362//848
f 363//856 385//962 389//978
f 364//860 385//958 363//855
f 364//859 365//865 385//959
f 386//966 389//978 385//962
f 368//878 390//985 382//945
f 368//877 369//882 390//981
f 369//881 391//990 390//982
f 391//986 369//880 370//888
f 370//887 379//930 391//987
f 372//895 379//931 370//886
f 379//929 392//995 391//988
f 379//928 380//936 392//991
f 392//992 380//935 393//1000
f 380//934 381//941 393//996
f 381//940 382//946 393//997
f 393//998 382//945 390//985
f 392//993 393//999 390//984
f 391//989 392//994 390//983
f 373//904 378//924 372//898
f 373//903 394//1004 378//925
f 373//902 375//910 394//1001
f 375//914 377//920 394//1002
f 394//1003 377//919 378//926
f 351//799 352//804 376//916
f 351//800 376//915 371//889
f 374//906 371//889 376//918
o Mesh60
v -5.241 -0.2166 2.548
v -5.242 -0.2054 2.666
v -5.241 -0.2496 2.564
v -5.241 -0.2412 2.654
v -5.281 -0.2661 2.637
v -5.281 -0.2355 2.715
v -5.32 -0.2415 2.654
v -5.281 -0.1995 2.73
v -5.32 -0.2057 2.666
v -5.32 -0.2499 2.564
v -5.32 -0.2169 2.548
v -5.281 -0.2525 2.539
v -5.281 -0.2718 2.578
v -5.281 -0.2191 2.523
vn 1 0.004143 0.001466
vn 0.5252 -0.3776 -0.7626
vn 0.5194 -0.3691 -0.7707
vn 0.8293 -0.1726 0.5315
vn 1 0.004128 0.001473
vn 0.5252 -0.3776 -0.7626
vn 1 0.004128 0.001473
vn 0.5083 -0.8574 0.08044
vn 0.5122 -0.8548 0.08316
vn 0.3337 -0.8466 -0.4147
vn 0.8293 -0.1726 0.5315
vn 0.8105 -0.2148 0.545
vn 0.3927 -0.8567 0.3346
vn 0.5083 -0.8574 0.08044
vn 1 0.004112 0.00148
vn 0.5122 -0.8548 0.08316
vn 0.5083 -0.8574 0.08044
vn 0.3927 -0.8567 0.3346
vn -0.3865 -0.8599 0.3334
vn -0.5014 -0.8616 0.07895
vn -0.5054 -0.859 0.08168
vn 0.8105 -0.2148 0.545
vn -0.8102 -0.2216 0.5426
vn -0.3865 -0.8599 0.3334
vn 0.3927 -0.8567 0.3346
vn -0.5014 -0.8616 0.07895
vn -0.3865 -0.8599 0.3334
vn -0.8102 -0.2216 0.5426
vn -0.8294 -0.1794 0.529
vn -1 -0.004139 -0.001477
vn -0.8294 -0.1794 0.529
vn -0.8102 -0.2216 0.5426
vn 0.8105 -0.2148 0.545
vn 0.8293 -0.1726 0.5315
vn -1 -0.004155 -0.00147
vn -0.8294 -0.1794 0.529
vn -0.5014 -0.8616 0.07895
vn -1 -0.004155 -0.00147
vn -0.5198 -0.3819 -0.7642
vn -0.3254 -0.8493 -0.4156
vn -0.5054 -0.859 0.08168
vn -0.514 -0.3734 -0.7722
vn -0.5198 -0.3819 -0.7642
vn -1 -0.004171 -0.001463
vn 0.5194 -0.3691 -0.7707
vn 0.5252 -0.3776 -0.7626
vn 0.3337 -0.8466 -0.4147
vn -0.3254 -0.8493 -0.4156
vn -0.5198 -0.3819 -0.7642
vn -0.514 -0.3734 -0.7722
vn 0.5122 -0.8548 0.08316
vn -0.5054 -0.859 0.08168
vn -0.3254 -0.8493 -0.4156
vn 0.3337 -0.8466 -0.4147
vn 0.5194 -0.3691 -0.7707
vn -0.514 -0.3734 -0.7722
f 395//1005 396//1009 397//1011
f 398//1019 397//1011 396//1009
f 398//1018 399//1021 397//1012
f 400//1029 399//1022 398//1017
f 400//1028 401//1031 399//1023
f 401//1032 400//1027 402//1036
f 400//1026 398//1016 402//1037
f 398//1015 396//1008 402//1038
f 403//1040 401//1033 402//1035
f 401//1034 403//1039 404//1042
f 405//1048 404//1042 403//1039
f 406//1053 404//1043 405//1047
f 404//1044 406//1052 407//1057
f 407//1058 406//1051 397//1014
f 397//1010 406//1050 395//1006
f 406//1049 408//1059 395//1007
f 408//1060 406//1054 405//1046
f 399//1020 407//1055 397//1013
f 399//1025 404//1045 407//1056
f 401//1030 404//1041 399//1024
o Mesh59
v -5.242 -0.1166 2.538
v -5.242 -0.08068 2.548
v -5.242 -0.1054 2.657
v -5.281 -0.08285 2.523
v -5.281 -0.1191 2.513
v -5.321 -0.1169 2.538
v -5.321 -0.081 2.548
v -5.321 -0.1057 2.657
v -5.321 -0.07246 2.638
v -5.282 -0.05125 2.617
v -5.282 -0.06675 2.7
v -5.282 -0.09953 2.72
v -5.242 -0.07214 2.639
v -5.281 -0.05661 2.558
vn 0.5171 0.2216 -0.8267
vn 0.5231 0.2315 -0.8202
vn 1 0.00413 0.001485
vn 0.5231 0.2315 -0.8202
vn 0.3269 0.7579 -0.5646
vn 0.5054 0.8594 -0.07753
vn 0.5015 0.8614 -0.08064
vn 1 0.004123 0.001484
vn 1 0.004123 0.001484
vn 0.8282 0.2723 0.4899
vn 0.5171 0.2216 -0.8267
vn -0.5165 0.2173 -0.8283
vn -0.5226 0.2272 -0.8218
vn -0.3316 0.7551 -0.5655
vn 0.3269 0.7579 -0.5646
vn 0.5231 0.2315 -0.8202
vn -0.5165 0.2173 -0.8283
vn 0.5171 0.2216 -0.8267
vn -1 -0.004132 -0.001477
vn -0.5226 0.2272 -0.8218
vn -0.5165 0.2173 -0.8283
vn -0.3316 0.7551 -0.5655
vn -0.5226 0.2272 -0.8218
vn -1 -0.004137 -0.001478
vn -0.5084 0.8572 -0.08213
vn -0.5122 0.8552 -0.07903
vn -0.8318 0.2654 0.4874
vn -1 -0.004137 -0.001478
vn -0.5084 0.8572 -0.08213
vn -1 -0.004143 -0.00148
vn -0.8318 0.2654 0.4874
vn -0.8128 0.3102 0.4931
vn -0.3938 0.9037 0.1684
vn 0.5054 0.8594 -0.07753
vn -0.5122 0.8552 -0.07903
vn -0.5084 0.8572 -0.08213
vn -0.3938 0.9037 0.1684
vn 0.3858 0.9069 0.1695
vn 0.5015 0.8614 -0.08064
vn -0.8128 0.3102 0.4931
vn 0.8087 0.3169 0.4955
vn 0.3858 0.9069 0.1695
vn -0.3938 0.9037 0.1684
vn 0.8282 0.2723 0.4899
vn 0.8087 0.3169 0.4955
vn -0.8128 0.3102 0.4931
vn -0.8318 0.2654 0.4874
vn 1 0.004116 0.001482
vn 0.5015 0.8614 -0.08064
vn 0.3858 0.9069 0.1695
vn 0.8087 0.3169 0.4955
vn 0.8282 0.2723 0.4899
vn 0.3269 0.7579 -0.5646
vn -0.3316 0.7551 -0.5655
vn -0.5122 0.8552 -0.07903
vn 0.5054 0.8594 -0.07753
f 409//1063 410//1068 411//1069
f 409//1062 412//1076 410//1064
f 409//1061 413//1078 412//1071
f 413//1077 414//1081 412//1072
f 412//1073 414//1080 415//1083
f 414//1079 416//1088 415//1084
f 417//1090 415//1084 416//1088
f 415//1085 417//1089 418//1096
f 417//1093 419//1103 418//1097
f 419//1100 417//1092 420//1106
f 417//1091 416//1087 420//1107
f 421//1111 419//1101 420//1105
f 418//1098 419//1102 421//1110
f 418//1099 421//1109 410//1067
f 421//1108 411//1069 410//1068
f 411//1070 421//1112 420//1104
f 422//1116 418//1094 410//1066
f 415//1086 418//1095 422//1115
f 415//1082 422//1114 412//1074
f 412//1075 422//1113 410//1065
o Mesh58
v -0.05041 1.037 1.436
v -0.0191 1.037 1.478
v -0.01923 1.072 1.467
v -0.01911 1.039 1.478
v 0.01233 1.037 1.436
v 0.0122 1.072 1.426
v 0.0123 1.071 1.358
v 0.01246 1.037 1.35
v -0.01904 1.071 1.341
v -0.0189 1.039 1.333
v -0.01889 1.037 1.333
v -0.05028 1.037 1.349
v -0.05044 1.071 1.358
v -0.05054 1.072 1.426
v -0.01924 1.095 1.412
v -0.01918 1.095 1.365
vn -0.7922 0.1942 0.5785
vn -0.7843 0.1716 0.5961
vn -1 -0.004144 -0.001481
vn -0.7922 0.1942 0.5785
vn 0.1354 0.32 0.9377
vn -0.1354 -0.32 -0.9377
vn 0.7888 0.2008 0.5809
vn 0.7888 0.2008 0.5809
vn 0.7811 0.1781 0.5985
vn 0.4506 0.8231 0.3457
vn -0.4585 0.8193 0.3443
vn -0.7843 0.1716 0.5961
vn -0.9252 -0.1254 -0.3583
vn 0.1354 0.32 0.9377
vn -0.1354 -0.32 -0.9377
vn -0.1354 -0.32 -0.9377
vn 0.1354 0.32 0.9377
vn 1 0.004131 0.001475
vn 0.7811 0.1781 0.5985
vn 0.7888 0.2008 0.5809
vn 0.4506 0.8231 0.3457
vn 0.7811 0.1781 0.5985
vn 1 0.004141 0.001479
vn 0.5882 0.8087 -0.004999
vn 1 0.004122 0.001471
vn 0.4646 0.2137 -0.8593
vn 0.3496 0.6822 -0.6422
vn 0.5925 0.8056 -0.001198
vn 0.5882 0.8087 -0.004999
vn 1 0.004141 0.001479
vn 0.4583 0.2068 -0.8644
vn 0.4646 0.2137 -0.8593
vn 1 0.004122 0.001471
vn 0.3496 0.6822 -0.6422
vn 0.4646 0.2137 -0.8593
vn 0.4583 0.2067 -0.8644
vn 0.4027 0.2126 -0.8903
vn -0.4638 0.2099 -0.8607
vn -0.3534 0.6793 -0.6432
vn 0.4583 0.207 -0.8644
vn 0.9646 0.06481 -0.2555
vn 0.4583 0.2067 -0.8644
vn 0.4027 0.2126 -0.8903
vn 0.4583 0.207 -0.8644
vn -1 -0.004147 -0.001482
vn -0.4638 0.2099 -0.8607
vn -0.4574 0.203 -0.8658
vn -1 -0.004141 -0.001479
vn -0.5949 0.8038 -0.006732
vn -0.5992 0.8006 -0.002931
vn -0.3534 0.6793 -0.6432
vn -0.4638 0.2099 -0.8607
vn -1 -0.004147 -0.001482
vn -0.7843 0.1716 0.5961
vn -0.4585 0.8193 0.3443
vn -0.5949 0.8038 -0.006732
vn -1 -0.004141 -0.001479
vn 0.4506 0.8231 0.3457
vn 0.5882 0.8087 -0.004999
vn 0.5925 0.8056 -0.001198
vn -0.5992 0.8006 -0.002931
vn -0.5949 0.8038 -0.006732
vn -0.4585 0.8193 0.3443
vn 0.3496 0.6822 -0.6422
vn -0.3534 0.6793 -0.6432
vn -0.5992 0.8006 -0.002931
vn 0.5925 0.8056 -0.001198
f 423//1117 424//1120 425//1129
f 426//1132 425//1131 424//1122
f 426//1133 424//1121 425//1130
f 427//1136 425//1124 424//1123
f 427//1135 428//1138 425//1125
f 428//1139 427//1134 429//1146
f 430//1149 429//1141 427//1134
f 429//1142 430//1148 431//1151
f 431//1152 430//1147 432//1158
f 433//1160 432//1156 430//1147
f 432//1157 433//1159 431//1153
f 434//1163 431//1153 433//1159
f 434//1162 435//1168 431//1154
f 434//1161 423//1119 435//1169
f 436//1173 435//1164 423//1119
f 435//1165 436//1172 437//1178
f 437//1179 436//1171 425//1127
f 436//1170 423//1118 425//1128
f 437//1174 425//1126 428//1137
f 437//1175 428//1140 429//1145
f 438//1183 437//1176 429//1144
f 435//1166 437//1177 438//1182
f 435//1167 438//1181 431//1155
f 431//1150 438//1180 429//1143
o Mesh57
v -0.04905 -0.5726 3.785
v -0.04881 -0.6353 3.801
v -0.05225 -0.2566 5.064
v -0.05201 -0.3194 5.08
v -0.07205 -0.2315 5.172
v 0.03344 -0.2311 5.172
v 0.0144 -0.3191 5.08
v 0.01416 -0.2564 5.064
v 0.01759 -0.6351 3.801
v 0.01736 -0.5723 3.786
v 0.03322 -0.1711 5.155
v -0.07228 -0.1716 5.155
v 0.03306 -0.1604 5.228
v -0.07243 -0.1609 5.228
v -0.07236 -0.2042 5.303
v -0.07212 -0.2453 5.252
v -0.07216 -0.2226 5.221
v 0.03333 -0.2222 5.221
v 0.03338 -0.2448 5.252
v 0.03346 -0.2672 5.256
v 0.03313 -0.2038 5.303
v 0.0334 -0.2721 5.312
v -0.07209 -0.2726 5.311
v -0.07183 -0.3171 5.228
v -0.07185 -0.2979 5.217
v 0.03376 -0.3167 5.228
v 0.03365 -0.2974 5.217
v -0.07203 -0.2677 5.256
vn -1 -0.00415 -0.001475
vn -0.003673 0.9708 -0.2399
vn 0.003667 -0.9708 0.2399
vn -1 -0.004143 -0.001477
vn -0.003671 0.9708 -0.2399
vn -1 -0.004143 -0.001477
vn -0.9844 -0.04571 -0.17
vn -0.9843 -0.05248 -0.1684
vn -0.002009 0.7287 -0.6848
vn 0.003671 -0.9708 0.2399
vn 0.001994 -0.7249 0.6889
vn -0.9844 -0.04571 -0.17
vn -1 -0.004136 -0.00148
vn -0.9843 -0.05248 -0.1684
vn -0.9844 -0.04571 -0.17
vn 0.001993 -0.7249 0.6889
vn 0.003816 -0.9837 0.1795
vn -1 -0.00414 -0.001485
vn 0.001994 -0.7249 0.6889
vn 0.9852 -0.03757 -0.167
vn 0.9852 -0.04432 -0.1654
vn 1 0.004133 0.001476
vn 0.003825 -0.9837 0.1795
vn 0.001993 -0.7249 0.6889
vn 0.003667 -0.9708 0.2399
vn 1 0.004136 0.00148
vn 0.9852 -0.03757 -0.167
vn 0.001994 -0.7249 0.6889
vn -0.003671 0.9708 -0.2399
vn -0.002016 0.7287 -0.6848
vn 0.9852 -0.04432 -0.1654
vn 0.9852 -0.03757 -0.167
vn 1 0.004143 0.001477
vn -0.003674 0.9708 -0.2399
vn 1 0.004143 0.001477
vn 0.003664 -0.9708 0.2399
vn -0.003674 0.9708 -0.2399
vn 1 0.00415 0.001475
vn -0.002002 0.7287 -0.6848
vn -0.003882 0.9894 -0.1449
vn 1 0.004133 0.001477
vn 0.9852 -0.04432 -0.1654
vn -0.002016 0.7287 -0.6848
vn -0.9843 -0.05248 -0.1684
vn -1 -0.004148 -0.001474
vn -0.003884 0.9894 -0.1449
vn -0.002002 0.7287 -0.6848
vn 1 0.004133 0.001477
vn -0.003884 0.9894 -0.1449
vn -0.004326 0.8659 0.5001
vn 1 0.004137 0.001476
vn -1 -0.004138 -0.001476
vn -0.004331 0.8659 0.5001
vn -0.003886 0.9894 -0.1449
vn -0.004326 0.8659 0.5001
vn -1 -0.00414 -0.001474
vn -0.00199 0.1299 0.9915
vn -1 -0.004135 -0.001462
vn 0.004211 -0.8053 -0.5929
vn 0.002288 -0.206 -0.9786
vn -1 -0.00414 -0.001474
vn 0.003807 -0.9837 0.1796
vn 0.004213 -0.8053 -0.5929
vn -1 -0.004133 -0.001478
vn 0.003825 -0.9837 0.1795
vn 1 0.004134 0.001468
vn 0.004211 -0.8053 -0.5929
vn 0.003807 -0.9837 0.1796
vn 1 0.004144 0.00149
vn 0.002288 -0.206 -0.9786
vn 0.00421 -0.8053 -0.5929
vn 1 0.004135 0.001461
vn 0.002288 -0.206 -0.9786
vn 1 0.004143 0.001491
vn 1 0.00512 0.001578
vn 1 0.005995 7.222E-05
vn -0.002404 0.7961 -0.6052
vn -0.004322 0.8659 0.5001
vn -0.001991 0.1299 0.9915
vn 1 0.004143 0.00149
vn -0.00199 0.1299 0.9915
vn 0.002971 -0.8833 0.4688
vn 1 0.00512 0.001578
vn 1 0.004143 0.001491
vn -0.001991 0.1299 0.9915
vn -1 -0.004145 -0.001474
vn -1 -0.001886 -0.002079
vn 0.002971 -0.8833 0.4688
vn -0.00199 0.1299 0.9915
vn 0.002971 -0.8833 0.4688
vn -1 -0.001886 -0.002079
vn 0.003329 -0.4973 -0.8676
vn -0.002404 0.7961 -0.6052
vn 0.003335 -0.4973 -0.8676
vn -1 -0.001886 -0.002079
vn -1 -0.00415 -0.001475
vn 1 0.00512 0.001578
vn 0.002972 -0.8833 0.4688
vn 0.003335 -0.4973 -0.8676
vn 1 0.005995 7.222E-05
vn -0.002392 0.7961 -0.6052
vn 1 0.005995 7.222E-05
vn 0.003341 -0.4972 -0.8676
vn -1 -0.00414 -0.001474
vn 0.002288 -0.206 -0.9786
vn -0.002417 0.7961 -0.6052
vn -1 -0.00415 -0.001475
f 439//1184 440//1187 441//1189
f 442//1196 441//1189 440//1187
f 441//1190 442//1195 443//1198
f 443//1199 442//1194 444//1207
f 445//1211 444//1202 442//1194
f 445//1210 446//1215 444//1203
f 445//1209 447//1218 446//1216
f 447//1219 445//1208 440//1186
f 442//1193 440//1186 445//1208
f 448//1221 446//1216 447//1218
f 448//1220 439//1185 446//1217
f 441//1188 446//1212 439//1185
f 446//1213 441//1192 449//1226
f 450//1230 449//1222 441//1192
f 449//1223 450//1229 451//1232
f 452//1237 451//1232 450//1229
f 452//1236 453//1238 451//1233
f 453//1239 452//1235 454//1244
f 454//1241 452//1235 455//1247
f 455//1247 452//1235 443//1201
f 450//1228 443//1201 452//1235
f 450//1227 441//1191 443//1197
f 455//1245 443//1200 456//1251
f 444//1206 456//1248 443//1200
f 456//1249 444//1205 451//1234
f 449//1224 451//1231 444//1205
f 446//1214 449//1225 444//1204
f 457//1255 456//1249 451//1234
f 457//1254 454//1242 456//1250
f 457//1253 458//1256 454//1243
f 458//1257 457//1252 459//1263
f 459//1263 457//1252 451//1234
f 459//1261 451//1233 453//1238
f 459//1262 453//1240 460//1268
f 461//1272 460//1264 453//1240
f 461//1271 462//1273 460//1265
f 463//1278 462//1274 461//1270
f 462//1275 463//1277 464//1282
f 465//1286 464//1282 463//1277
f 464//1283 465//1285 458//1259
f 465//1284 463//1276 458//1260
f 466//1289 458//1260 463//1276
f 466//1288 454//1243 458//1256
f 466//1287 453//1239 454//1244
f 453//1239 466//1287 461//1269
f 463//1279 461//1269 466//1290
f 464//1280 458//1258 460//1266
f 460//1267 458//1257 459//1263
f 464//1281 460//1265 462//1273
f 455//1246 456//1250 454//1242
o Mesh56
v -0.01595 1.331 -4.628
v -0.006651 1.331 -4.628
v -0.00873 1.356 -3.291
v -0.01803 1.356 -3.291
v -0.01721 1.423 -4.032
v -0.01689 1.418 -4.237
v -0.007912 1.423 -4.031
v -0.00759 1.418 -4.237
v -0.01651 1.392 -4.42
v -0.007208 1.392 -4.42
v -0.008242 1.405 -3.756
v -0.01754 1.405 -3.756
vn -0.00357 0.9603 -0.2788
vn -0.00356 0.9603 -0.2788
vn 0.004177 -0.9947 -0.1031
vn 0.004177 -0.9947 -0.1031
vn 0.004019 -0.9997 0.02337
vn 0.004135 -0.9977 -0.06727
vn -0.003854 0.9897 -0.1434
vn 0.004043 -0.9997 0.02336
vn 0.004131 -0.9977 -0.06727
vn 0.004043 -0.9997 0.02336
vn 0.004068 -0.9997 0.02336
vn -0.00389 0.9897 -0.1434
vn -0.00389 0.9897 -0.1434
vn -0.00358 0.9603 -0.2788
vn -0.00357 0.9603 -0.2788
vn -0.003926 0.9897 -0.1434
vn 0.004177 -0.9947 -0.1031
vn 0.004135 -0.9977 -0.06727
vn 0.004138 -0.9977 -0.06728
vn 0.004177 -0.9947 -0.1031
f 471//1295 472//1298 473//1300
f 474//1301 473//1300 472//1298
f 472//1297 474//1302 475//1303
f 476//1306 475//1303 474//1302
f 475//1304 476//1305 467//1291
f 468//1292 467//1291 476//1305
f 473//1299 477//1308 471//1296
f 478//1309 471//1296 477//1308
f 477//1307 469//1293 478//1310
f 470//1294 478//1310 469//1293
o Mesh55
v 0.4487 -0.5993 1.851
v 0.6165 -0.6142 1.851
v 0.4504 -0.5722 2.261
v 0.6241 -0.5288 1.796
v 0.4563 -0.5139 1.796
v 0.4585 -0.4801 2.302
v 0.6263 -0.495 2.302
v 0.6182 -0.5871 2.262
vn -0.04659 -0.5422 -0.839
vn -0.08819 -0.9939 0.06597
vn -0.9961 0.08827 -0.001708
vn -0.04661 -0.5421 -0.839
vn -0.04659 -0.5422 -0.839
vn 0.9961 -0.08828 0.00171
vn -0.08819 -0.9939 0.06597
vn -0.9961 0.08827 -0.001709
vn -0.08819 -0.9939 0.06597
vn -0.03664 -0.3957 0.9177
vn 0.9961 -0.08828 0.00171
vn -0.0466 -0.5422 -0.839
vn -0.04661 -0.5421 -0.839
vn -0.9961 0.08827 -0.001707
vn -0.9961 0.08827 -0.001708
vn -0.03664 -0.3957 0.9177
vn -0.03664 -0.3957 0.9177
vn 0.9961 -0.08828 0.00171
vn -0.08819 -0.9939 0.06597
vn 0.9961 -0.08827 0.001709
vn -0.03664 -0.3957 0.9177
f 479//1312 480//1317 481//1319
f 480//1315 479//1311 482//1322
f 483//1323 482//1322 479//1314
f 483//1324 479//1313 484//1325
f 481//1318 484//1325 479//1313
f 484//1326 481//1320 485//1327
f 486//1331 485//1327 481//1320
f 486//1330 480//1316 485//1328
f 486//1329 481//1319 480//1317
f 482//1321 485//1328 480//1316
o Mesh54
v -0.06705 3.574 7.221
v -0.03817 3.591 7.22
v -0.06681 3.565 7.082
v -0.05766 3.571 7.253
v -0.06692 3.541 7.224
v -0.06667 3.531 7.085
v -0.04212 3.53 6.817
v -0.03792 3.582 7.081
v -0.03808 3.588 7.173
v -0.009143 3.574 7.222
v -0.0186 3.571 7.254
v -0.03818 3.582 7.253
v -0.03811 3.56 7.266
v -0.01851 3.548 7.255
v -0.038 3.537 7.256
v -0.0379 3.524 7.225
v -0.05757 3.548 7.255
v -0.03765 3.515 7.086
v -0.03775 3.519 7.143
v -0.009009 3.541 7.224
v -0.008764 3.532 7.085
v -0.008898 3.565 7.082
v -0.03251 3.53 6.817
vn -0.4831 0.8454 0.2279
vn -0.5035 0.862 -0.05891
vn -1 -0.004116 -0.001481
vn -0.959 0.01519 0.283
vn -0.4831 0.8454 0.228
vn 0.4754 0.8493 0.2294
vn 0.4965 0.8661 -0.05743
vn -0.5035 0.862 -0.05891
vn -1 -0.004102 -0.001486
vn -0.5035 0.862 -0.05891
vn -0.5009 0.8511 -0.1572
vn -0.9958 -0.01012 -0.0912
vn -0.959 0.01519 0.283
vn -0.5265 0.05498 0.8484
vn -0.2658 0.5098 0.8182
vn -0.4831 0.8454 0.228
vn -1 -0.00413 -0.001477
vn -0.4965 -0.8661 0.05743
vn -0.4764 -0.811 0.3395
vn -0.959 0.01519 0.283
vn -1 -0.004102 -0.001486
vn -0.9958 -0.01012 -0.0912
vn -0.4939 -0.8685 -0.04142
vn -0.4965 -0.8661 0.05743
vn -1 -0.00413 -0.001477
vn -0.4939 -0.8685 -0.04142
vn -0.9958 -0.01012 -0.0912
vn -0.5009 0.8511 -0.1572
vn -0.5009 0.8511 -0.1572
vn -0.5035 0.862 -0.05892
vn 0.4965 0.8661 -0.05743
vn 0.4942 0.8553 -0.1557
vn 0.4965 0.8661 -0.05743
vn -0.5035 0.862 -0.05892
vn 0.4754 0.8493 0.2294
vn 0.958 0.0231 0.2859
vn 1 0.004131 0.001484
vn 0.4965 0.8661 -0.05743
vn 0.4754 0.8493 0.2294
vn 0.2592 0.5119 0.819
vn 0.5235 0.05941 0.8499
vn 0.958 0.02313 0.2858
vn 0.4754 0.8493 0.2294
vn -0.483 0.8454 0.228
vn -0.2658 0.5098 0.8182
vn 0.2592 0.5119 0.819
vn 0.4754 0.8493 0.2294
vn -0.2658 0.5098 0.8182
vn -0.5265 0.05498 0.8484
vn -0.2622 -0.3976 0.8793
vn 0.2628 -0.3955 0.8801
vn 0.5235 0.05941 0.8499
vn 0.2592 0.5119 0.819
vn 0.958 0.02316 0.2858
vn 0.5235 0.05941 0.8499
vn 0.2628 -0.3955 0.8801
vn 0.4821 -0.8071 0.3409
vn -0.2622 -0.3976 0.8793
vn -0.4764 -0.811 0.3395
vn 0.482 -0.8071 0.3409
vn 0.2628 -0.3955 0.8801
vn -0.1067 -0.9921 0.06659
vn 0.5035 -0.862 0.05891
vn 0.4821 -0.8071 0.3409
vn -0.4764 -0.811 0.3395
vn -0.959 0.01519 0.283
vn -0.4764 -0.811 0.3395
vn -0.2622 -0.3976 0.8793
vn -0.5265 0.05498 0.8484
vn 0.5012 -0.8644 -0.03995
vn 0.5035 -0.862 0.05891
vn 0.1516 -0.9862 0.06665
vn -0.4939 -0.8685 -0.04142
vn 0.5035 -0.862 0.05891
vn 0.7338 -0.6777 0.04691
vn 0.5035 -0.862 0.05891
vn 0.958 0.02313 0.2858
vn 0.4821 -0.8071 0.3409
vn 0.5035 -0.862 0.05891
vn 1 0.004131 0.001484
vn 1 0.004131 0.001484
vn 0.5035 -0.862 0.05891
vn 0.5012 -0.8644 -0.03995
vn 0.9961 -0.001925 -0.08826
vn 0.4942 0.8553 -0.1557
vn 0.4965 0.8661 -0.05743
vn 1 0.004131 0.001484
vn 0.9961 -0.001925 -0.08826
vn 0.4942 0.8553 -0.1557
vn 0.9961 -0.001925 -0.08826
vn 0.5012 -0.8644 -0.03995
f 487//1333 488//1339 489//1341
f 487//1332 490//1347 488//1336
f 487//1335 491//1351 490//1344
f 491//1348 487//1334 492//1356
f 489//1340 492//1352 487//1334
f 489//1343 493//1358 492//1353
f 493//1359 489//1342 494//1360
f 494//1361 489//1341 495//1365
f 495//1365 489//1341 488//1339
f 488//1338 496//1369 495//1364
f 496//1366 488//1337 497//1374
f 498//1378 497//1370 488//1337
f 499//1384 497//1371 498//1377
f 499//1383 500//1386 497//1372
f 501//1392 500//1387 499//1382
f 501//1391 502//1395 500//1388
f 501//1390 503//1398 502//1396
f 503//1399 501//1389 499//1381
f 503//1400 499//1380 490//1345
f 490//1346 499//1379 498//1376
f 498//1375 488//1336 490//1347
f 503//1397 490//1344 491//1351
f 491//1350 502//1396 503//1398
f 491//1349 492//1355 502//1393
f 504//1403 502//1393 492//1355
f 505//1406 502//1393 504//1403
f 502//1394 505//1405 506//1410
f 504//1402 506//1410 505//1407
f 507//1413 506//1410 504//1402
f 506//1411 507//1412 496//1368
f 508//1418 496//1368 507//1412
f 508//1417 494//1362 496//1369
f 509//1420 494//1363 508//1416
f 509//1421 508//1419 507//1415
f 504//1401 509//1422 507//1414
f 494//1362 495//1364 496//1369
f 496//1367 497//1373 506//1408
f 500//1385 506//1408 497//1373
f 506//1409 500//1388 502//1395
f 492//1354 493//1357 504//1404
o Mesh53
v 0.02999 3.511 7.216
v 0.02991 3.514 7.261
v 0.03028 3.44 7.221
v -0.1056 3.511 7.216
v -0.1057 3.513 7.261
v 0.0302 3.443 7.265
v -0.1054 3.442 7.265
v -0.1054 3.44 7.22
vn -0.004044 0.9982 -0.06015
vn 1 0.004142 0.001492
vn -0.004047 0.9982 -0.06015
vn -0.001709 0.06012 0.9982
vn 1 0.004142 0.001492
vn 1 0.004142 0.001492
vn 0.004045 -0.9982 0.06013
vn -1 -0.004142 -0.001492
vn -0.004047 0.9982 -0.06015
vn -0.001709 0.06012 0.9982
vn -0.004049 0.9982 -0.06014
vn -1 -0.004142 -0.001492
vn -0.001709 0.06012 0.9982
vn 1 0.004142 0.001492
vn -0.001709 0.06012 0.9982
vn 0.004046 -0.9982 0.06013
vn -1 -0.004142 -0.001492
vn 0.004046 -0.9982 0.06013
vn -0.001709 0.06012 0.9982
vn 0.004046 -0.9982 0.06013
vn -1 -0.004142 -0.001492
f 510//1424 511//1427 512//1428
f 510//1423 513//1431 511//1425
f 514//1433 511//1425 513//1431
f 511//1426 514//1432 515//1437
f 516//1441 515//1437 514//1435
f 516//1440 517//1442 515//1438
f 516//1439 514//1434 517//1443
f 513//1430 517//1443 514//1434
f 512//1429 515//1438 517//1442
f 515//1436 512//1428 511//1427
o Mesh52
v -0.08811 3.377 5.396
v -0.08644 3.157 5.41
v -0.1199 3.161 5.484
v -0.03454 3.375 5.372
v -0.03365 3.156 5.385
v -0.0336 3.123 5.441
v 0.01905 3.157 5.41
v 0.01895 3.377 5.397
v 0.003351 3.416 5.44
v -0.03478 3.414 5.423
v -0.07297 3.415 5.44
v 0.01754 3.418 5.473
v -0.08726 3.417 5.473
v 0.01552 3.488 6.641
v 0.04822 3.523 7.216
v -0.08928 3.487 6.641
v -0.1228 3.452 6.643
v -0.1208 3.381 5.47
v -0.1219 3.232 6.656
v -0.1232 3.495 6.772
v -0.124 3.522 7.215
v 0.0486 3.43 7.221
v -0.1236 3.429 7.221
v 0.0494 3.231 7.233
v -0.07276 3.432 7.274
v -0.1228 3.231 7.233
v -0.122 3.204 6.79
v -0.0881 3.196 6.658
v -0.08608 3.126 5.491
v 0.0167 3.197 6.658
v 0.05016 3.205 6.79
v 0.04898 3.496 6.773
v 0.05025 3.232 6.656
v 0.01871 3.126 5.491
v -0.07085 3.124 5.458
v 0.003593 3.124 5.458
v 0.05227 3.162 5.484
v 0.05138 3.382 5.471
v 0.04936 3.452 6.643
v -0.002414 3.432 7.274
v -0.03748 3.392 7.313
v -0.03685 3.236 7.322
vn -0.4162 -0.05784 -0.9074
vn -0.9115 -0.03164 -0.41
vn -0.9151 -0.02793 -0.4022
vn -0.6799 0.6508 -0.338
vn -0.2516 0.7673 -0.5898
vn -0.4162 -0.05784 -0.9074
vn -0.4213 -0.05623 -0.9052
vn -0.2465 -0.8372 -0.4882
vn -0.2422 -0.8353 -0.4936
vn -0.6674 -0.6976 -0.2608
vn -0.9115 -0.03164 -0.41
vn -0.9151 -0.02793 -0.4022
vn -0.9115 -0.03164 -0.41
vn -0.6674 -0.6976 -0.2608
vn -0.6679 -0.6956 -0.2646
vn -0.7245 -0.6881 0.04019
vn -1 -0.004142 -0.001477
vn -0.2516 0.7673 -0.5898
vn -0.242 0.7723 -0.5873
vn 0.2373 0.7743 -0.5866
vn 0.247 0.7694 -0.5891
vn 0.4193 -0.05438 -0.9062
vn 0.4244 -0.05273 -0.9039
vn -0.4213 -0.05623 -0.9052
vn -0.4162 -0.05784 -0.9074
vn -0.2465 -0.8372 -0.4882
vn -0.4213 -0.05623 -0.9052
vn 0.4244 -0.05273 -0.9039
vn 0.2549 -0.8351 -0.4875
vn -0.2422 -0.8353 -0.4936
vn -0.2465 -0.8372 -0.4882
vn 0.2549 -0.8351 -0.4875
vn 0.2506 -0.8333 -0.4928
vn 0.004041 -0.9982 0.06009
vn 0.4193 -0.05438 -0.9062
vn 0.913 -0.02409 -0.4073
vn 0.6739 -0.692 -0.2588
vn 0.2506 -0.8333 -0.4928
vn 0.2549 -0.8351 -0.4875
vn 0.4244 -0.05273 -0.9039
vn 0.247 0.7694 -0.5891
vn 0.6755 0.6564 -0.336
vn 0.9165 -0.02035 -0.3994
vn 0.913 -0.02409 -0.4073
vn 0.4193 -0.05438 -0.9062
vn 0.2373 0.7743 -0.5866
vn -0.004048 0.9982 -0.06012
vn -0.004048 0.9982 -0.06014
vn 0.675 0.6583 -0.3332
vn 0.6755 0.6564 -0.336
vn 0.247 0.7694 -0.5891
vn -0.242 0.7723 -0.5873
vn -0.004048 0.9982 -0.06012
vn 0.2373 0.7743 -0.5866
vn -0.2516 0.7673 -0.5898
vn -0.6799 0.6508 -0.338
vn -0.6794 0.6527 -0.3352
vn -0.004047 0.9982 -0.06015
vn -0.004048 0.9982 -0.06012
vn -0.242 0.7723 -0.5873
vn 0.675 0.6583 -0.3332
vn -0.004047 0.9982 -0.06015
vn -0.004045 0.9982 -0.06013
vn 0.7245 0.6881 -0.04019
vn -0.6794 0.6527 -0.3352
vn -0.7301 0.682 -0.04234
vn -0.004065 0.9982 -0.06013
vn -0.004045 0.9982 -0.06015
vn 0.7245 0.6881 -0.04019
vn -0.004054 0.9982 -0.06013
vn 0.7127 0.6656 -0.2213
vn -0.004045 0.9982 -0.06013
vn -0.001709 0.06015 0.9982
vn 0.9957 -0.001554 -0.09278
vn -0.004059 0.9982 -0.06013
vn -0.7301 0.682 -0.04234
vn -0.7176 0.6597 -0.2235
vn -0.004045 0.9982 -0.06013
vn -1 -0.004144 -0.001478
vn -0.7176 0.6597 -0.2235
vn -0.7301 0.682 -0.04234
vn -1 -0.004139 -0.001478
vn -0.6799 0.6508 -0.338
vn -0.9151 -0.02793 -0.4022
vn -1 -0.004139 -0.001478
vn -0.7301 0.682 -0.04234
vn -0.6794 0.6527 -0.3352
vn -0.7245 -0.6881 0.04019
vn -0.7121 -0.6875 -0.1423
vn -1 -0.004144 -0.001479
vn -0.004043 0.9982 -0.06013
vn -0.7176 0.6597 -0.2235
vn -1 -0.004144 -0.001479
vn -0.001709 0.06015 0.9982
vn -0.004045 0.9982 -0.06013
vn -1 -0.004143 -0.001478
vn -0.001731 0.06011 0.9982
vn -0.004045 0.9982 -0.06014
vn 0.719 0.04468 0.6935
vn 0.9603 -0.0129 -0.2788
vn -0.00172 0.06013 0.9982
vn -0.001731 0.06011 0.9982
vn -0.001731 0.06011 0.9982
vn -0.001731 0.06011 0.9982
vn -1 -0.004143 -0.001478
vn -0.004043 0.9982 -0.06014
vn -0.7215 0.03873 0.6914
vn -0.001709 0.06013 0.9982
vn 0.719 0.04468 0.6935
vn -0.00172 0.06012 0.9982
vn 0.004051 -0.9982 0.06013
vn 0.9901 -0.004425 -0.1401
vn 0.004045 -0.9982 0.06013
vn 0.7191 0.04469 0.6935
vn -0.004045 0.9982 -0.06014
vn -0.7214 0.03873 0.6914
vn -0.003936 0.697 0.7171
vn -1 -0.004143 -0.001478
vn 0.004045 -0.9982 0.06013
vn 0.004045 -0.9982 0.06013
vn -0.7214 0.03873 0.6914
vn -0.001709 0.06013 0.9982
vn -1 -0.004144 -0.00148
vn -0.7121 -0.6875 -0.1423
vn 0.00405 -0.9982 0.06013
vn -1 -0.004143 -0.001478
vn -0.7121 -0.6875 -0.1423
vn -0.7245 -0.6881 0.04019
vn 0.004049 -0.9982 0.06013
vn -0.7245 -0.6881 0.04019
vn -0.6679 -0.6956 -0.2646
vn 0.004048 -0.9982 0.06013
vn 0.004062 -0.9982 0.06013
vn -0.7245 -0.6881 0.04019
vn 0.004053 -0.9982 0.06013
vn 0.7301 -0.6821 0.04234
vn 0.7182 -0.6816 -0.1402
vn 1 0.004141 0.001478
vn 0.004017 -0.9982 0.06013
vn 0.7182 -0.6816 -0.1402
vn 1 0.00414 0.00148
vn -0.004017 0.9982 -0.06013
vn 1 0.004141 0.001477
vn 0.7127 0.6656 -0.2213
vn 0.7301 -0.682 0.04234
vn 1 0.004142 0.001477
vn 0.7182 -0.6816 -0.1402
vn 0.004044 -0.9982 0.06014
vn 0.6744 -0.6901 -0.2626
vn 0.7301 -0.682 0.04234
vn 0.004048 -0.9982 0.06013
vn -0.2422 -0.8353 -0.4936
vn 0.004041 -0.9982 0.06009
vn 0.004044 -0.9982 0.06014
vn -0.6679 -0.6956 -0.2646
vn -0.6674 -0.6976 -0.2608
vn 0.2506 -0.8333 -0.4928
vn 0.6739 -0.692 -0.2588
vn 0.6744 -0.6901 -0.2626
vn 0.004041 -0.9982 0.06015
vn 0.004041 -0.9982 0.06009
vn 0.913 -0.02409 -0.4073
vn 0.9165 -0.02035 -0.3994
vn 1 0.004143 0.001478
vn 0.7301 -0.682 0.04234
vn 0.6744 -0.6901 -0.2626
vn 0.6739 -0.692 -0.2588
vn 0.6755 0.6564 -0.336
vn 0.675 0.6583 -0.3332
vn 0.7245 0.6881 -0.04019
vn 1 0.004142 0.001478
vn 0.9165 -0.02035 -0.3994
vn 0.7245 0.6881 -0.04019
vn 0.7127 0.6656 -0.2213
vn 1 0.004143 0.001476
vn 0.7245 0.6881 -0.04019
vn -0.004046 0.9982 -0.06014
vn -0.003936 0.697 0.7171
vn 0.7191 0.04469 0.6935
vn -0.7214 0.03873 0.6914
vn 0.7191 0.0447 0.6935
vn -0.003936 0.697 0.7171
vn 0.7191 0.0447 0.6935
vn -0.7214 0.03873 0.6914
vn 0.004045 -0.9982 0.06013
f 518//1445 519//1454 520//1456
f 521//1468 519//1449 518//1444
f 522//1470 519//1450 521//1467
f 519//1451 522//1469 523//1474
f 523//1475 522//1472 524//1482
f 524//1483 522//1471 521//1466
f 524//1478 521//1465 525//1488
f 521//1464 526//1494 525//1484
f 521//1463 527//1497 526//1489
f 528//1503 527//1495 521//1462
f 527//1496 528//1502 526//1490
f 526//1491 528//1501 529//1505
f 530//1511 529//1505 528//1501
f 530//1510 531//1513 529//1506
f 531//1513 530//1510 532//1518
f 530//1510 533//1521 532//1515
f 533//1519 530//1509 534//1524
f 535//1529 534//1524 530//1509
f 535//1528 520//1460 534//1525
f 535//1527 518//1446 520//1455
f 528//1499 518//1447 535//1526
f 518//1448 528//1498 521//1461
f 528//1500 535//1530 530//1508
f 536//1533 534//1522 520//1460
f 537//1536 534//1522 536//1533
f 533//1520 534//1523 537//1535
f 533//1521 537//1534 532//1515
f 538//1538 532//1515 537//1534
f 532//1516 538//1537 539//1544
f 540//1547 539//1544 538//1540
f 539//1545 540//1546 541//1553
f 540//1549 542//1558 539//1541
f 540//1550 543//1564 542//1559
f 543//1561 540//1548 544//1569
f 543//1565 541//1553 540//1551
f 543//1562 544//1568 541//1554
f 545//1572 541//1554 544//1568
f 546//1576 541//1554 545//1572
f 547//1578 541//1554 546//1576
f 548//1582 541//1554 547//1578
f 541//1555 548//1581 532//1517
f 532//1517 548//1581 549//1586
f 548//1584 550//1589 549//1586
f 547//1580 550//1590 548//1583
f 547//1579 551//1593 550//1588
f 547//1578 546//1576 551//1594
f 546//1575 552//1597 551//1591
f 546//1574 520//1458 552//1598
f 520//1459 546//1573 536//1531
f 545//1571 536//1531 546//1577
f 536//1532 545//1570 544//1567
f 544//1566 537//1536 536//1533
f 538//1539 537//1536 544//1569
f 540//1548 538//1539 544//1569
f 520//1457 519//1453 552//1599
f 552//1595 519//1452 523//1473
f 552//1596 523//1477 553//1604
f 553//1600 523//1476 524//1481
f 553//1601 524//1480 554//1610
f 524//1479 525//1487 554//1605
f 525//1486 555//1615 554//1606
f 525//1485 526//1493 555//1611
f 555//1612 526//1492 529//1504
f 555//1613 529//1507 556//1619
f 531//1512 556//1616 529//1507
f 556//1617 531//1514 549//1587
f 549//1585 531//1513 532//1518
f 549//1586 550//1589 556//1618
f 550//1589 554//1607 556//1618
f 554//1608 550//1588 551//1593
f 551//1592 553//1602 554//1609
f 553//1603 551//1591 552//1597
f 555//1614 556//1618 554//1607
f 539//1543 541//1555 532//1517
f 539//1542 557//1622 541//1552
f 557//1620 539//1541 542//1558
f 542//1560 558//1625 557//1621
f 558//1623 542//1559 559//1627
f 559//1627 542//1559 543//1564
f 559//1628 543//1563 541//1556
f 559//1626 541//1557 557//1622
f 558//1624 559//1626 557//1622
o Mesh51
v -0.06997 3.785 6.694
v -0.07022 3.847 6.694
v -0.03816 3.785 6.675
v -0.07028 3.847 6.73
v -0.07002 3.785 6.73
v -0.03827 3.785 6.749
v -0.03804 3.735 6.728
v -0.05199 3.735 6.72
v -0.03785 3.696 6.712
v -0.05197 3.735 6.704
v -0.03799 3.735 6.696
v -0.02403 3.735 6.704
v -0.006416 3.785 6.694
v -0.00647 3.785 6.73
v -0.006727 3.847 6.73
v -0.006671 3.847 6.694
v -0.03842 3.847 6.675
v -0.03833 3.824 6.675
v -0.03853 3.847 6.749
v -0.03843 3.824 6.749
v -0.02406 3.735 6.72
v -0.03745 3.6 6.713
v -0.03834 3.824 6.685
v -0.008671 3.891 6.695
v -0.008723 3.891 6.729
v -0.0386 3.89 6.677
v -0.06859 3.89 6.694
v -0.06864 3.89 6.729
v -0.03842 3.824 6.739
v -0.03871 3.891 6.746
vn -1 -0.00413 -0.001497
vn -0.4987 -0.0043 -0.8668
vn -0.468 -0.3416 -0.815
vn -0.9399 -0.3414 -0.0005229
vn -1 -0.004145 -0.001471
vn -1 -0.00413 -0.001497
vn -0.004157 1 -0.00256
vn -0.4987 -0.004301 -0.8668
vn -0.4681 -0.3416 -0.815
vn -0.4987 -0.004297 -0.8668
vn 0.5012 -0.0001582 -0.8653
vn 0.4732 -0.3377 -0.8137
vn -1 -0.004145 -0.001471
vn -0.5013 0.0001538 0.8653
vn -0.004168 1 -0.002554
vn -1 -0.00413 -0.001497
vn -0.9351 -0.3505 0.05259
vn -0.4705 -0.3374 0.8154
vn -0.5013 0.0001351 0.8653
vn -1 -0.004145 -0.001471
vn -0.5013 0.0001468 0.8653
vn -0.4705 -0.3374 0.8153
vn 0.4708 -0.3335 0.8168
vn 0.4987 0.004309 0.8668
vn 0.4708 -0.3335 0.8168
vn 0.4708 -0.3335 0.8168
vn -0.4705 -0.3374 0.8154
vn -0.4704 -0.3374 0.8154
vn -0.4982 -0.1023 0.861
vn 0.4964 -0.0982 0.8625
vn -0.4982 -0.1023 0.861
vn 0.4964 -0.09821 0.8625
vn -0.4982 -0.1023 0.861
vn -0.4704 -0.3374 0.8154
vn -0.9172 -0.3656 0.1584
vn -0.4704 -0.3374 0.8154
vn -0.9943 -0.1066 -0.001239
vn -0.4982 -0.1023 0.861
vn -0.9943 -0.1066 -0.001239
vn -0.9399 -0.3414 -0.000531
vn -0.468 -0.3415 -0.815
vn 0.4732 -0.3376 -0.8137
vn 0.9405 -0.3384 0.02936
vn 0.4708 -0.3335 0.8168
vn -0.4704 -0.3374 0.8154
vn -0.9172 -0.3656 0.1584
vn -0.9399 -0.3414 -0.000531
vn -0.9399 -0.3414 -0.0005229
vn -0.468 -0.3415 -0.815
vn -0.4956 -0.1067 -0.862
vn -0.9943 -0.1066 -0.001239
vn -0.4956 -0.1067 -0.862
vn -0.9943 -0.1066 -0.001223
vn -0.4956 -0.1067 -0.862
vn -0.468 -0.3416 -0.815
vn 0.4732 -0.3377 -0.8137
vn 0.4732 -0.3376 -0.8137
vn -0.468 -0.3415 -0.815
vn -0.4956 -0.1067 -0.862
vn 0.499 -0.1026 -0.8605
vn -0.4957 -0.1067 -0.8619
vn 0.499 -0.1026 -0.8605
vn 0.4732 -0.3377 -0.8137
vn 0.9427 -0.3336 0.002273
vn 0.4732 -0.3376 -0.8137
vn 0.9952 -0.09835 0.001697
vn 0.499 -0.1026 -0.8605
vn 0.9952 -0.09834 0.001715
vn 0.9952 -0.09835 0.001734
vn 0.4991 -0.1026 -0.8605
vn 0.5013 -0.0001373 -0.8653
vn 1 0.004138 0.001484
vn 0.9427 -0.3336 0.002246
vn 0.4732 -0.3377 -0.8136
vn 0.4709 -0.3335 0.8168
vn 0.9413 -0.3368 0.02032
vn 1 0.004145 0.001471
vn 0.4987 0.004295 0.8668
vn 1 0.00413 0.001497
vn -0.004134 1 -0.002573
vn 0.4987 0.004292 0.8668
vn 1 0.004145 0.001471
vn 0.5013 -0.0001531 -0.8653
vn -0.004123 1 -0.002579
vn 1 0.00413 0.001497
vn -0.004138 1 -0.002571
vn 0.5013 -0.0001897 -0.8653
vn -0.4987 -0.004311 -0.8668
vn -0.4987 -0.004311 -0.8668
vn 0.5013 -0.0001548 -0.8653
vn -0.4987 -0.004293 -0.8668
vn -0.004168 1 -0.002554
vn -0.5013 0.0001678 0.8653
vn 0.4987 0.004304 0.8668
vn -0.004146 1 -0.002566
vn -0.5013 0.0001586 0.8653
vn 0.4987 0.004298 0.8668
vn -0.5013 0.0001678 0.8653
vn 0.4708 -0.3335 0.8168
vn 0.9377 -0.3429 0.0564
vn 0.4708 -0.3335 0.8168
vn 0.4964 -0.0982 0.8625
vn 0.9952 -0.09834 0.001697
vn 0.4964 -0.0982 0.8625
vn 0.4964 -0.0982 0.8625
vn -0.4982 -0.1023 0.861
vn -0.9943 -0.1066 -0.001239
vn -0.4956 -0.1067 -0.862
vn 0.499 -0.1026 -0.8605
vn 0.9952 -0.09835 0.001697
vn -0.4957 -0.1067 -0.8619
vn 0.4991 -0.1026 -0.8605
vn 0.9952 -0.09835 0.001734
vn 0.4991 -0.1026 -0.8605
vn -0.00415 1 -0.00257
vn 0.9952 -0.09834 0.001715
vn -0.00415 1 -0.00257
vn 0.4965 -0.09819 0.8625
vn -0.4957 -0.1067 -0.8619
vn -0.00415 1 -0.00257
vn 0.4991 -0.1026 -0.8604
vn -0.9943 -0.1066 -0.001207
vn -0.00415 1 -0.00257
vn -0.4957 -0.1067 -0.8619
vn -0.4982 -0.1023 0.861
vn -0.00415 1 -0.00257
vn -0.9943 -0.1066 -0.001223
vn -0.4982 -0.1023 0.861
vn 0.4965 -0.0982 0.8625
vn -0.4982 -0.1023 0.861
vn 0.4965 -0.09819 0.8625
vn -0.00415 1 -0.00257
vn -0.4982 -0.1023 0.861
f 560//1630 561//1636 562//1638
f 561//1634 560//1629 563//1644
f 564//1648 563//1641 560//1633
f 564//1647 565//1649 563//1642
f 565//1650 564//1646 566//1655
f 564//1646 567//1662 566//1655
f 567//1663 564//1645 568//1674
f 568//1668 564//1645 569//1675
f 560//1632 569//1676 564//1645
f 560//1631 570//1683 569//1677
f 562//1637 570//1683 560//1631
f 562//1640 571//1691 570//1684
f 572//1702 571//1691 562//1640
f 572//1701 573//1704 571//1692
f 573//1705 572//1700 574//1710
f 575//1713 574//1707 572//1700
f 575//1712 576//1714 574//1708
f 576//1715 575//1711 577//1718
f 575//1711 572//1699 577//1718
f 562//1639 577//1718 572//1699
f 577//1719 562//1638 561//1636
f 576//1716 577//1717 561//1636
f 576//1714 561//1635 578//1723
f 563//1643 578//1720 561//1635
f 578//1721 563//1642 579//1726
f 579//1724 563//1642 565//1649
f 565//1652 573//1706 579//1725
f 573//1703 565//1651 580//1729
f 565//1651 566//1654 580//1729
f 568//1672 580//1727 566//1653
f 580//1728 568//1671 573//1704
f 568//1671 571//1692 573//1704
f 568//1670 570//1685 571//1693
f 568//1669 569//1677 570//1686
f 581//1736 569//1678 570//1687
f 581//1735 567//1665 569//1679
f 581//1734 566//1657 567//1666
f 581//1733 580//1730 566//1658
f 581//1738 571//1694 580//1731
f 581//1737 570//1688 571//1695
f 582//1740 571//1690 570//1688
f 583//1742 571//1698 582//1740
f 583//1741 584//1744 571//1697
f 583//1743 585//1748 584//1745
f 585//1749 583//1742 582//1740
f 585//1747 582//1739 586//1752
f 582//1739 570//1689 586//1752
f 586//1752 570//1682 569//1680
f 586//1750 569//1681 587//1755
f 567//1667 587//1755 569//1681
f 587//1756 567//1661 566//1659
f 568//1673 566//1656 567//1664
f 588//1758 587//1753 566//1659
f 589//1761 587//1753 588//1758
f 587//1754 589//1760 586//1751
f 585//1748 586//1751 589//1760
f 584//1745 585//1748 589//1760
f 589//1759 588//1757 584//1746
f 584//1746 588//1757 580//1732
f 588//1757 566//1660 580//1732
f 580//1731 571//1696 584//1744
f 574//1709 579//1725 573//1706
f 578//1722 579//1725 574//1709
f 574//1708 576//1714 578//1723
o Mesh50
v 5.094 0.09741 4.617
v 5.095 0.04458 4.622
v 5.143 0.09893 4.734
v 5.08 0.03212 4.491
v 5.08 0.08496 4.486
v 5.107 0.0088 4.243
v 5.107 0.06164 4.238
v 5.182 -0.02589 3.871
v 5.182 0.02665 3.866
v 5.192 -0.07827 3.316
v 5.192 -0.02573 3.311
v 5.135 -0.1138 2.944
v 5.134 -0.06094 2.939
v 5.118 -0.1099 2.704
v 5.165 -0.0597 2.699
v 5.126 -0.1345 2.443
v 5.174 -0.08431 2.439
v 5.17 -0.1566 2.208
v 5.22 -0.1151 2.204
v 5.342 -0.08361 2.439
v 5.179 -0.03717 2.937
v 5.237 -0.001813 3.309
v 5.228 0.05056 3.864
v 5.15 0.08539 4.236
v 5.124 0.1087 4.484
v 5.14 0.1212 4.615
v 5.178 0.1174 4.732
v 5.237 0.1012 4.837
v 5.143 0.06536 4.737
v 5.178 0.04719 4.739
v 5.141 0.02119 4.624
v 5.124 0.008729 4.493
v 5.15 -0.0146 4.245
v 5.228 -0.04943 3.873
v 5.238 -0.1018 3.318
v 5.341 0.02202 4.625
v 5.341 -0.01537 4.229
v 5.342 -0.1836 2.448
v 5.18 -0.1372 2.947
v 5.165 -0.1597 2.709
v 5.175 -0.1843 2.448
v 5.22 -0.1976 2.212
v 5.241 -0.1678 2.086
v 5.281 -0.1392 2.084
v 5.343 -0.1146 2.204
v 5.343 -0.1971 2.212
v 5.281 -0.196 2.089
v 5.343 -0.1746 2.009
v 5.343 -0.139 2.084
v 5.343 -0.1957 2.089
v 5.341 0.08462 4.219
v 5.34 0.122 4.615
v 5.34 0.1181 4.732
v 5.34 0.1016 4.837
v 5.34 0.04786 4.739
v 5.34 0.08359 4.839
v 5.237 0.08316 4.839
vn -0.9938 0.006513 0.1111
vn -0.9232 0.03248 0.383
vn -0.4529 0.8738 0.1768
vn -0.4475 0.8775 0.1722
vn -0.4618 0.8864 -0.03222
vn -0.9938 0.006538 0.1111
vn -0.9938 0.006513 0.1111
vn -0.4547 -0.8804 0.1347
vn -0.4407 -0.8333 0.3338
vn -0.4461 -0.8288 0.3376
vn -0.9232 0.03249 0.383
vn -0.4529 0.8738 0.1768
vn -0.9232 0.03249 0.383
vn -0.738 0.06057 0.6721
vn -0.4208 0.8302 0.3656
vn -0.9938 0.006538 0.1111
vn -0.994 -0.01422 -0.1083
vn -0.4654 -0.8845 0.03185
vn -0.4654 -0.874 0.1401
vn -0.4547 -0.8804 0.1347
vn -0.9938 0.006513 0.1111
vn -0.4618 0.8864 -0.03222
vn -0.4724 0.881 -0.02573
vn -0.4724 0.8712 -0.134
vn -0.994 -0.01421 -0.1083
vn -0.9938 0.006538 0.1111
vn -0.4654 -0.8845 0.03185
vn -0.994 -0.01421 -0.1083
vn -0.9805 -0.02238 -0.1954
vn -0.475 -0.8799 -0.01361
vn -0.4766 -0.8785 0.03263
vn -0.4724 0.8712 -0.134
vn -0.4836 0.8652 -0.1321
vn -0.4819 0.858 -0.1778
vn -0.9805 -0.02238 -0.1954
vn -0.994 -0.0142 -0.1083
vn -0.475 -0.8799 -0.01361
vn -0.9805 -0.02238 -0.1954
vn -0.9998 -0.005653 -0.01744
vn -0.4591 -0.8852 0.07531
vn -0.4569 -0.8894 -0.01179
vn -0.4819 0.858 -0.1778
vn -0.4639 0.8678 -0.1778
vn -0.4662 0.88 -0.09146
vn -0.9998 -0.005645 -0.01745
vn -0.9805 -0.02238 -0.1954
vn -0.4591 -0.8852 0.07531
vn -0.9998 -0.005645 -0.01745
vn -0.9883 0.01044 0.1522
vn -0.4599 -0.8744 0.1548
vn -0.458 -0.8753 0.1549
vn -0.4591 -0.8852 0.07531
vn -0.4662 0.88 -0.09146
vn -0.4651 0.8852 -0.01148
vn -0.4669 0.8843 -0.0114
vn -0.9883 0.01042 0.1522
vn -0.9998 -0.005637 -0.01745
vn -0.4599 -0.8744 0.1548
vn -0.9883 0.01042 0.1522
vn -0.9977 0.002433 0.06814
vn -0.7287 -0.6837 0.03868
vn -0.4608 -0.8804 0.1118
vn -0.4669 0.8843 -0.0114
vn -0.4678 0.8821 -0.05471
vn -0.7341 0.6731 -0.08952
vn -0.9977 0.002433 0.06814
vn -0.9883 0.0104 0.1522
vn -0.7287 -0.6837 0.03868
vn -0.9977 0.002433 0.06814
vn -0.7341 0.6731 -0.08952
vn -0.7342 0.6734 -0.08651
vn -0.7288 -0.6835 0.0417
vn -0.4678 0.8821 -0.05471
vn -0.003995 0.9956 -0.09406
vn -0.7224 0.6854 -0.09175
vn -0.7342 0.6734 -0.08651
vn -0.7341 0.6731 -0.08952
vn -0.7288 -0.6835 0.0417
vn -0.7342 0.6734 -0.08651
vn -0.7224 0.6854 -0.09175
vn -0.7163 0.6699 -0.1954
vn -0.7108 -0.7003 -0.06597
vn -0.7169 -0.6961 0.03877
vn -0.003989 0.9956 -0.09406
vn -0.003912 0.9914 -0.1309
vn -0.6329 0.7423 -0.2198
vn -0.7163 0.6699 -0.1954
vn -0.7224 0.6854 -0.09175
vn -0.7108 -0.7003 -0.06597
vn -0.7163 0.6699 -0.1954
vn -0.6329 0.7423 -0.2198
vn -0.5994 0.6838 -0.416
vn -0.5937 -0.7544 -0.2801
vn -0.6269 -0.7754 -0.07638
vn -0.00391 0.9914 -0.1309
vn -0.00376 0.9801 -0.1986
vn -0.5496 0.7203 -0.4232
vn -0.5994 0.6838 -0.416
vn -0.6329 0.7423 -0.2198
vn -0.003988 0.9956 -0.09406
vn 1 0.004039 0.0004002
vn 1 0.004139 0.001476
vn -0.00391 0.9914 -0.1309
vn -0.4651 0.8852 -0.01148
vn -0.003992 0.9956 -0.09406
vn -0.4678 0.8821 -0.05471
vn -0.4669 0.8843 -0.0114
vn -0.4662 0.88 -0.09146
vn -0.003988 0.9956 -0.09406
vn -0.4651 0.8852 -0.01148
vn -0.4639 0.8678 -0.1778
vn -0.003982 0.9956 -0.09406
vn -0.4662 0.88 -0.09146
vn -0.4836 0.8652 -0.1321
vn -0.003987 0.9956 -0.09406
vn -0.4639 0.8678 -0.1778
vn -0.4819 0.858 -0.1778
vn -0.4724 0.881 -0.02573
vn -0.003996 0.9956 -0.09406
vn -0.4836 0.8652 -0.1321
vn -0.4724 0.8712 -0.134
vn -0.4475 0.8775 0.1722
vn -0.004187 0.9994 0.03355
vn -0.003989 0.9956 -0.09406
vn -0.4724 0.881 -0.02573
vn -0.4618 0.8864 -0.03222
vn -0.4529 0.8738 0.1768
vn -0.4208 0.8302 0.3656
vn -0.004322 0.9879 0.155
vn -0.004188 0.9994 0.03355
vn -0.4475 0.8775 0.1722
vn -0.738 0.06054 0.6721
vn -0.001854 0.09406 0.9956
vn -0.004321 0.9879 0.155
vn -0.4208 0.8302 0.3656
vn -0.4461 -0.8288 0.3376
vn -0.4145 -0.7503 0.515
vn -0.738 0.06054 0.6721
vn -0.9232 0.0325 0.383
vn -0.4407 -0.8333 0.3338
vn 0.003717 -0.9755 0.2201
vn 0.003405 -0.9414 0.3373
vn -0.4145 -0.7503 0.515
vn -0.4461 -0.8288 0.3376
vn -0.4547 -0.8804 0.1347
vn -0.4654 -0.874 0.1401
vn 0.004005 -0.9956 0.09406
vn 0.003716 -0.9755 0.2201
vn -0.4407 -0.8333 0.3338
vn -0.4654 -0.8845 0.03185
vn -0.4766 -0.8785 0.03263
vn 0.004024 -0.9956 0.09406
vn -0.4654 -0.874 0.1401
vn -0.475 -0.8799 -0.01361
vn -0.4569 -0.8894 -0.01179
vn 0.003999 -0.9956 0.09406
vn -0.4766 -0.8785 0.03263
vn -0.4591 -0.8852 0.07531
vn 0.003992 -0.9956 0.09406
vn -0.4569 -0.8894 -0.01179
vn -0.458 -0.8753 0.1549
vn 0.003987 -0.9956 0.09406
vn -0.4591 -0.8852 0.07531
vn 0.003716 -0.9755 0.2201
vn 0.003985 -0.9956 0.09406
vn 1 0.004039 0.0003999
vn 1 0.00414 0.001476
vn 0.003718 -0.9755 0.2201
vn 0.003982 -0.9956 0.09406
vn 1 0.004041 0.0003998
vn 1 0.00404 0.0003995
vn 0.003972 -0.9956 0.09406
vn 1 0.00404 0.0004
vn 0.003988 -0.9956 0.09406
vn 0.004052 -0.9984 0.05711
vn 1 0.00414 0.001475
vn -0.4599 -0.8744 0.1548
vn -0.4608 -0.8804 0.1118
vn 0.003986 -0.9956 0.09406
vn -0.458 -0.8753 0.1549
vn -0.7287 -0.6837 0.03868
vn -0.7288 -0.6835 0.0417
vn -0.7169 -0.6961 0.03877
vn 0.003977 -0.9956 0.09406
vn -0.4608 -0.8804 0.1118
vn -0.7108 -0.7003 -0.06597
vn -0.6269 -0.7754 -0.07638
vn 0.004052 -0.9984 0.05711
vn 0.003981 -0.9956 0.09406
vn -0.7169 -0.6961 0.03877
vn -0.5937 -0.7544 -0.2801
vn -0.5436 -0.7911 -0.2804
vn 0.00416 -0.9999 -0.01158
vn 0.004052 -0.9984 0.05711
vn -0.6269 -0.7754 -0.07638
vn -0.5994 0.6838 -0.416
vn -0.5496 0.7203 -0.4232
vn -0.4662 0.5827 -0.6657
vn -0.461 -0.7008 -0.5444
vn -0.5436 -0.7911 -0.2804
vn -0.5937 -0.7544 -0.2801
vn -0.00376 0.9801 -0.1986
vn -0.003089 0.9024 -0.4308
vn -0.4662 0.5827 -0.6657
vn -0.5496 0.7203 -0.4232
vn -0.003908 0.9914 -0.1309
vn 1 0.00414 0.001475
vn -0.00376 0.9801 -0.1986
vn 1 0.00414 0.001475
vn 0.004052 -0.9984 0.05711
vn 0.004155 -0.9999 -0.01158
vn 1 0.004138 0.001476
vn -0.5436 -0.7911 -0.2804
vn -0.461 -0.7008 -0.5444
vn 0.004366 -0.9671 -0.2542
vn 0.004155 -0.9999 -0.01158
vn -0.4662 0.5827 -0.6657
vn -0.003089 0.9024 -0.4308
vn 1 0.004146 0.001485
vn 0.004366 -0.9671 -0.2542
vn -0.461 -0.7008 -0.5444
vn -0.00376 0.9801 -0.1986
vn 1 0.004145 0.001479
vn -0.003089 0.9024 -0.4308
vn 1 0.004138 0.001476
vn 0.004151 -0.9999 -0.01158
vn 0.004366 -0.9671 -0.2542
vn 1 0.004145 0.001479
vn -0.003988 0.9956 -0.09406
vn 1 0.004041 0.0003991
vn 1 0.00404 0.0004
vn -0.003982 0.9956 -0.09406
vn -0.004188 0.9994 0.03355
vn 1 0.004141 0.001476
vn 1 0.00404 0.0003995
vn -0.003993 0.9956 -0.09406
vn -0.004321 0.9879 0.155
vn 1 0.00414 0.001479
vn -0.004188 0.9994 0.03355
vn -0.001845 0.09411 0.9956
vn 1 0.004134 0.001487
vn -0.00432 0.9879 0.155
vn 0.003718 -0.9755 0.2201
vn 1 0.004136 0.001484
vn 0.003401 -0.9414 0.3373
vn -0.001854 0.09406 0.9956
vn 0.003397 -0.9414 0.3373
vn 1 0.004128 0.00149
vn -0.738 0.0605 0.6721
vn -0.4145 -0.7503 0.515
vn 0.003401 -0.9414 0.3373
vn -0.001862 0.09401 0.9956
f 590//1763 591//1772 592//1774
f 591//1768 590//1762 593//1782
f 594//1787 593//1777 590//1767
f 593//1778 594//1786 595//1789
f 596//1797 595//1789 594//1786
f 595//1790 596//1796 597//1799
f 598//1807 597//1799 596//1796
f 597//1800 598//1806 599//1809
f 600//1818 599//1809 598//1806
f 599//1810 600//1817 601//1820
f 602//1828 601//1820 600//1817
f 602//1827 603//1830 601//1821
f 604//1838 603//1831 602//1826
f 604//1837 605//1840 603//1832
f 606//1849 605//1841 604//1836
f 606//1848 607//1851 605//1842
f 607//1852 606//1847 608//1860
f 606//1846 609//1864 608//1856
f 609//1861 606//1845 610//1866
f 604//1835 610//1866 606//1845
f 604//1834 602//1825 610//1867
f 610//1868 602//1824 600//1816
f 610//1865 600//1815 611//1871
f 611//1869 600//1814 612//1874
f 598//1805 612//1874 600//1814
f 598//1804 613//1877 612//1872
f 596//1795 613//1878 598//1803
f 596//1794 614//1881 613//1875
f 596//1793 594//1785 614//1882
f 614//1879 594//1784 615//1886
f 594//1783 590//1766 615//1887
f 615//1883 590//1765 616//1892
f 590//1764 592//1773 616//1888
f 616//1889 592//1776 617//1896
f 592//1775 618//1899 617//1893
f 618//1900 592//1774 591//1772
f 618//1897 591//1771 619//1905
f 591//1770 620//1910 619//1901
f 591//1769 593//1781 620//1906
f 593//1780 621//1914 620//1907
f 593//1779 595//1788 621//1911
f 621//1912 595//1792 622//1918
f 622//1915 595//1791 597//1798
f 622//1916 597//1802 623//1921
f 597//1801 599//1808 623//1919
f 624//1924 623//1919 599//1813
f 624//1923 625//1926 623//1920
f 625//1926 624//1923 626//1933
f 626//1930 624//1923 627//1935
f 624//1923 628//1940 627//1935
f 599//1812 628//1941 624//1922
f 601//1819 628//1938 599//1811
f 601//1823 629//1946 628//1939
f 603//1829 629//1942 601//1822
f 603//1833 605//1839 629//1943
f 605//1844 630//1951 629//1944
f 605//1843 607//1850 630//1947
f 630//1948 607//1855 631//1956
f 631//1952 607//1854 632//1962
f 607//1853 608//1859 632//1957
f 632//1958 608//1858 633//1966
f 608//1857 634//1969 633//1963
f 634//1967 608//1856 609//1864
f 609//1863 635//1973 634//1968
f 627//1937 635//1970 609//1863
f 635//1971 627//1936 631//1955
f 630//1949 631//1955 627//1936
f 627//1935 628//1940 630//1950
f 629//1945 630//1950 628//1940
f 631//1954 636//1977 635//1972
f 631//1953 632//1961 636//1974
f 636//1975 632//1960 637//1982
f 637//1978 632//1959 633//1965
f 633//1964 638//1985 637//1979
f 638//1983 633//1963 634//1969
f 634//1968 639//1989 638//1984
f 635//1973 639//1986 634//1968
f 639//1987 635//1972 636//1977
f 639//1988 636//1976 637//1981
f 637//1980 638//1984 639//1989
f 609//1862 640//1992 627//1934
f 640//1990 609//1861 611//1870
f 611//1870 609//1861 610//1866
f 641//1997 640//1990 611//1870
f 640//1991 641//1996 626//1932
f 625//1927 626//1932 641//1996
f 641//1995 642//1999 625//1928
f 642//2000 641//1994 616//1891
f 615//1884 616//1891 641//1994
f 641//1993 613//1876 615//1885
f 612//1873 613//1876 641//1993
f 611//1870 612//1873 641//1993
f 614//1880 615//1885 613//1876
f 616//1890 617//1895 642//1998
f 643//2003 642//1998 617//1895
f 643//2002 644//2005 642//1999
f 645//2009 644//2005 643//2002
f 645//2008 646//2012 644//2006
f 646//2013 645//2007 617//1894
f 643//2001 617//1894 645//2007
f 646//2010 617//1893 618//1899
f 618//1898 619//1904 646//2011
f 619//1903 644//2006 646//2012
f 644//2004 619//1902 625//1929
f 620//1909 625//1925 619//1902
f 625//1926 620//1908 622//1917
f 621//1913 622//1917 620//1908
f 623//1920 625//1926 622//1917
f 644//2005 625//1928 642//1999
f 626//1931 627//1934 640//1992
o Mesh49
v -0.2277 2.924 5.978
v -0.03348 2.921 5.926
v -0.2271 2.898 5.636
v -0.2276 2.913 5.979
v -0.227 2.887 5.637
v -0.03286 2.895 5.583
v 0.1605 2.926 5.979
v 0.1606 2.915 5.979
v -0.03343 2.91 5.926
v -0.03282 2.884 5.584
v 0.1612 2.889 5.637
v 0.1612 2.9 5.636
vn 0.2609 0.07475 0.9625
vn -0.00402 0.9971 -0.07622
vn -1 -0.004143 -0.001478
vn 0.2609 0.07475 0.9625
vn -0.2643 0.0725 0.9617
vn -0.004013 0.9971 -0.07622
vn -0.00402 0.9971 -0.07622
vn -1 -0.004143 -0.001478
vn -0.00402 0.9971 -0.07622
vn -0.2609 -0.07459 -0.9625
vn -1 -0.004144 -0.001478
vn 0.004016 -0.9971 0.07622
vn 0.2609 0.07475 0.9625
vn -1 -0.004143 -0.001478
vn -0.2609 -0.07459 -0.9625
vn 0.004016 -0.9971 0.07622
vn -1 -0.004144 -0.001478
vn -0.004013 0.9971 -0.07622
vn 0.2644 -0.07234 -0.9617
vn -0.2609 -0.07459 -0.9625
vn -0.00402 0.9971 -0.07622
vn -0.2644 0.07243 0.9617
vn 1 0.00408 0.001483
vn -0.004013 0.9971 -0.07622
vn -0.2643 0.07257 0.9617
vn 0.004018 -0.9971 0.07622
vn 1 0.004101 0.00148
vn -0.2644 0.07243 0.9617
vn 0.2609 0.07475 0.9625
vn 0.004016 -0.9971 0.07622
vn 0.004019 -0.9971 0.07622
vn -0.2643 0.07257 0.9617
vn -0.2609 -0.07458 -0.9625
vn 0.2644 -0.07241 -0.9617
vn 0.004018 -0.9971 0.07622
vn 0.004016 -0.9971 0.07622
vn 0.2644 -0.07228 -0.9617
vn 1 0.00408 0.001483
vn 0.004018 -0.9971 0.07622
vn 0.2644 -0.07241 -0.9617
vn -0.004012 0.9971 -0.07622
vn 1 0.004059 0.001485
vn 0.2644 -0.07228 -0.9617
f 647//2015 648//2020 649//2022
f 647//2014 650//2026 648//2017
f 650//2024 647//2016 651//2030
f 649//2021 651//2027 647//2016
f 649//2023 652//2033 651//2028
f 652//2034 649//2022 648//2020
f 648//2019 653//2037 652//2031
f 653//2035 648//2018 654//2041
f 655//2045 654//2038 648//2018
f 655//2044 656//2048 654//2039
f 656//2049 655//2043 651//2029
f 650//2025 651//2029 655//2043
f 655//2042 648//2017 650//2026
f 656//2046 651//2028 652//2033
f 656//2047 652//2032 657//2053
f 658//2056 657//2050 652//2032
f 658//2055 653//2036 657//2051
f 658//2054 652//2031 653//2037
f 654//2040 657//2051 653//2036
f 657//2052 654//2039 656//2048
o Mesh48
v -0.03724 -0.4878 3.939
v 0.004392 -0.4877 3.939
v -0.03747 -0.437 3.955
v -0.03701 -0.4826 3.767
v 0.004625 -0.4824 3.767
v 0.004159 -0.4368 3.955
vn 0.004184 -0.9995 -0.0307
vn -0.0001667 -0.2978 0.9546
vn -1 -0.004133 -0.001478
vn 0.004175 -0.9995 -0.0307
vn 1 0.004131 0.001484
vn -0.000191 -0.2978 0.9546
vn -1 -0.004133 -0.001478
vn -0.000191 -0.2978 0.9546
vn 0.004175 -0.9995 -0.0307
vn -1 -0.004133 -0.001478
vn 1 0.004131 0.001484
vn 0.004166 -0.9995 -0.0307
vn -0.0002154 -0.2978 0.9546
vn 1 0.004131 0.001484
f 659//2058 660//2062 661//2064
f 659//2057 662//2065 660//2060
f 662//2066 659//2059 661//2063
f 663//2068 660//2060 662//2065
f 660//2061 663//2067 664//2070
f 664//2069 661//2064 660//2062
o Mesh47
v 0.02275 -0.6474 3.841
v 0.0229 -0.6668 3.794
v 0.04216 -0.6473 3.841
v 0.02198 -0.4641 3.844
v 0.02233 -0.5489 3.846
v 0.04174 -0.5488 3.846
v 0.04194 -0.6008 3.86
v 0.02253 -0.6009 3.86
v 0.04139 -0.464 3.844
v 0.04231 -0.6667 3.794
v 0.0423 -0.6476 3.748
v 0.02289 -0.6477 3.748
v 0.02251 -0.5163 3.631
v -0.05421 -0.5166 3.631
v 0.04089 -0.4147 4.046
v 0.03882 -0.1741 5.002
v 0.04193 -0.5162 3.631
v 0.05662 -0.3405 3.185
v -0.07362 -0.5167 3.631
v -0.05384 -0.648 3.748
v -0.05474 -0.4644 3.844
v -0.07416 -0.4645 3.844
v -0.07466 -0.4152 4.046
v -0.0774 -0.1746 5.002
v -0.07678 -0.243 5.002
v -0.07451 -0.4667 4.091
v 0.04104 -0.4663 4.091
v 0.03877 -0.2425 5.002
v -0.08846 -0.3411 3.185
v -0.07325 -0.6481 3.748
v -0.07324 -0.6672 3.794
v -0.05383 -0.6671 3.794
v -0.05398 -0.6477 3.841
v -0.0544 -0.5492 3.846
v -0.0542 -0.6012 3.86
v -0.07361 -0.6012 3.86
v -0.07381 -0.5493 3.846
v -0.07339 -0.6478 3.841
vn -1 -0.004141 -0.001473
vn 0.003252 -0.9229 0.385
vn 0.0002109 -0.3803 0.9249
vn -1 -0.00414 -0.001436
vn -1 -0.004139 -0.001484
vn 0.004406 -0.9248 -0.3803
vn 0.003269 -0.9229 0.385
vn 0.0002109 -0.3803 0.9249
vn 0.003269 -0.9229 0.385
vn 1 0.004141 0.001448
vn 0.0001155 -0.3803 0.9249
vn -0.001606 0.02008 0.9998
vn -1 -0.004141 -0.001457
vn 0.003646 -0.9713 0.2377
vn -0.001556 0.02009 0.9998
vn 0.00365 -0.9713 0.2377
vn -1 -0.004138 -0.001489
vn -0.002613 0.2649 0.9643
vn -0.001655 0.02007 0.9998
vn -1 -0.004143 -0.001383
vn 1 0.004143 0.001381
vn -0.001606 0.02008 0.9998
vn -0.002616 0.2649 0.9643
vn 1 0.004138 0.001489
vn 1 0.004138 0.001489
vn -0.002613 0.2649 0.9643
vn 0.0001155 -0.3803 0.9249
vn -1 -0.004138 -0.001489
vn 0.0001632 -0.3803 0.9249
vn -0.002609 0.2649 0.9643
vn 0.003646 -0.9713 0.2377
vn 0.003706 -0.9713 0.2377
vn 0.9988 -0.0479 0.01421
vn 0.003646 -0.9713 0.2377
vn 0.9987 -0.04869 0.01441
vn -0.001556 0.02009 0.9998
vn 1 0.004141 0.001452
vn 0.004423 -0.9248 -0.3803
vn 1 0.004143 0.001466
vn 0.003286 -0.9229 0.385
vn 0.004389 -0.9248 -0.3803
vn 0.003865 -0.6646 -0.7472
vn 1 0.00414 0.001467
vn 0.004423 -0.9248 -0.3803
vn -1 -0.004141 -0.001487
vn 0.003852 -0.6646 -0.7472
vn 0.004389 -0.9248 -0.3803
vn 0.003676 -0.9713 0.2377
vn 0.003861 -0.6646 -0.7472
vn -1 -0.004145 -0.001478
vn 0.00441 -0.9304 -0.3665
vn 0.003663 -0.9713 0.2377
vn 0.003803 -0.6646 -0.7472
vn 0.004392 -0.9304 -0.3666
vn 0.004395 -0.9304 -0.3666
vn 0.003663 -0.9713 0.2377
vn 0.003729 -0.9713 0.2377
vn 1 0.004136 0.001476
vn 0.003646 -0.9713 0.2377
vn 0.9987 -0.04869 0.01441
vn 1 -0.0007892 0.002364
vn 1 0.004143 0.001476
vn 0.003839 -0.6598 -0.7514
vn 0.003668 -0.9713 0.2377
vn -0.001488 0.002568 1
vn 1 -0.0007892 0.002364
vn 0.9988 -0.04782 0.01419
vn 1 0.004136 0.001476
vn 0.003877 -0.6646 -0.7472
vn 0.004426 -0.9304 -0.3665
vn 0.9988 -0.04738 0.01408
vn 0.003706 -0.9713 0.2377
vn 0.9988 -0.04766 0.01415
vn 0.004401 -0.9304 -0.3666
vn 0.003816 -0.6646 -0.7472
vn -1 -0.004139 -0.00148
vn -0.9984 -0.05585 0.01118
vn 0.004393 -0.9304 -0.3666
vn 0.0037 -0.9713 0.2377
vn 1 0.00414 0.001467
vn 0.004355 -0.9249 -0.3803
vn 0.003816 -0.6646 -0.7472
vn 0.003677 -0.9713 0.2377
vn -0.001557 0.02009 0.9998
vn 1 0.00414 0.001512
vn 0.0037 -0.9713 0.2377
vn -1 -0.004141 -0.001453
vn -0.001606 0.02008 0.9998
vn 0.003674 -0.9713 0.2377
vn -0.9984 -0.05541 0.01107
vn 0.00367 -0.9713 0.2377
vn 0.003844 -0.6598 -0.7515
vn -1 -0.004143 -0.001476
vn -1 -0.009071 -0.0005893
vn -0.9984 -0.05506 0.01098
vn 0.003677 -0.9713 0.2377
vn -0.9984 -0.05559 0.01111
vn -1 -0.009071 -0.0005893
vn -0.001484 0.002575 1
vn -1 -0.004143 -0.001476
vn 0.003669 -0.9711 0.2385
vn -0.00148 0.002582 1
vn -1 -0.009071 -0.0005893
vn 0.00385 -0.6598 -0.7515
vn 0.003669 -0.9711 0.2385
vn -1 -0.004143 -0.001476
vn 1 0.004143 0.001476
vn 0.003669 -0.9711 0.2385
vn 0.003844 -0.6598 -0.7515
vn 1 -0.0007892 0.002364
vn -0.001484 0.002575 1
vn 0.003669 -0.9711 0.2385
vn 1 0.004143 0.001476
vn 0.004396 -0.9304 -0.3666
vn -0.9984 -0.05593 0.0112
vn 0.003828 -0.6646 -0.7472
vn 0.004355 -0.9249 -0.3803
vn -1 -0.00414 -0.001478
vn 0.004354 -0.9249 -0.3803
vn 0.00323 -0.9229 0.385
vn -1 -0.004141 -0.001475
vn 0.004355 -0.9249 -0.3803
vn 1 0.004143 0.001466
vn 0.003218 -0.9229 0.385
vn 0.004354 -0.9249 -0.3803
vn 1 0.004142 0.0016
vn 0.0001585 -0.3803 0.9249
vn 0.00323 -0.9229 0.385
vn 1 0.004141 0.001473
vn -0.001606 0.02008 0.9998
vn -0.002609 0.2649 0.9643
vn 1 0.004142 0.0016
vn 0.0001109 -0.3803 0.9249
vn 1 0.004146 0.001519
vn -0.002608 0.2649 0.9643
vn 0.0001585 -0.3803 0.9249
vn -0.002606 0.2649 0.9643
vn -1 -0.004138 -0.001489
vn -1 -0.00414 -0.001436
vn -0.002608 0.2649 0.9643
vn -0.001655 0.02007 0.9998
vn -1 -0.004142 -0.001473
vn 0.003241 -0.9229 0.385
vn 0.0002062 -0.3803 0.9249
vn -1 -0.00414 -0.001436
f 665//2072 666//2077 667//2079
f 665//2071 668//2083 666//2075
f 669//2090 668//2083 665//2074
f 669//2089 670//2092 668//2082
f 670//2093 669//2088 671//2096
f 672//2100 671//2096 669//2088
f 671//2097 672//2099 667//2081
f 665//2073 667//2078 672//2099
f 672//2098 669//2087 665//2074
f 671//2095 667//2080 670//2094
f 670//2091 667//2080 673//2107
f 667//2080 674//2109 673//2107
f 674//2110 667//2079 666//2077
f 674//2108 666//2076 675//2114
f 676//2117 675//2111 666//2076
f 676//2116 677//2119 675//2112
f 677//2120 676//2115 668//2083
f 666//2075 668//2083 676//2115
f 668//2084 677//2118 673//2101
f 668//2086 678//2126 677//2122
f 668//2086 679//2134 678//2126
f 673//2104 679//2129 668//2086
f 679//2130 673//2105 680//2137
f 673//2103 681//2141 680//2137
f 681//2138 673//2107 675//2113
f 681//2142 673//2102 677//2118
f 681//2139 675//2112 677//2119
f 681//2140 677//2121 682//2144
f 677//2121 678//2125 682//2144
f 678//2124 683//2148 682//2144
f 678//2123 684//2152 683//2145
f 678//2128 685//2155 684//2150
f 678//2127 685//2156 683//2149
f 678//2126 679//2134 685//2153
f 685//2153 679//2134 686//2159
f 687//2166 686//2159 679//2134
f 687//2165 688//2167 686//2160
f 688//2168 687//2164 689//2173
f 687//2163 690//2176 689//2170
f 690//2174 687//2162 691//2179
f 679//2133 691//2179 687//2162
f 691//2177 679//2132 692//2183
f 679//2131 680//2136 692//2180
f 680//2135 688//2169 692//2181
f 689//2172 692//2181 688//2169
f 689//2171 690//2175 692//2182
f 691//2178 692//2182 690//2175
f 686//2160 688//2167 683//2147
f 693//2185 683//2147 688//2167
f 693//2184 682//2144 683//2148
f 683//2146 694//2188 686//2157
f 694//2186 683//2145 684//2152
f 694//2187 684//2151 695//2192
f 696//2195 695//2189 684//2151
f 696//2194 697//2198 695//2190
f 697//2199 696//2193 685//2155
f 696//2193 684//2150 685//2155
f 698//2202 697//2196 685//2155
f 699//2204 697//2196 698//2202
f 699//2203 700//2206 697//2197
f 700//2207 699//2205 701//2210
f 698//2201 701//2210 699//2205
f 701//2211 698//2200 686//2158
f 685//2154 686//2158 698//2200
f 686//2161 683//2149 685//2156
f 701//2209 686//2157 702//2215
f 702//2212 686//2157 695//2191
f 695//2191 686//2157 694//2188
f 702//2213 695//2190 697//2198
f 702//2214 697//2197 700//2206
f 700//2208 701//2209 702//2215
f 682//2143 680//2137 681//2141
f 674//2109 675//2113 673//2107
f 673//2106 668//2085 670//2092
o Mesh46
v 2.547 0.04818 0.4533
v 2.51 0.04985 0.4122
v 4.842 -0.05722 3.045
v 4.806 -0.05555 3.004
v 4.454 -0.03939 2.607
v 4.418 -0.03772 2.566
v 4.248 -0.0294 2.343
v 4.132 -0.02407 2.212
v 4.022 -0.01957 2.119
v 3.986 -0.0179 2.078
v 3.634 -0.001722 1.68
v 3.597 -5.106E-05 1.639
v 3.14 0.02096 1.123
v 3.103 0.02263 1.082
v 2.902 0.03241 0.8227
v 2.786 0.03776 0.6914
v 2.246 0.122 -0.04093
v 2.23 0.1576 0.1617
v 5.027 -0.0102 3.085
v 2.239 0.1319 0.05653
v 2.249 0.08753 -0.02853
v 2.253 0.06131 -0.05732
v 2.255 0.08097 -0.1572
v 2.257 0.06032 -0.159
v 2.258 0.05999 -0.1928
v 5.059 -0.06819 2.98
v 5.051 -0.04611 3.007
v 5.027 -0.06605 3.075
v 5.051 -0.06765 3.004
v 4.931 -0.06165 2.967
v 5.022 -0.03967 3.093
v 5.006 -0.004892 3.149
v 4.985 0.01626 3.218
v 2.599 0.04542 0.3334
v 2.636 0.04375 0.3745
v 2.866 0.03316 0.6349
v 2.97 0.02839 0.7521
v 3.192 0.0182 1.003
v 3.206 0.01754 1.019
v 3.228 0.01653 1.044
v 3.686 -0.004478 1.561
v 3.722 -0.006149 1.602
v 4.075 -0.02233 2
v 4.111 -0.024 2.041
v 4.213 -0.02866 2.155
v 4.316 -0.03343 2.272
v 4.506 -0.04215 2.487
v 4.543 -0.04382 2.528
v 4.895 -0.05998 2.926
vn -0.04805 -0.9988 0.001964
vn -0.04805 -0.9988 0.001964
vn -0.04805 -0.9988 0.001958
vn -0.04806 -0.9988 0.001958
vn -0.04806 -0.9988 0.001954
vn -0.04806 -0.9988 0.001951
vn -0.0527 -0.9986 0.006073
vn -0.05269 -0.9986 0.006071
vn -0.04805 -0.9988 0.001958
vn -0.04807 -0.9988 0.001953
vn -0.04807 -0.9988 0.001945
vn -0.04807 -0.9988 0.001944
vn -0.04806 -0.9988 0.001949
vn -0.04805 -0.9988 0.001952
vn -0.0527 -0.9986 0.00607
vn -0.05271 -0.9986 0.006072
vn -0.9966 -0.02603 -0.07754
vn 0.2161 0.9645 -0.1515
vn 0.3633 0.8868 -0.2856
vn -0.9944 -0.09758 -0.04167
vn -0.9932 -0.08814 -0.07619
vn -0.9937 -0.08638 -0.07122
vn -0.9966 -0.02603 -0.07754
vn -0.2769 -0.9385 0.2063
vn 0.1959 0.9717 -0.1317
vn 0.2161 0.9645 -0.1515
vn 0.3633 0.8868 -0.2856
vn 0.2161 0.9645 -0.1515
vn 0.1959 0.9717 -0.1317
vn 0.9302 -0.1673 0.3266
vn 0.9445 -0.06195 0.3226
vn 0.9426 -0.05994 0.3286
vn 0.9453 -0.05855 0.3208
vn 0.3703 0.8819 -0.2918
vn -0.9937 -0.08638 -0.07122
vn -0.4533 -0.8111 0.3698
vn -0.2767 -0.9386 0.2061
vn -0.9966 -0.02603 -0.07754
vn -0.9932 -0.08814 -0.07619
vn -0.5852 -0.6432 0.4938
vn -0.4546 -0.8097 0.371
vn -0.4533 -0.8111 0.3698
vn -0.9937 -0.08638 -0.07122
vn -0.9944 -0.09758 -0.04167
vn -0.9973 -0.06505 -0.03533
vn -0.05455 -0.9985 0.007791
vn -0.05165 -0.9987 0.005135
vn -0.6553 -0.5071 0.5598
vn -0.5852 -0.6432 0.4938
vn -0.9932 -0.08814 -0.07619
vn 0.3633 0.8868 -0.2856
vn 0.3703 0.8819 -0.2918
vn 0.5 0.7622 -0.4112
vn -0.9973 -0.06504 -0.03535
vn -0.9944 -0.09758 -0.04167
vn -0.05455 -0.9985 0.007791
vn -0.9973 -0.06504 -0.03535
vn -0.05451 -0.9985 0.007784
vn -0.05159 -0.9987 0.005172
vn 0.5 0.7622 -0.4112
vn 0.5343 0.7201 -0.4426
vn -0.05451 -0.9985 0.007784
vn -0.9973 -0.06504 -0.03536
vn -0.05159 -0.9987 0.005172
vn -0.05451 -0.9985 0.007784
vn 0.5343 0.7201 -0.4426
vn 0.9455 -0.06396 0.3192
vn 0.9453 -0.05855 0.3208
vn 0.9455 -0.06396 0.3192
vn 0.5343 0.7201 -0.4426
vn 0.5 0.7622 -0.4112
vn 0.3703 0.8819 -0.2918
vn 0.9426 -0.05994 0.3286
vn -0.6557 -0.5063 0.5601
vn -0.0517 -0.9986 0.00517
vn 0.9455 -0.06396 0.3193
vn 0.9453 -0.05855 0.3208
vn -0.05455 -0.9985 0.007791
vn -0.05159 -0.9987 0.005172
vn 0.9455 -0.06396 0.3192
vn -0.05173 -0.9986 0.005206
vn -0.04805 -0.9988 0.001959
vn -0.6557 -0.5063 0.5601
vn -0.6557 -0.5063 0.5601
vn -0.0517 -0.9986 0.005186
vn 0.9445 -0.06195 0.3226
vn -0.4546 -0.8097 0.371
vn -0.5852 -0.6432 0.4938
vn -0.6557 -0.5063 0.5601
vn 0.9426 -0.05994 0.3286
vn 0.9302 -0.1673 0.3266
vn -0.2765 -0.9387 0.2059
vn -0.4533 -0.8111 0.3698
vn -0.4546 -0.8097 0.371
vn 0.9445 -0.06195 0.3226
vn -0.2767 -0.9386 0.2061
vn 0.9302 -0.1673 0.3266
vn 0.1959 0.9717 -0.1317
vn -0.04805 -0.9988 0.001964
vn -0.6553 -0.5071 0.5598
vn -0.0521 -0.9986 0.005548
vn -0.6554 -0.507 0.5598
vn -0.04805 -0.9988 0.001965
vn -0.04805 -0.9988 0.001965
vn -0.05202 -0.9986 0.005478
vn -0.6558 -0.5061 0.5602
vn -0.05271 -0.9986 0.006072
vn -0.05165 -0.9987 0.005135
vn -0.6558 -0.506 0.5602
vn -0.0518 -0.9986 0.005276
vn -0.05269 -0.9986 0.006069
vn -0.05269 -0.9986 0.006069
vn -0.6556 -0.5065 0.5601
vn -0.0518 -0.9986 0.005275
vn -0.04805 -0.9988 0.001952
vn -0.05166 -0.9987 0.00514
vn -0.6554 -0.507 0.5598
vn -0.05151 -0.9987 0.005006
vn -0.05102 -0.9987 0.00457
vn -0.05152 -0.9987 0.00501
vn -0.6557 -0.5062 0.5602
vn -0.05398 -0.9985 0.007194
vn -0.05102 -0.9987 0.00457
vn -0.6564 -0.5046 0.5608
vn -0.05161 -0.9987 0.005094
vn -0.04807 -0.9988 0.001944
vn -0.05164 -0.9987 0.005123
vn -0.6558 -0.5061 0.5602
vn -0.05158 -0.9987 0.005071
vn -0.04806 -0.9988 0.001946
vn -0.04806 -0.9988 0.001946
vn -0.6558 -0.506 0.5603
vn -0.05164 -0.9987 0.005126
vn -0.04807 -0.9988 0.001953
vn -0.05186 -0.9986 0.005339
vn -0.6555 -0.5067 0.56
vn -0.05202 -0.9986 0.005497
vn -0.04804 -0.9988 0.001963
vn -0.04804 -0.9988 0.001963
vn -0.6555 -0.5068 0.5599
vn -0.05176 -0.9986 0.00524
vn -0.05269 -0.9986 0.006071
vn -0.05157 -0.9987 0.005055
vn -0.6557 -0.5062 0.5602
vn -0.05164 -0.9987 0.005126
vn -0.05271 -0.9986 0.006075
vn -0.05271 -0.9986 0.006075
vn -0.6557 -0.5062 0.5601
vn -0.05167 -0.9987 0.005157
vn -0.04806 -0.9988 0.001951
vn -0.05175 -0.9986 0.005231
vn -0.6557 -0.5063 0.5601
vn -0.05178 -0.9986 0.005273
vn -0.04805 -0.9988 0.001956
vn -0.04805 -0.9988 0.001956
vn -0.6557 -0.5063 0.5601
vn -0.05174 -0.9986 0.005224
vn -0.04806 -0.9988 0.001958
vn -0.0517 -0.9986 0.005188
vn -0.6557 -0.5063 0.5601
vn -0.05171 -0.9986 0.005203
vn -0.04805 -0.9988 0.001959
f 719//2233 720//2241 721//2243
f 719//2232 722//2253 720//2238
f 719//2237 723//2258 722//2250
f 719//2236 724//2265 723//2254
f 725//2270 724//2259 719//2235
f 724//2260 725//2269 726//2272
f 727//2278 726//2272 725//2269
f 726//2273 727//2277 728//2280
f 727//2276 729//2285 728//2281
f 727//2275 725//2268 729//2286
f 725//2267 721//2249 729//2287
f 725//2266 719//2234 721//2242
f 730//2292 729//2283 721//2248
f 730//2291 731//2295 729//2284
f 730//2290 732//2300 731//2296
f 730//2289 733//2304 732//2299
f 730//2288 721//2247 733//2305
f 733//2301 721//2246 734//2310
f 734//2306 721//2245 735//2312
f 720//2240 735//2313 721//2244
f 720//2239 722//2252 735//2311
f 734//2307 735//2311 722//2252
f 722//2251 723//2257 734//2308
f 734//2309 723//2256 733//2302
f 723//2255 724//2264 733//2303
f 724//2263 736//2315 733//2304
f 724//2262 731//2296 736//2316
f 724//2261 726//2271 731//2293
f 731//2294 726//2274 728//2279
f 728//2282 729//2284 731//2295
f 737//2320 736//2316 731//2296
f 737//2319 703//2216 736//2318
f 704//2217 736//2314 703//2216
f 737//2321 733//2304 736//2317
f 738//2324 733//2304 737//2321
f 739//2328 733//2304 738//2324
f 740//2332 733//2304 739//2328
f 741//2336 733//2304 740//2332
f 742//2339 733//2304 741//2336
f 743//2343 733//2304 742//2339
f 744//2347 733//2304 743//2343
f 745//2351 733//2304 744//2347
f 746//2355 733//2304 745//2351
f 747//2359 733//2304 746//2355
f 748//2363 733//2304 747//2359
f 749//2367 733//2304 748//2363
f 750//2371 733//2304 749//2367
f 751//2375 733//2304 750//2371
f 732//2298 733//2304 751//2375
f 732//2300 751//2376 731//2296
f 732//2297 705//2218 751//2377
f 706//2219 751//2373 705//2218
f 751//2374 750//2372 731//2296
f 750//2372 749//2368 731//2296
f 750//2370 707//2220 749//2369
f 708//2221 749//2365 707//2220
f 749//2366 748//2364 731//2296
f 748//2364 747//2360 731//2296
f 748//2362 709//2222 747//2361
f 710//2223 747//2357 709//2222
f 747//2358 746//2356 731//2296
f 746//2356 745//2352 731//2296
f 746//2354 711//2224 745//2353
f 712//2225 745//2349 711//2224
f 745//2350 744//2348 731//2296
f 744//2348 743//2344 731//2296
f 744//2346 713//2226 743//2345
f 714//2227 743//2341 713//2226
f 743//2342 742//2340 731//2296
f 742//2340 741//2335 731//2296
f 741//2337 742//2338 740//2334
f 742//2338 715//2228 740//2334
f 716//2229 740//2330 715//2228
f 741//2335 740//2333 731//2296
f 740//2331 739//2329 731//2296
f 739//2329 738//2325 731//2296
f 739//2327 717//2230 738//2326
f 718//2231 738//2322 717//2230
f 738//2323 737//2320 731//2296
o Mesh45
v 2.182 0.6404 -1.617
v 1.358 0.636 -1.572
v 2.37 0.6552 -1.183
v 1.262 0.6282 -1.688
v 1.262 0.6029 -1.686
v 1.155 0.6239 -1.759
v 1.164 0.6053 -2.36
v 1.164 0.5191 -2.353
v 1.227 0.5031 -2.825
v 1.226 0.5467 -2.827
v 1.246 0.515 -2.95
v 2.303 0.6035 -1.832
v 2.239 0.623 -1.79
v 2.299 0.6308 -1.697
v 2.321 0.6391 -1.589
v 2.389 0.6234 -1.582
v 2.321 0.6068 -1.587
v 2.182 0.6012 -1.614
v 2.299 0.598 -1.695
v 2.239 0.5911 -1.787
v 1.155 0.5959 -1.757
v 1.358 0.6134 -1.571
v 1.401 0.635 -1.441
v 2.369 0.6124 -1.72
vn -0.008587 0.9981 -0.06039
vn -0.007014 0.9995 -0.03096
vn 0.01806 0.999 -0.04181
vn 0.02601 0.9963 -0.08204
vn 0.01715 0.9953 -0.09481
vn 0.03146 0.9954 -0.09011
vn -0.01183 0.9994 -0.03099
vn -0.009695 0.9989 -0.04628
vn -0.008587 0.9981 -0.06039
vn -0.772 0.05074 0.6336
vn -0.9501 0.02514 0.3109
vn -0.02503 0.9996 0.01586
vn -0.007014 0.9995 -0.03096
vn 0.01806 0.999 -0.04181
vn -0.007014 0.9995 -0.03096
vn -0.02503 0.9996 0.01586
vn -0.02578 -0.9845 0.1735
vn -0.007931 -0.9918 0.1277
vn 0.01708 -0.993 0.1169
vn 0.2318 -0.9688 0.08772
vn 0.2323 0.9704 -0.06674
vn -0.009695 0.9989 -0.04628
vn -0.5527 0.06633 0.8308
vn -0.772 0.05073 0.6336
vn -0.008587 0.9981 -0.06039
vn -0.772 0.05074 0.6336
vn -0.5527 0.06633 0.8308
vn -0.01081 -0.9934 0.1144
vn -0.009524 -0.9951 0.09805
vn -0.01183 0.9994 -0.03099
vn -0.9999 -0.0007614 -0.01425
vn -0.5527 0.06633 0.8308
vn -0.009695 0.9989 -0.04628
vn 0.03146 0.9954 -0.09011
vn 0.04648 0.9919 -0.1183
vn -0.9912 -0.01019 -0.1319
vn -0.9999 -0.0007468 -0.01425
vn -0.01183 0.9994 -0.03099
vn -0.9999 -0.0007614 -0.01425
vn -0.9912 -0.01011 -0.1319
vn 0.04572 -0.9982 0.03995
vn 0.03064 -0.9972 0.06846
vn -0.01265 -0.9918 0.1275
vn -0.9912 -0.01026 -0.1319
vn -0.9879 -0.01127 -0.1544
vn 0.1557 -0.9854 -0.06927
vn 0.1484 -0.987 -0.06111
vn 0.04572 -0.9982 0.03995
vn -0.9912 -0.01011 -0.1319
vn 0.04648 0.9919 -0.1183
vn 0.1492 0.9648 -0.2166
vn 0.1556 0.9622 -0.2234
vn -0.9879 -0.01127 -0.1544
vn -0.9912 -0.01026 -0.1319
vn 0.1557 -0.9854 -0.06927
vn -0.9879 -0.01127 -0.1544
vn 0.1556 0.9622 -0.2234
vn 0.1557 -0.9854 -0.06927
vn 0.1556 0.9622 -0.2234
vn 0.1492 0.9648 -0.2166
vn 0.1747 0.9681 -0.1796
vn 0.1737 -0.9845 -0.02417
vn 0.1484 -0.987 -0.06111
vn 0.01715 0.9953 -0.09481
vn 0.186 0.9616 -0.2018
vn 0.1747 0.9681 -0.1796
vn 0.1492 0.9648 -0.2166
vn 0.04648 0.9919 -0.1183
vn 0.03146 0.9954 -0.09011
vn 0.02601 0.9963 -0.08204
vn 0.2368 0.9639 -0.1218
vn 0.2187 0.9699 -0.1074
vn 0.186 0.9616 -0.2018
vn 0.01715 0.9953 -0.09481
vn 0.01806 0.999 -0.04181
vn 0.2323 0.9704 -0.06674
vn 0.2368 0.9639 -0.1218
vn 0.02601 0.9963 -0.08204
vn 0.2318 -0.9688 0.08772
vn 0.2363 -0.9711 0.03198
vn 0.2179 -0.9748 0.04737
vn 0.2187 0.9699 -0.1074
vn 0.2368 0.9639 -0.1218
vn 0.2323 0.9704 -0.06674
vn 0.01708 -0.993 0.1169
vn 0.02511 -0.9968 0.07639
vn 0.2363 -0.9711 0.03198
vn 0.2318 -0.9688 0.08772
vn -0.007931 -0.9918 0.1277
vn -0.009524 -0.9951 0.09805
vn -0.01081 -0.9934 0.1144
vn -0.01265 -0.9918 0.1275
vn 0.03064 -0.9972 0.06846
vn 0.01639 -0.9978 0.06385
vn 0.02511 -0.9968 0.07639
vn 0.01708 -0.993 0.1169
vn 0.2363 -0.9711 0.03198
vn 0.02511 -0.9968 0.07639
vn 0.01639 -0.9978 0.06385
vn 0.1851 -0.9816 -0.04743
vn 0.2179 -0.9748 0.04737
vn 0.04572 -0.9982 0.03995
vn 0.1484 -0.987 -0.06111
vn 0.1737 -0.9845 -0.02417
vn 0.1851 -0.9816 -0.04743
vn 0.01639 -0.9978 0.06385
vn 0.03064 -0.9972 0.06846
vn -0.01081 -0.9934 0.1144
vn -0.5527 0.06633 0.8308
vn -0.9999 -0.0007761 -0.01425
vn -0.01265 -0.9918 0.1275
vn -0.9501 0.02514 0.3109
vn -0.772 0.05076 0.6336
vn -0.009524 -0.9951 0.09805
vn -0.007931 -0.9918 0.1277
vn -0.02578 -0.9845 0.1735
vn -0.02503 0.9996 0.01586
vn -0.9501 0.02514 0.3109
vn -0.02578 -0.9845 0.1735
vn 0.1747 0.9681 -0.1796
vn 0.186 0.9616 -0.2018
vn 0.2187 0.9699 -0.1074
vn 0.2179 -0.9748 0.04737
vn 0.1851 -0.9816 -0.04743
vn 0.1737 -0.9845 -0.02417
f 752//2379 753//2390 754//2392
f 755//2402 753//2386 752//2378
f 755//2401 756//2403 753//2387
f 755//2400 757//2409 756//2404
f 757//2410 755//2399 752//2385
f 758//2415 757//2407 752//2384
f 758//2414 759//2416 757//2408
f 759//2417 758//2413 760//2426
f 761//2431 760//2421 758//2413
f 761//2430 762//2433 760//2422
f 762//2434 761//2429 763//2436
f 761//2428 764//2444 763//2437
f 761//2427 758//2412 764//2445
f 758//2411 752//2383 764//2446
f 764//2441 752//2382 765//2451
f 765//2447 752//2381 766//2455
f 766//2452 752//2380 754//2391
f 766//2453 754//2398 767//2461
f 754//2397 768//2465 767//2456
f 769//2473 768//2462 754//2396
f 769//2472 770//2475 768//2463
f 769//2471 771//2483 770//2476
f 769//2470 759//2419 771//2484
f 772//2488 759//2420 769//2469
f 772//2487 757//2408 759//2416
f 772//2486 756//2404 757//2409
f 756//2405 772//2485 769//2468
f 773//2491 756//2406 769//2467
f 773//2490 753//2387 756//2403
f 753//2388 773//2489 774//2495
f 774//2496 773//2493 754//2394
f 773//2492 769//2466 754//2395
f 753//2389 774//2494 754//2393
f 759//2418 760//2425 771//2479
f 771//2480 760//2424 763//2440
f 760//2423 762//2432 763//2435
f 771//2481 763//2439 775//2502
f 763//2438 764//2443 775//2497
f 764//2442 765//2450 775//2498
f 775//2499 765//2449 767//2459
f 765//2448 766//2454 767//2460
f 770//2478 775//2500 767//2458
f 770//2477 771//2482 775//2501
f 768//2464 770//2474 767//2457
o Mesh44
v 3.845 0.03093 3.813
v 3.971 0.02738 3.813
v 3.901 -0.183 3.879
v 3.841 -0.109 3.765
v 3.904 -0.1492 3.767
v 3.835 -0.1441 3.879
v 3.832 0.000843 3.878
v 3.858 0.01912 4.219
v 3.86 -0.0446 4.219
v 3.903 -0.01284 4.432
v 3.948 -0.04699 4.219
v 3.969 -0.1479 3.879
v 3.967 -0.1126 3.766
v 3.98 -0.005926 3.879
v 3.953 0.0155 4.219
v 3.922 0.03349 4.535
v 3.906 0.04085 4.602
v 3.888 0.03429 4.534
vn -0.9838 0.08162 -0.1597
vn 0.9922 0.01484 -0.1237
vn -0.488 -0.8264 -0.281
vn -0.5119 -0.8179 -0.2628
vn 0.4814 -0.843 -0.24
vn 0.4429 -0.8549 -0.2702
vn 0.4415 -0.8525 0.2797
vn 0.5461 -0.8012 0.2448
vn -0.6071 -0.7588 0.2357
vn -0.4897 -0.8266 0.2774
vn -0.5119 -0.8179 -0.2628
vn -0.488 -0.8264 -0.281
vn -0.998 -0.02305 -0.05903
vn -0.9838 0.08162 -0.1597
vn 0.4814 -0.843 -0.24
vn -0.5119 -0.8179 -0.2628
vn -0.4897 -0.8266 0.2774
vn -0.9961 -0.03217 0.08221
vn -0.9967 -0.02266 0.07769
vn -0.998 -0.02305 -0.05903
vn -0.488 -0.8264 -0.281
vn -0.9838 0.08162 -0.1597
vn -0.998 -0.02305 -0.05903
vn -0.9967 -0.02266 0.07769
vn -0.9967 -0.02266 0.07769
vn -0.9961 -0.03217 0.08221
vn -0.9948 -0.03209 0.09695
vn -0.6071 -0.7588 0.2357
vn -0.6497 -0.7217 0.2388
vn -0.9948 -0.03209 0.09695
vn -0.9961 -0.03217 0.08221
vn -0.4897 -0.8266 0.2774
vn 0.5461 -0.8012 0.2448
vn 0.5624 -0.7893 0.2464
vn 0.5955 -0.7694 0.2311
vn -0.6453 -0.7249 0.2409
vn -0.6497 -0.7217 0.2388
vn -0.6071 -0.7588 0.2357
vn 0.4415 -0.8525 0.2797
vn 0.9922 -0.08905 0.08751
vn 0.9908 -0.08889 0.1018
vn 0.5624 -0.7893 0.2464
vn 0.5461 -0.8012 0.2448
vn 0.4429 -0.8549 -0.2702
vn 0.9962 -0.08002 -0.03456
vn 0.9934 -0.07951 0.08299
vn 0.9922 -0.08905 0.08751
vn 0.4415 -0.8525 0.2797
vn 0.9922 0.01484 -0.1237
vn 0.9962 -0.08002 -0.03456
vn 0.4429 -0.8549 -0.2702
vn 0.4814 -0.843 -0.24
vn 0.9934 -0.07951 0.08299
vn 0.9962 -0.08002 -0.03456
vn 0.9922 0.01484 -0.1237
vn 0.9908 -0.08889 0.1018
vn 0.9922 -0.08905 0.08751
vn 0.9934 -0.07951 0.08299
vn 0.5955 -0.7694 0.2311
vn 0.5624 -0.7893 0.2464
vn 0.9908 -0.08889 0.1018
vn -0.6453 -0.7249 0.2409
vn 0.5955 -0.7694 0.2311
vn -0.9948 -0.03209 0.09695
vn -0.6497 -0.7217 0.2388
vn -0.6453 -0.7249 0.2409
f 778//2506 779//2513 780//2518
f 781//2523 779//2514 778//2505
f 782//2525 779//2515 781//2522
f 776//2503 779//2516 782//2524
f 782//2526 781//2521 783//2527
f 783//2528 781//2520 784//2533
f 784//2534 781//2519 778//2512
f 784//2530 778//2511 785//2540
f 785//2535 778//2510 786//2545
f 786//2541 778//2509 787//2550
f 778//2508 788//2553 787//2546
f 778//2507 780//2517 788//2554
f 788//2552 789//2556 787//2547
f 788//2551 777//2504 789//2557
f 787//2548 789//2555 790//2560
f 787//2549 790//2559 786//2542
f 786//2543 790//2558 791//2563
f 791//2562 785//2536 786//2544
f 792//2565 785//2537 791//2561
f 793//2568 785//2538 792//2564
f 793//2567 784//2531 785//2539
f 783//2529 784//2532 793//2566
o Mesh43
v -4.486 -0.07642 2.594
v -4.28 -0.06473 2.33
v -4.164 -0.05842 2.199
v -2.574 0.02697 0.4457
v -2.537 0.02894 0.4047
v -2.93 0.00826 0.8141
v -2.813 0.01457 0.6831
v -3.168 -0.005166 1.113
v -3.132 -0.003194 1.072
v -3.664 -0.03194 1.67
v -4.054 -0.05302 2.107
v -4.017 -0.05104 2.067
v -3.627 -0.02997 1.629
v -4.876 -0.09748 3.031
v -4.84 -0.0955 2.99
v -4.45 -0.07445 2.553
v -4.575 -0.08158 2.515
v -4.539 -0.07961 2.474
v -4.348 -0.06931 2.26
v -5.056 -0.08141 3.078
v -4.244 -0.06369 2.143
v -2.662 0.02181 0.3666
v -4.928 -0.1007 2.911
v -4.965 -0.1026 2.952
v -5.061 -0.1078 3.06
v -5.061 -0.05198 3.07
v -5.085 -0.0881 2.992
v -5.084 -0.1096 2.989
v -5.092 -0.1102 2.965
v -2.282 0.04152 -0.1657
v -2.283 0.04118 -0.1995
v -2.281 0.06218 -0.1639
v -2.273 0.1033 -0.04762
v -2.257 0.139 0.155
v -5.02 -0.02518 3.203
v -5.04 -0.0465 3.134
v -2.274 0.0688 -0.03521
v -2.279 0.04254 -0.06402
v -2.626 0.02378 0.3256
v -2.265 0.1132 0.04988
v -2.893 0.009304 0.6264
v -2.998 0.003677 0.7433
v -3.22 -0.008355 0.9933
v -3.257 -0.01033 1.034
v -3.716 -0.03513 1.55
v -3.752 -0.03711 1.591
v -4.106 -0.05621 1.987
v -4.142 -0.05818 2.028
vn 0.05633 -0.9984 0.0021
vn 0.06095 -0.9981 0.006237
vn 0.06095 -0.9981 0.006238
vn 0.05633 -0.9984 0.002112
vn 0.05633 -0.9984 0.002113
vn 0.06096 -0.9981 0.006238
vn 0.06096 -0.9981 0.006238
vn 0.05633 -0.9984 0.002104
vn 0.05632 -0.9984 0.002107
vn 0.05633 -0.9984 0.002103
vn 0.05633 -0.9984 0.002111
vn 0.05633 -0.9984 0.002112
vn 0.05634 -0.9984 0.002096
vn 0.05633 -0.9984 0.002102
vn 0.05632 -0.9984 0.002107
vn 0.05633 -0.9984 0.002103
vn 0.05634 -0.9984 0.002097
vn 0.6581 -0.501 0.562
vn -0.1177 -0.9813 -0.152
vn 0.6581 -0.501 0.562
vn 0.05633 -0.9984 0.0021
vn 0.4095 -0.853 0.3236
vn 0.6582 -0.5009 0.5621
vn 0.06094 -0.9981 0.006236
vn -0.3546 -0.864 -0.3574
vn 0.6582 -0.5009 0.5621
vn -0.5185 -0.697 -0.4953
vn 0.6581 -0.5011 0.562
vn 0.589 -0.6384 0.4955
vn 0.4602 -0.8059 0.3723
vn -0.9449 -0.06971 0.3199
vn -0.943 -0.06772 0.3257
vn 0.6583 -0.5007 0.5621
vn 0.06095 -0.9981 0.006237
vn 0.6581 -0.501 0.562
vn 0.0289 -0.9993 -0.02237
vn 0.05633 -0.9984 0.002112
vn 0.009896 -0.9992 -0.03928
vn 0.6585 -0.5002 0.5623
vn 0.06015 -0.9982 0.005526
vn 0.05633 -0.9984 0.002102
vn 0.6582 -0.5008 0.5621
vn 0.6582 -0.5009 0.562
vn -0.296 -0.9045 -0.3071
vn 0.05634 -0.9984 0.002097
vn 0.6583 -0.5007 0.5621
vn -0.1974 -0.9549 -0.2218
vn -0.943 -0.06772 0.3257
vn -0.9458 -0.06638 0.318
vn -0.9459 -0.07179 0.3164
vn -0.06977 -0.9915 -0.1099
vn 0.6582 -0.5008 0.5621
vn -0.9449 -0.06971 0.3199
vn -0.9298 -0.175 0.3239
vn -0.2036 0.9701 -0.1323
vn -0.2237 0.9627 -0.1521
vn -0.3698 0.8838 -0.2867
vn -0.3768 0.8788 -0.293
vn -0.9458 -0.06638 0.318
vn -0.943 -0.06772 0.3257
vn -0.9459 -0.07179 0.3164
vn -0.9458 -0.06638 0.318
vn -0.3768 0.8788 -0.293
vn -0.5051 0.758 -0.4127
vn -0.5389 0.7157 -0.4442
vn -0.9459 -0.07179 0.3165
vn 0.05996 -0.9982 0.005344
vn -0.9459 -0.07179 0.3165
vn 0.05989 -0.9982 0.005372
vn 0.06278 -0.998 0.007955
vn 0.06006 -0.9982 0.005439
vn -0.5389 0.7157 -0.4442
vn 0.06277 -0.998 0.007968
vn 0.05989 -0.9982 0.005372
vn -0.9459 -0.07179 0.3165
vn 0.06278 -0.998 0.007955
vn 0.05989 -0.9982 0.005372
vn 0.06277 -0.998 0.007968
vn 0.9979 -0.05676 -0.03239
vn -0.5051 0.758 -0.4127
vn 0.9979 -0.05676 -0.0324
vn 0.06277 -0.998 0.007968
vn -0.5389 0.7157 -0.4442
vn -0.3698 0.8838 -0.2867
vn 0.9952 -0.08933 -0.03874
vn 0.9979 -0.05676 -0.03239
vn -0.5051 0.758 -0.4127
vn -0.3768 0.8788 -0.293
vn -0.2237 0.9627 -0.1521
vn 0.9971 -0.01773 -0.0746
vn 0.9946 -0.07814 -0.06828
vn 0.9941 -0.0799 -0.07325
vn 0.9952 -0.08933 -0.03874
vn -0.3698 0.8838 -0.2867
vn -0.2036 0.9701 -0.1323
vn 0.2841 -0.9362 0.2071
vn 0.9971 -0.01773 -0.0746
vn -0.2237 0.9627 -0.1521
vn -0.9298 -0.175 0.3239
vn 0.2839 -0.9363 0.2069
vn -0.2036 0.9701 -0.1323
vn 0.4602 -0.8059 0.3723
vn 0.4589 -0.8073 0.3711
vn 0.2836 -0.9364 0.2067
vn -0.9298 -0.175 0.3239
vn -0.9449 -0.06971 0.3199
vn 0.589 -0.6384 0.4955
vn 0.9941 -0.0799 -0.07325
vn 0.9946 -0.07814 -0.06828
vn 0.4589 -0.8073 0.3711
vn 0.4602 -0.8059 0.3723
vn 0.6575 -0.5026 0.5613
vn 0.05996 -0.9982 0.005352
vn 0.06278 -0.998 0.007955
vn 0.9979 -0.05676 -0.03238
vn 0.9952 -0.08933 -0.03874
vn 0.9941 -0.0799 -0.07325
vn 0.589 -0.6384 0.4955
vn 0.05633 -0.9984 0.002112
vn 0.6576 -0.5022 0.5615
vn 0.06006 -0.9982 0.005439
vn 0.9971 -0.01773 -0.0746
vn 0.2839 -0.9363 0.2069
vn 0.4589 -0.8073 0.3711
vn 0.9946 -0.07814 -0.06828
vn 0.06096 -0.9981 0.006238
vn 0.005106 -0.999 -0.04354
vn 0.6586 -0.4999 0.5625
vn 0.06095 -0.9981 0.006238
vn 0.6582 -0.5008 0.5621
vn -0.1452 -0.9736 -0.1762
vn 0.6583 -0.5007 0.5621
vn 0.05633 -0.9984 0.002104
vn -0.04253 -0.9954 -0.08579
vn -0.2895 -0.9084 -0.3016
vn 0.658 -0.5015 0.5618
vn 0.05633 -0.9984 0.002101
vn 0.658 -0.5014 0.5618
vn 0.1518 -0.9845 0.08776
vn 0.6577 -0.502 0.5616
vn 0.05633 -0.9984 0.002103
vn -0.04452 -0.9952 -0.08755
vn 0.09317 -0.995 0.03508
vn 0.6578 -0.5018 0.5617
vn 0.05631 -0.9984 0.00211
vn 0.6578 -0.5017 0.5617
vn -0.07881 0.9966 -0.0222
vn 0.6574 -0.5028 0.5613
vn 0.05633 -0.9984 0.002111
vn -0.4327 0.8328 -0.3453
vn 0.6583 -0.5006 0.5622
vn 0.05633 -0.9984 0.002111
vn 0.6583 -0.5007 0.5621
vn 0.5717 0.6186 0.5389
vn 0.6584 -0.5005 0.5622
f 810//2585 811//2589 794//2569
f 811//2590 810//2587 812//2593
f 810//2588 811//2591 813//2596
f 811//2591 812//2594 813//2596
f 812//2594 814//2603 813//2596
f 814//2604 812//2595 815//2606
f 812//2592 814//2602 795//2570
f 796//2571 795//2570 814//2602
f 812//2593 816//2612 815//2606
f 810//2587 816//2612 812//2593
f 816//2611 810//2586 813//2596
f 817//2614 816//2610 813//2601
f 817//2615 818//2619 816//2612
f 818//2620 817//2614 813//2601
f 819//2628 818//2616 813//2600
f 820//2630 818//2617 819//2627
f 818//2618 820//2629 821//2636
f 822//2643 821//2636 820//2634
f 821//2637 822//2642 823//2645
f 822//2641 824//2650 823//2646
f 822//2640 820//2633 824//2651
f 824//2648 820//2632 825//2655
f 820//2631 819//2626 825//2656
f 825//2652 819//2625 826//2662
f 826//2657 819//2624 827//2666
f 819//2623 828//2669 827//2663
f 819//2622 829//2673 828//2667
f 819//2621 813//2599 829//2674
f 829//2670 813//2598 830//2679
f 813//2597 831//2686 830//2675
f 831//2680 813//2596 832//2688
f 815//2607 832//2688 813//2596
f 815//2608 821//2639 832//2689
f 816//2612 821//2635 815//2606
f 818//2619 821//2635 816//2612
f 831//2681 832//2689 821//2639
f 821//2638 823//2644 831//2682
f 831//2683 823//2647 825//2654
f 824//2649 825//2654 823//2647
f 831//2684 825//2653 826//2661
f 831//2685 826//2660 830//2676
f 830//2677 826//2659 833//2693
f 833//2690 826//2658 827//2665
f 827//2664 828//2668 833//2691
f 829//2672 833//2691 828//2668
f 829//2671 830//2678 833//2692
f 815//2605 832//2687 797//2572
f 798//2573 797//2572 832//2687
f 834//2696 815//2607 813//2596
f 834//2695 835//2699 815//2606
f 835//2700 834//2696 813//2596
f 835//2697 834//2694 799//2574
f 800//2575 799//2574 834//2694
f 836//2704 835//2698 813//2596
f 835//2699 836//2703 815//2606
f 836//2702 837//2707 815//2606
f 837//2708 836//2704 813//2596
f 837//2705 836//2701 801//2576
f 802//2577 801//2576 836//2701
f 838//2712 837//2706 813//2596
f 837//2707 838//2711 815//2606
f 838//2710 839//2715 815//2606
f 839//2713 838//2709 803//2578
f 839//2716 838//2712 813//2596
f 840//2719 839//2714 813//2596
f 840//2718 841//2722 839//2715
f 841//2720 840//2717 804//2579
f 841//2723 840//2719 813//2596
f 814//2603 841//2721 813//2596
f 841//2722 814//2604 815//2606
f 839//2715 841//2722 815//2606
f 805//2580 804//2579 840//2717
f 806//2581 803//2578 838//2709
f 817//2613 816//2609 807//2582
f 808//2583 807//2582 816//2609
f 809//2584 794//2569 811//2589
o Mesh42
v -0.02618 1.096 6.104
v -0.01395 3.152 6.363
v -0.0362 3.193 7.006
v 0.008215 1.078 5.112
v 0.008245 1.077 5.112
v -0.0351 3.167 6.337
v -0.0575 1.078 5.112
v -0.05603 3.194 6.387
v -0.1053 1.044 4.24
v -0.05512 3.662 6.315
v -0.1119 1.035 3.403
v -0.05796 3.136 5.609
v -0.04623 3.694 6.3
v -0.05567 3.746 6.452
v -0.05605 3.783 6.607
v -0.05468 3.753 6.901
v -0.03641 3.237 7.022
v -0.03839 3.653 7.201
v -0.03775 3.519 7.143
v -0.03808 3.588 7.173
v -0.03835 3.644 7.197
v -0.02205 3.753 6.901
v -0.02947 3.775 6.908
v -0.02029 3.786 6.756
v -0.02006 3.783 6.607
v -0.02917 3.812 6.603
v -0.02878 3.776 6.441
v -0.03782 3.788 6.436
v -0.03727 3.707 6.293
v -0.04678 3.776 6.441
v -0.04565 1.587 3.447
v -0.03346 3.086 5.452
v -0.002934 1.587 3.447
v -0.02823 3.694 6.3
v -0.01967 3.746 6.452
v -0.01912 3.662 6.315
v -0.009838 3.136 5.609
v 0.06805 1.036 3.404
v 0.05889 1.044 4.24
v -0.01455 3.194 6.388
v 0.008497 1.051 5.096
v -0.05751 1.051 5.096
v 0.01827 1.545 3.472
v -0.008396 3.055 5.499
v -0.01024 3.128 5.495
v -0.02168 3.078 5.466
v -0.02194 3.131 5.463
v -0.03366 3.135 5.45
v -0.04539 3.131 5.463
v -0.04521 3.077 5.466
v -0.05716 3.128 5.495
v -0.05841 3.054 5.499
v -0.06657 1.544 3.472
v -0.04394 1.398 3.119
v -0.02308 1.413 3.113
v -0.02434 1.602 3.441
v -0.002112 1.399 3.119
v 0.01911 1.352 3.141
v -0.0008186 1.264 2.771
v -0.022 1.279 2.764
v -0.04309 1.264 2.77
v -0.06484 1.352 3.141
v -0.06397 1.214 2.787
v -0.06291 1.108 2.418
v -0.04203 1.158 2.398
v -0.02767 1.036 1.823
v -0.01952 1.037 1.76
v -0.02101 1.172 2.391
v 0.0001007 1.158 2.398
v 0.02134 1.109 2.418
v -0.01155 1.036 1.823
v 0.01275 1.035 2.062
v 0.02043 1.214 2.787
v -0.05266 1.035 2.062
v -0.04717 3.812 6.603
v -0.03821 3.824 6.6
v -0.0294 3.813 6.756
v -0.03833 3.824 6.675
v -0.0474 3.813 6.755
v -0.05629 3.786 6.756
v -0.04747 3.775 6.908
v -0.03851 3.786 6.91
v -0.03844 3.824 6.755
v -0.03843 3.824 6.749
v -0.03842 3.824 6.739
v -0.03839 3.824 6.716
v -0.03834 3.824 6.685
v -0.02466 1.092 5.086
v -0.05752 1.076 5.112
v -0.05621 3.151 6.363
vn 0.9993 -0.01033 0.03484
vn 0.9993 -0.01038 0.03523
vn -0.9993 -0.01866 0.03227
vn -0.9994 -0.01083 0.03175
vn 0.004126 -0.9998 0.0194
vn 0.9994 0.005331 0.03456
vn 0.9993 -0.01033 0.03484
vn 0.8129 0.3071 -0.4949
vn -0.004315 0.8564 0.5163
vn -0.004037 0.9979 -0.06421
vn 0.9993 -0.01038 0.03523
vn -0.9993 -0.01866 0.03227
vn 0.9993 -0.01038 0.03523
vn -0.004037 0.9979 -0.06421
vn 0.671 -0.3647 0.6455
vn 0.8129 0.3071 -0.4949
vn 0.9994 -0.002499 0.0347
vn 0.0008593 -0.5138 0.8579
vn 0.9602 0.1516 -0.2346
vn 0.000838 -0.5092 0.8606
vn 0.9994 0.005331 0.03456
vn 0.004126 -0.9998 0.0194
vn 0.004307 -0.8564 -0.5163
vn 0.9998 0.01655 0.007139
vn 0.5155 0.4462 -0.7316
vn 0.0006858 -0.5163 0.8564
vn 0.8129 0.3071 -0.4949
vn 0.9998 0.01655 0.007139
vn -0.9959 -0.03731 0.08183
vn -0.8139 0.3004 -0.4973
vn -0.004315 0.8564 0.5163
vn -0.9993 -0.01861 0.03189
vn -0.8139 0.3004 -0.4973
vn -0.5259 -0.426 0.7361
vn -0.9995 -0.003053 0.03161
vn -0.9979 -0.03314 0.05598
vn 0.000814 -0.5144 0.8575
vn -0.9991 -0.02772 0.03281
vn -1 -0.001711 0.004495
vn -1 0.001363 -0.003762
vn -0.9998 0.00477 0.01817
vn -0.9979 -0.03304 0.05598
vn 0.00087 -0.5161 0.8565
vn -0.9979 -0.03314 0.05598
vn -0.9998 0.00477 0.01817
vn -0.9999 0.01299 0.007796
vn -1 0.001363 -0.003762
vn -1 -0.004127 -0.001483
vn -0.9689 0.2093 -0.1322
vn -0.9683 0.2023 -0.1468
vn -0.9928 0.09779 -0.06884
vn -0.9999 0.01299 0.007796
vn -0.9998 0.00477 0.01817
vn -0.9999 0.01299 0.007796
vn -0.9928 0.09779 -0.06884
vn -0.9934 0.09686 -0.06157
vn -0.9929 0.1102 -0.04533
vn -0.9908 0.129 -0.03974
vn -0.9963 0.07438 -0.04405
vn -0.9998 0.01643 -0.008209
vn -0.9982 0.04962 -0.03294
vn -0.9683 0.2023 -0.1468
vn -0.9689 0.2093 -0.1322
vn -0.962 0.2343 -0.1404
vn -0.8561 0.4451 -0.2629
vn -0.8542 0.4182 -0.309
vn -0.9198 0.3156 -0.2332
vn -0.9683 0.2023 -0.1468
vn -1 -0.004127 -0.001483
vn -0.9625 0.2632 -0.06536
vn -0.962 0.2343 -0.1404
vn -0.9689 0.2093 -0.1322
vn -1 -0.001711 0.004495
vn -0.9987 -0.05074 -0.0004834
vn -0.9569 0.2905 -0.007656
vn -0.9572 0.2819 -0.06589
vn -0.9625 0.2632 -0.06536
vn -1 -0.004127 -0.001483
vn -1 0.001363 -0.003762
vn -0.9991 -0.02772 0.03281
vn -0.9986 -0.02462 0.04606
vn -0.9521 0.2708 0.1422
vn -0.9531 0.2927 0.07698
vn -0.9987 -0.05074 -0.0004834
vn -1 -0.001711 0.004495
vn -0.9991 -0.02772 0.03281
vn 0.9992 -0.01945 0.03576
vn 1 0.00493 -0.0003512
vn -0.9996 -0.01478 0.02321
vn 0.9987 -0.01635 0.04901
vn -0.9986 -0.02462 0.04606
vn 0.9987 -0.01635 0.04901
vn 0.9494 0.2786 0.145
vn 0.7529 0.5991 0.2724
vn -0.7587 0.5928 0.2702
vn -0.9521 0.2708 0.1422
vn -0.9996 -0.01478 0.02321
vn 1 0.002456 0.005398
vn -1 -0.00282 -0.004552
vn 1 0.003183 0.003706
vn -1 -0.004057 -0.001677
vn 1 0.00493 -0.0003512
vn -1 -0.004057 -0.001677
vn 1 0.004057 0.001677
vn -1 -0.00493 0.0003512
vn 1 0.003183 0.003706
vn -1 -0.00282 -0.004552
vn 1 0.00282 0.004552
vn -1 -0.003183 -0.003706
vn 1 0.002456 0.005398
vn -1 -0.002456 -0.005398
vn 1 0.002456 0.005398
vn 0.9992 -0.01945 0.03576
vn 1 0.006571 0.00745
vn 0.9991 -0.04248 0.002468
vn 0.9504 0.3006 0.07979
vn 0.9494 0.2786 0.145
vn 0.9987 -0.01635 0.04901
vn 0.7529 0.5991 0.2724
vn 0.9494 0.2786 0.145
vn 0.9504 0.3006 0.07979
vn 0.9444 0.3187 0.0808
vn 0.7639 0.6256 0.1581
vn 0.9991 -0.04248 0.002468
vn 0.9544 0.2984 -0.004831
vn 0.9479 0.3186 -0.001026
vn 0.9444 0.3187 0.0808
vn 0.9504 0.3006 0.07979
vn 1 0.006571 0.00745
vn 1 0.009645 -0.0008073
vn 1 0.004162 0.001469
vn 0.9605 0.2712 -0.06252
vn 0.955 0.2898 -0.06306
vn 0.9544 0.2984 -0.004831
vn 0.9991 -0.04248 0.002468
vn 0.9479 0.3186 -0.001026
vn 0.9544 0.2984 -0.004831
vn 0.955 0.2898 -0.06306
vn 0.8087 0.5742 -0.1275
vn 0.8005 0.5853 -0.1288
vn 0.7923 0.6101 -0.003507
vn 0.9605 0.2712 -0.06252
vn 0.9604 0.2422 -0.1375
vn 0.8531 0.4521 -0.2603
vn 0.8093 0.513 -0.2863
vn 0.8087 0.5742 -0.1275
vn 0.955 0.2898 -0.06306
vn 0.8005 0.5853 -0.1288
vn 0.8087 0.5742 -0.1275
vn 0.8093 0.513 -0.2863
vn -0.8126 0.5063 -0.2887
vn -0.8131 0.5675 -0.13
vn -0.8049 0.5787 -0.1312
vn -0.8542 0.4182 -0.309
vn -0.8561 0.4451 -0.2629
vn -0.8126 0.5063 -0.2887
vn 0.8093 0.513 -0.2863
vn 0.8531 0.4521 -0.2603
vn 0.8516 0.4252 -0.3064
vn 0.5863 0.6531 -0.4794
vn -0.5903 0.6482 -0.4811
vn -0.962 0.2343 -0.1404
vn -0.9625 0.2632 -0.06536
vn -0.9572 0.2819 -0.06589
vn -0.8131 0.5675 -0.13
vn -0.8126 0.5063 -0.2887
vn -0.8561 0.4451 -0.2629
vn -0.9198 0.3156 -0.2332
vn -0.8542 0.4182 -0.309
vn -0.5902 0.6482 -0.4811
vn -0.5978 0.6941 -0.401
vn -0.6058 0.6886 -0.3987
vn -0.9206 0.3365 -0.1981
vn -0.7312 -0.03538 -0.6813
vn -0.7255 -0.0324 -0.6874
vn 0.7279 -0.0264 -0.6852
vn 0.7334 -0.02929 -0.6791
vn 0.5862 0.6531 -0.4794
vn -0.5902 0.6482 -0.4811
vn 0.5863 0.6531 -0.4794
vn 0.8516 0.4252 -0.3064
vn 0.9178 0.3232 -0.2305
vn 0.9184 0.3441 -0.1954
vn 0.6012 0.6935 -0.3969
vn 0.5932 0.699 -0.3993
vn 0.5862 0.6531 -0.4794
vn 0.9604 0.2422 -0.1375
vn 0.9675 0.2173 -0.1293
vn 0.967 0.2103 -0.1439
vn 0.9178 0.3232 -0.2305
vn 0.8516 0.4252 -0.3064
vn 0.8531 0.4521 -0.2603
vn 1 0.004162 0.001469
vn 0.9675 0.2173 -0.1293
vn 0.9604 0.2422 -0.1375
vn 0.9605 0.2712 -0.06252
vn 1 0.009645 -0.0008073
vn 0.9997 0.01305 0.02112
vn 0.9997 0.02127 0.01075
vn 0.9922 0.106 -0.06591
vn 0.967 0.2103 -0.144
vn 0.9675 0.2173 -0.1293
vn 1 0.004162 0.001469
vn 0.9997 0.02471 -0.005253
vn 0.967 0.2103 -0.144
vn 0.9997 0.02528 -0.005682
vn 0.967 0.2103 -0.1439
vn 0.9957 0.08264 -0.04111
vn 0.9899 0.1372 -0.03681
vn 0.9921 0.1184 -0.0424
vn 0.9927 0.1051 -0.05863
vn 0.9922 0.106 -0.06591
vn 0.9997 0.02127 0.01075
vn 0.9997 0.02127 0.01075
vn 0.9997 0.01305 0.02112
vn 0.998 -0.02487 0.05893
vn 0.0008814 -0.5161 0.8565
vn 0.998 -0.02477 0.05893
vn 0.9997 0.01305 0.02112
vn 1 0.009645 -0.0008073
vn 1 0.006571 0.00745
vn 0.9992 -0.01945 0.03576
vn 0.8856 0.2465 -0.3936
vn 0.0007797 -0.5162 0.8565
vn 0.0008735 -0.516 0.8566
vn -0.9979 -0.03323 0.05599
vn 0.9178 0.3232 -0.2305
vn 0.967 0.2103 -0.1439
vn 0.1748 -0.7885 0.5896
vn 0.9927 0.1051 -0.05863
vn 0.9243 0.3309 -0.1903
vn 0.9184 0.3441 -0.1954
vn 0.9314 0.004503 -0.3639
vn 0.9997 0.02471 -0.005253
vn -0.9743 -0.1865 0.1261
vn 0.967 0.2103 -0.1439
vn 0.9997 0.02471 -0.005253
vn 0.9314 0.004503 -0.3639
vn 0.9405 -0.01189 -0.3396
vn 0.7334 -0.02929 -0.6791
vn 0.9405 -0.01189 -0.3396
vn 0.9314 0.004503 -0.3639
vn 0.9405 -0.01189 -0.3396
vn 0.7334 -0.02929 -0.6791
vn 0.7279 -0.0264 -0.6852
vn 0.7279 -0.0264 -0.6852
vn -0.7255 -0.0324 -0.6874
vn -0.7255 -0.0324 -0.6874
vn -0.7312 -0.03538 -0.6813
vn -0.9394 -0.0197 -0.3424
vn -0.9303 -0.003212 -0.3667
vn -0.9394 -0.0197 -0.3424
vn -0.7312 -0.03538 -0.6813
vn -0.9394 -0.0197 -0.3424
vn -0.9303 -0.003212 -0.3667
vn -0.9998 0.01643 -0.008209
vn -0.9303 -0.003212 -0.3667
vn -0.9683 0.2023 -0.1468
vn -0.9981 -0.04725 0.03921
vn -0.9683 0.2023 -0.1468
vn -0.9998 0.01643 -0.008209
vn -0.9996 0.02537 -0.01487
vn -0.9683 0.2023 -0.1468
vn -0.9198 0.3156 -0.2332
vn -0.9206 0.3365 -0.1981
vn -0.9264 0.3233 -0.193
vn -0.9934 0.09686 -0.06157
vn -0.6058 0.6886 -0.3987
vn -0.608 0.7402 -0.2871
vn -0.604 0.7432 -0.2879
vn -0.9267 0.3499 -0.1371
vn -0.9264 0.3233 -0.193
vn -0.9206 0.3365 -0.1981
vn -0.5978 0.6941 -0.401
vn 0.5932 0.699 -0.3993
vn 0.6012 0.6935 -0.3969
vn 0.6027 0.7452 -0.2853
vn -0.608 0.7402 -0.2871
vn -0.6058 0.6886 -0.3987
vn -0.5902 0.6482 -0.4811
vn 0.5862 0.6531 -0.4794
vn 0.5932 0.699 -0.3993
vn -0.5978 0.6941 -0.401
vn 0.9184 0.3441 -0.1954
vn 0.9243 0.3309 -0.1903
vn 0.9242 0.3576 -0.1344
vn 0.5987 0.7482 -0.2861
vn 0.6027 0.7452 -0.2853
vn 0.6012 0.6935 -0.3969
vn 0.9927 0.1051 -0.05863
vn 0.9921 0.1184 -0.0424
vn 0.9272 0.3501 -0.1328
vn 0.9242 0.3576 -0.1344
vn 0.9243 0.3309 -0.1903
vn 0.5987 0.7482 -0.2861
vn 0.9242 0.3576 -0.1344
vn 0.9272 0.3501 -0.1328
vn 0.9272 0.3607 -0.1009
vn 0.9278 0.3593 -0.1003
vn 0.5953 0.773 -0.2192
vn -0.604 0.7432 -0.2879
vn -0.608 0.7402 -0.2871
vn 0.6027 0.7452 -0.2853
vn 0.5987 0.7482 -0.2861
vn 0.5953 0.773 -0.2192
vn 0.5966 0.7721 -0.2188
vn -0.6023 0.7672 -0.2206
vn -0.6011 0.7681 -0.2209
vn -0.9267 0.3499 -0.1371
vn -0.604 0.7432 -0.2879
vn -0.6011 0.7681 -0.2209
vn -0.9305 0.3516 -0.103
vn -0.9299 0.353 -0.1037
vn -0.9297 0.3424 -0.1355
vn -0.9934 0.09686 -0.06157
vn -0.9264 0.3233 -0.193
vn -0.9267 0.3499 -0.1371
vn -0.9297 0.3424 -0.1355
vn -0.9929 0.1102 -0.04533
vn -0.9929 0.1102 -0.04533
vn -0.9297 0.3424 -0.1355
vn -0.9299 0.353 -0.1037
vn -0.9908 0.129 -0.03974
vn -0.9908 0.129 -0.03974
vn -0.9299 0.353 -0.1037
vn -0.9305 0.3516 -0.103
vn -0.9303 0.3534 -0.09828
vn -0.936 0.3385 -0.0968
vn -0.9963 0.07438 -0.04405
vn -0.6011 0.7681 -0.2209
vn -0.6023 0.7672 -0.2206
vn -0.5982 0.7831 -0.1701
vn -0.8999 0.4215 -0.112
vn -0.9303 0.3534 -0.09828
vn -0.9305 0.3516 -0.103
vn -0.936 0.3385 -0.0968
vn -0.9303 0.3534 -0.09828
vn -0.8999 0.4215 -0.112
vn -0.8999 0.4215 -0.112
vn -0.5982 0.7831 -0.1701
vn 0.5921 0.788 -0.1684
vn 0.8967 0.4289 -0.1093
vn 0.5966 0.7721 -0.2188
vn 0.5921 0.788 -0.1684
vn -0.5982 0.7831 -0.1701
vn -0.6023 0.7672 -0.2206
vn 0.9278 0.3593 -0.1003
vn 0.9276 0.3611 -0.09553
vn 0.8967 0.4289 -0.1093
vn 0.5921 0.788 -0.1684
vn 0.5966 0.7721 -0.2188
vn 0.5953 0.773 -0.2192
vn 0.9899 0.1372 -0.03681
vn 0.9957 0.08264 -0.04111
vn 0.9334 0.3463 -0.09404
vn 0.9276 0.3611 -0.09553
vn 0.9278 0.3593 -0.1003
vn 0.9272 0.3607 -0.1009
vn 0.8967 0.4289 -0.1093
vn 0.9276 0.3611 -0.09553
vn 0.9334 0.3463 -0.09404
vn 0.9334 0.3463 -0.09404
vn 0.9957 0.08264 -0.04111
vn 0.9921 0.1184 -0.0424
vn 0.9899 0.1372 -0.03681
vn 0.9272 0.3607 -0.1009
vn 0.9272 0.3501 -0.1328
vn -0.9963 0.07438 -0.04405
vn -0.936 0.3385 -0.0968
vn -0.9569 0.2905 -0.007656
vn -0.9505 0.3108 -0.003832
vn -0.7973 0.6036 -0.005853
vn -0.8049 0.5787 -0.1312
vn -0.8131 0.5675 -0.13
vn -0.9572 0.2819 -0.06589
vn 0.7923 0.6101 -0.003507
vn 0.8005 0.5853 -0.1288
vn -0.8049 0.5787 -0.1312
vn -0.7973 0.6036 -0.005853
vn -0.7672 0.6414 -0.001497
vn 0.7618 0.6478 0.000774
vn 0.9444 0.3187 0.0808
vn 0.9479 0.3186 -0.001026
vn 0.7923 0.6101 -0.003507
vn 0.7618 0.6478 0.0007738
vn 0.7517 0.6398 0.16
vn 0.7639 0.6256 0.1581
vn -0.7673 0.6413 -0.001518
vn 0.7618 0.6479 0.0007832
vn -0.9505 0.3108 -0.003832
vn -0.9472 0.3109 0.078
vn -0.7695 0.6193 0.1559
vn -0.7575 0.6335 0.1577
vn -0.7672 0.6414 -0.001506
vn -0.7973 0.6036 -0.005853
vn -0.9987 -0.05074 -0.0004834
vn -0.9531 0.2927 0.07698
vn -0.9472 0.3109 0.078
vn -0.9505 0.3108 -0.003832
vn -0.9569 0.2905 -0.007656
vn -0.9521 0.2708 0.1422
vn -0.7587 0.5928 0.2702
vn -0.7695 0.6193 0.1559
vn -0.9472 0.3109 0.078
vn -0.9531 0.2927 0.07698
vn 0.7529 0.5991 0.2724
vn 0.7639 0.6256 0.1581
vn 0.7517 0.6398 0.16
vn -0.7575 0.6335 0.1577
vn -0.7695 0.6193 0.1559
vn -0.7587 0.5928 0.2702
vn 0.7517 0.6398 0.16
vn 0.7618 0.6478 0.0008137
vn -0.7672 0.6414 -0.001547
vn -0.7575 0.6335 0.1577
vn 0.7618 0.6478 0.0007189
vn -0.7672 0.6414 -0.001505
vn 0.7618 0.6478 0.0008137
vn 0.7618 0.6478 0.0007801
vn -0.7672 0.6414 -0.001484
vn 0.7618 0.6478 0.0007189
vn 0.7618 0.6478 0.0007641
vn -0.7672 0.6414 -0.001494
vn 0.7618 0.6478 0.0007801
vn 0.7617 0.6479 0.0007923
vn -0.7673 0.6413 -0.001512
vn 0.7618 0.6478 0.0007641
vn 0.004307 -0.8564 -0.5163
vn -0.6691 0.3813 -0.6379
vn 0.6678 0.3868 -0.636
vn -0.9995 -0.003053 0.03161
vn -0.9959 -0.03731 0.08183
vn 0.004307 -0.8564 -0.5163
vn 0.004126 -0.9998 0.0194
vn -0.9993 -0.01866 0.03227
vn -0.004037 0.9979 -0.06421
vn -0.004315 0.8564 0.5163
vn -0.8139 0.3004 -0.4973
vn -0.9993 -0.01861 0.03189
f 842//2725 843//2734 844//2736
f 843//2730 842//2724 845//2740
f 846//2744 845//2740 842//2729
f 845//2738 846//2747 847//2751
f 845//2741 848//2760 846//2743
f 849//2766 848//2760 845//2741
f 849//2765 850//2767 848//2759
f 851//2776 850//2768 849//2764
f 852//2777 850//2769 851//2775
f 851//2774 853//2784 852//2778
f 851//2773 854//2791 853//2785
f 854//2786 851//2772 855//2795
f 855//2792 851//2771 856//2801
f 851//2770 849//2763 856//2802
f 856//2796 849//2762 857//2808
f 857//2803 849//2761 858//2809
f 857//2804 858//2814 859//2820
f 860//2828 859//2824 858//2812
f 861//2832 859//2824 860//2826
f 862//2834 859//2822 861//2830
f 862//2835 861//2833 859//2821
f 861//2831 860//2829 859//2823
f 860//2827 858//2811 859//2825
f 863//2841 859//2815 858//2813
f 863//2840 864//2843 859//2816
f 863//2839 865//2851 864//2844
f 866//2858 865//2847 863//2838
f 866//2857 867//2860 865//2848
f 868//2870 867//2861 866//2856
f 868//2869 869//2872 867//2862
f 870//2880 869//2873 868//2868
f 869//2874 870//2879 871//2889
f 870//2878 854//2788 871//2890
f 870//2877 872//2892 854//2789
f 870//2884 873//2902 872//2893
f 870//2883 874//2909 873//2903
f 874//2904 870//2882 875//2914
f 875//2915 870//2881 868//2867
f 875//2910 868//2866 876//2918
f 876//2919 868//2865 866//2855
f 877//2926 876//2916 866//2854
f 877//2925 875//2911 876//2917
f 877//2924 878//2928 875//2912
f 877//2923 879//2935 878//2929
f 880//2937 879//2936 877//2922
f 880//2938 877//2921 881//2942
f 881//2943 877//2920 866//2853
f 881//2944 866//2852 863//2837
f 881//2945 863//2836 858//2810
f 881//2941 845//2742 880//2939
f 881//2940 849//2766 845//2741
f 882//2946 880//2939 845//2742
f 846//2748 882//2946 845//2742
f 846//2749 848//2760 882//2947
f 883//2948 882//2947 848//2760
f 883//2949 848//2759 850//2767
f 884//2952 878//2929 879//2935
f 885//2958 878//2929 884//2952
f 878//2930 885//2959 875//2912
f 885//2957 886//2960 878//2927
f 887//2965 886//2961 885//2956
f 887//2964 888//2966 886//2962
f 873//2900 888//2967 887//2963
f 873//2899 889//2969 888//2968
f 889//2970 873//2898 890//2971
f 890//2972 873//2897 891//2976
f 890//2973 891//2975 892//2977
f 892//2978 891//2974 893//2980
f 892//2979 893//2984 853//2783
f 893//2982 894//2985 853//2784
f 894//2986 893//2981 854//2791
f 853//2785 854//2791 893//2983
f 872//2891 894//2987 854//2790
f 872//2896 895//2996 894//2988
f 895//2991 872//2895 896//3002
f 872//2894 897//3006 896//2997
f 897//3003 872//2893 873//2902
f 897//3004 873//2901 874//2909
f 896//2998 897//3005 874//2908
f 896//2999 874//2907 898//3012
f 898//3007 874//2906 884//2955
f 884//2950 874//2905 875//2913
f 884//2951 875//2912 885//2959
f 899//3017 898//3008 884//2954
f 900//3019 898//3009 899//3016
f 901//3027 898//3010 900//3018
f 901//3026 896//3000 898//3011
f 895//2992 896//3001 901//3025
f 902//3033 895//2993 901//3024
f 895//2994 902//3032 903//3040
f 902//3037 904//3044 903//3041
f 902//3036 905//3048 904//3045
f 906//3058 905//3049 902//3035
f 906//3057 907//3060 905//3050
f 908//3062 907//3061 906//3056
f 906//3055 909//3068 908//3063
f 906//3054 901//3030 909//3069
f 906//3053 902//3034 901//3031
f 909//3066 901//3029 910//3074
f 901//3028 900//3023 910//3075
f 911//3080 910//3070 900//3022
f 912//3083 910//3071 911//3079
f 912//3082 908//3065 910//3072
f 908//3064 909//3067 910//3073
f 913//3085 912//3084 911//3078
f 913//3086 911//3077 879//2931
f 911//3076 914//3088 879//2932
f 911//3081 900//3021 914//3089
f 914//3090 900//3020 899//3015
f 914//3087 899//3014 879//2933
f 879//2934 899//3013 884//2953
f 907//3059 915//3092 905//3051
f 905//3052 915//3091 852//2782
f 904//3046 905//3047 852//2781
f 903//3042 904//3043 852//2780
f 903//3038 852//2779 894//2990
f 894//2985 852//2778 853//2784
f 895//2995 903//3039 894//2989
f 871//2885 854//2787 855//2794
f 871//2886 855//2793 856//2800
f 916//3098 871//2887 856//2799
f 869//2875 871//2888 916//3097
f 917//3101 869//2876 916//3096
f 869//2871 917//3100 867//2863
f 867//2864 917//3099 918//3107
f 917//3104 919//3112 918//3108
f 917//3103 920//3117 919//3111
f 917//3102 916//3095 920//3118
f 920//3113 916//3094 921//3122
f 916//3093 856//2798 921//3123
f 921//3119 856//2797 857//2807
f 921//3120 857//2806 922//3128
f 922//3124 857//2805 859//2819
f 923//3134 922//3125 859//2818
f 920//3115 922//3126 923//3133
f 920//3114 921//3121 922//3127
f 924//3138 920//3116 923//3132
f 924//3137 925//3140 920//3117
f 924//3136 918//3108 925//3141
f 918//3109 924//3135 923//3131
f 864//2846 918//3110 923//3130
f 865//2850 918//3105 864//2845
f 867//2859 918//3106 865//2849
f 864//2842 923//3129 859//2817
f 925//3139 918//3108 926//3144
f 926//3142 918//3108 927//3147
f 927//3145 918//3108 928//3150
f 928//3148 918//3108 919//3112
f 928//3149 919//3111 920//3117
f 927//3146 928//3149 920//3117
f 926//3143 927//3146 920//3117
f 925//3140 926//3143 920//3117
f 929//3153 847//2751 846//2747
f 929//3152 930//3155 847//2752
f 930//3156 929//3151 846//2746
f 842//2728 930//3157 846//2745
f 930//3154 842//2727 848//2758
f 931//3162 848//2755 842//2727
f 847//2753 848//2756 931//3161
f 848//2757 847//2752 930//3155
f 847//2754 931//3160 843//2732
f 931//3159 844//2737 843//2733
f 931//3158 842//2726 844//2735
f 845//2739 847//2750 843//2731
o Mesh41
v -0.8595 -0.2709 -0.6719
v -0.8622 0.3809 -0.6735
v -0.2161 -0.2682 -0.6709
v -0.2188 0.3836 -0.6726
vn 0.00149 -0.002566 -1
vn 0.001491 -0.002565 -1
vn 0.001491 -0.002565 -1
vn 0.001493 -0.002563 -1
f 932//3163 933//3164 934//3165
f 935//3166 934//3165 933//3164
o Mesh40
v 0.1951 -0.2665 -0.6703
v 0.1924 0.3853 -0.672
v 0.8384 -0.2638 -0.6693
v 0.8357 0.3879 -0.671
vn 0.001487 -0.002566 -1
vn 0.001488 -0.002565 -1
vn 0.001488 -0.002565 -1
vn 0.00149 -0.002563 -1
f 936//3167 937//3168 938//3169
f 939//3170 938//3169 937//3168
o Mesh39
v -0.002214 -0.513 -5.608
v -0.003107 -0.5106 -5.65
v -0.001216 -0.5105 -5.65
v -0.003449 -0.4259 -5.656
v -0.001217 -0.5103 -5.65
v -0.001558 -0.4259 -5.656
v -0.002565 -0.4319 -5.597
v -0.00258 -0.4283 -5.597
vn -0.9998 -0.002504 0.02123
vn 0.00434 -0.9983 -0.05782
vn 0.9997 0.006087 0.02424
vn 0.9998 0.001993 0.01732
vn -0.9999 -0.006271 0.01439
vn -0.9998 -0.002504 0.02123
vn 0.001317 -0.07234 -0.9974
vn 0.00434 -0.9983 -0.05782
vn 0.9997 0.006387 0.02426
vn 0.00434 -0.9983 -0.05782
vn 0.05348 -0.07087 -0.9961
vn 0.03624 -0.07138 -0.9968
vn -0.9998 -0.002504 0.02123
vn -0.9999 -0.006203 0.01439
vn 0.9997 0.006087 0.02424
vn 0.05371 -0.07086 -0.996
vn 0.9998 0.001924 0.01732
vn 0.9997 0.005788 0.02422
vn 0.001792 -0.07233 -0.9974
vn -0.9999 -0.006271 0.01439
vn 0.9998 0.001924 0.01732
vn -0.9999 -0.006135 0.0144
vn -0.9999 -0.006135 0.0144
vn 0.9998 0.001856 0.01731
f 940//3172 941//3178 942//3180
f 943//3183 941//3176 940//3171
f 941//3177 943//3182 942//3181
f 944//3186 942//3181 943//3182
f 942//3179 944//3185 940//3173
f 945//3188 940//3173 944//3185
f 940//3174 945//3187 946//3191
f 947//3194 946//3191 945//3187
f 947//3193 943//3184 946//3192
f 940//3175 946//3190 943//3184
f 945//3189 944//3186 943//3182
o Mesh38
v 0.7144 0.6344 6.036
v 0.7785 0.6281 6.04
v 0.6881 0.6932 6.038
vn -0.06371 -0.05975 0.9962
vn -0.06371 -0.05975 0.9962
vn -0.06371 -0.05975 0.9962
f 948//3195 949//3196 950//3197
o Mesh37
v 0.714 0.5497 5.788
v 0.641 0.6023 5.787
v 0.7799 0.6418 5.809
v 0.669 0.5443 5.956
v 0.6456 0.5612 5.955
v 0.7069 0.6944 5.807
vn 0.7779 -0.5991 0.1893
vn -0.8194 0.5515 0.1562
vn 0.4092 0.5881 0.6977
vn 0.7779 -0.5991 0.1893
vn 0.7779 -0.5991 0.1893
vn 0.4092 0.588 0.6977
vn 0.4092 0.5881 0.6977
vn -0.8194 0.5515 0.1562
vn -0.8194 0.5515 0.1562
vn 0.4091 0.5881 0.6977
f 951//3198 953//3201 954//3202
f 954//3203 953//3200 955//3204
f 956//3207 955//3204 953//3200
f 956//3206 952//3199 955//3205
o Mesh36
v 0.8072 0.3755 5.79
v 0.779 0.461 5.789
v 0.7668 0.3958 5.958
v 0.9145 0.411 5.812
v 0.7577 0.4233 5.958
v 0.8864 0.4965 5.811
vn 0.2764 -0.9439 0.1807
vn -0.3397 0.9261 0.1643
vn 0.2764 -0.9439 0.1807
vn 0.6731 0.2279 0.7036
vn 0.6731 0.2279 0.7036
vn 0.2764 -0.9439 0.1807
vn 0.6731 0.2279 0.7036
vn -0.3397 0.9261 0.1643
vn -0.3397 0.9261 0.1643
vn 0.6731 0.2279 0.7036
f 959//3210 957//3208 960//3213
f 959//3211 960//3212 961//3214
f 962//3217 961//3214 960//3212
f 958//3209 961//3215 962//3216
o Mesh35
v 0.2876 -0.05363 6.032
v 0.2613 0.005172 6.029
v 0.1972 0.01152 6.031
vn 0.02592 0.06472 0.9976
vn 0.02592 0.06472 0.9976
vn 0.02592 0.06472 0.9976
f 963//3218 964//3219 965//3220
o Mesh34
v 0.4338 -0.1005 6.035
v 0.5453 -0.1 6.037
v 0.4895 -0.06792 6.034
vn -0.01918 0.0792 0.9967
vn -0.01918 0.0792 0.9967
vn -0.01918 0.0792 0.9967
f 966//3221 967//3222 968//3223
o Mesh33
v 0.7802 0.1798 5.79
v 0.8076 0.2655 5.791
v 0.7586 0.2181 5.958
v 0.8878 0.1452 5.812
v 0.9153 0.2309 5.812
v 0.7674 0.2457 5.958
vn -0.332 -0.928 0.1691
vn 0.2685 0.9471 0.1758
vn -0.332 -0.928 0.1691
vn 0.6749 -0.2187 0.7047
vn 0.6749 -0.2187 0.7047
vn -0.332 -0.928 0.1691
vn 0.2685 0.9471 0.1758
vn 0.6749 -0.2187 0.7047
vn 0.6749 -0.2187 0.7047
vn 0.2685 0.9471 0.1758
f 971//3226 969//3224 972//3229
f 972//3228 973//3231 971//3227
f 974//3232 971//3227 973//3231
f 970//3225 974//3233 973//3230
o Mesh32
v 0.857 0.2015 6.04
v 0.8708 0.1386 6.043
v 0.9048 0.2447 6.043
vn -0.09193 0.02589 0.9954
vn -0.09193 0.02589 0.9954
vn -0.09193 0.02589 0.9954
f 975//3234 976//3235 977//3236
o Mesh31
v 0.4489 0.002512 5.784
v 0.5389 0.002889 5.786
v 0.449 -0.1109 5.804
v 0.4761 0.03219 5.953
v 0.539 -0.1105 5.806
v 0.5051 0.03231 5.954
vn -0.9877 0.0262 0.1543
vn 0.9809 0.03444 0.1916
vn -0.01011 -0.7209 0.693
vn -0.9877 0.0262 0.1543
vn -0.9877 0.0262 0.1543
vn -0.01009 -0.7208 0.693
vn 0.9809 0.03444 0.1916
vn -0.01009 -0.7208 0.693
vn -0.01008 -0.7208 0.693
vn 0.9809 0.03444 0.1916
f 978//3237 980//3240 981//3241
f 980//3239 982//3244 981//3242
f 983//3245 981//3242 982//3244
f 982//3243 979//3238 983//3246
o Mesh30
v 0.6433 0.03732 5.788
v 0.7159 0.09052 5.789
v 0.71 -0.05413 5.809
v 0.6476 0.07927 5.957
v 0.7826 -0.000927 5.81
v 0.6709 0.09639 5.957
vn -0.8148 -0.5574 0.159
vn 0.773 0.6065 0.1862
vn 0.414 -0.5811 0.7007
vn -0.8148 -0.5574 0.159
vn -0.8148 -0.5574 0.159
vn 0.414 -0.5811 0.7007
vn 0.773 0.6065 0.1862
vn 0.414 -0.5811 0.7007
vn 0.414 -0.5811 0.7007
vn 0.773 0.6065 0.1862
f 984//3247 986//3250 987//3251
f 986//3249 988//3254 987//3252
f 989//3255 987//3252 988//3254
f 988//3253 985//3248 989//3256
o Mesh29
v 0.717 0.007081 6.038
v 0.6911 -0.05194 6.04
v 0.781 0.01396 6.042
vn -0.06425 0.06436 0.9959
vn -0.06425 0.06436 0.9959
vn -0.06425 0.06436 0.9959
f 990//3257 991//3258 992//3259
o Mesh28
v 0.2062 0.1774 5.779
v 0.178 0.2628 5.779
v 0.09806 0.1419 5.797
v 0.2211 0.2159 5.948
v 0.212 0.2434 5.948
v 0.0699 0.2274 5.796
vn 0.3331 -0.9252 0.1817
vn -0.2829 0.9448 0.1654
vn 0.3331 -0.9252 0.1817
vn -0.6992 -0.2245 0.6787
vn -0.6992 -0.2245 0.6787
vn 0.3331 -0.9252 0.1817
vn -0.2829 0.9448 0.1654
vn -0.6992 -0.2245 0.6787
vn -0.6993 -0.2245 0.6787
vn -0.2829 0.9448 0.1654
f 995//3262 993//3260 996//3265
f 996//3264 997//3267 995//3263
f 998//3268 995//3263 997//3267
f 994//3261 998//3269 997//3266
o Mesh27
v 0.2712 0.08866 5.781
v 0.3442 0.03606 5.782
v 0.2045 -0.003347 5.799
v 0.3098 0.09488 5.95
v 0.3332 0.07796 5.951
v 0.2775 -0.05594 5.801
vn -0.7845 0.6 0.1567
vn 0.8129 -0.5506 0.1899
vn -0.4353 -0.5846 0.6846
vn -0.7845 0.6 0.1567
vn -0.7845 0.6 0.1567
vn -0.4353 -0.5846 0.6846
vn -0.4353 -0.5846 0.6846
vn 0.8129 -0.5506 0.1899
vn 0.8129 -0.5506 0.1899
vn -0.4353 -0.5846 0.6846
f 999//3270 1001//3273 1002//3274
f 1002//3275 1001//3272 1003//3276
f 1004//3279 1003//3276 1001//3272
f 1004//3278 1000//3271 1003//3277
o Mesh26
v 0.1064 0.1354 6.028
v 0.1197 0.1984 6.026
v 0.07154 0.2413 6.028
vn 0.05393 0.02649 0.9982
vn 0.05393 0.02649 0.9982
vn 0.05393 0.02649 0.9982
f 1005//3280 1006//3281 1007//3282
o Mesh25
v 0.8561 0.4411 6.039
v 0.9041 0.3983 6.043
v 0.8693 0.5042 6.042
vn -0.09167 -0.0215 0.9956
vn -0.09167 -0.0215 0.9956
vn -0.09167 -0.0215 0.9956
f 1008//3283 1009//3284 1010//3285
o Mesh24
v 0.5363 0.6358 5.784
v 0.4463 0.6354 5.783
v 0.5354 0.7493 5.804
v 0.5027 0.607 5.953
v 0.4737 0.6069 5.952
v 0.4455 0.7489 5.802
vn 0.9811 -0.02533 0.1917
vn -0.9874 -0.03358 0.1545
vn -0.01607 0.7243 0.6893
vn 0.9811 -0.02533 0.1917
vn 0.9811 -0.02533 0.1917
vn -0.01607 0.7243 0.6893
vn -0.01607 0.7243 0.6893
vn -0.9874 -0.03358 0.1545
vn -0.9874 -0.03358 0.1545
vn -0.01607 0.7243 0.6893
f 1011//3286 1013//3289 1014//3290
f 1014//3291 1013//3288 1015//3292
f 1016//3295 1015//3292 1013//3288
f 1016//3294 1012//3287 1015//3293
o Mesh23
v 0.1946 0.6256 6.029
v 0.2587 0.6325 6.028
v 0.2845 0.6915 6.03
vn 0.02646 -0.05938 0.9979
vn 0.02646 -0.05938 0.9979
vn 0.02646 -0.05938 0.9979
f 1017//3296 1018//3297 1019//3298
o Mesh22
v 0.3418 0.601 5.781
v 0.2693 0.5478 5.78
v 0.2744 0.6926 5.799
v 0.3312 0.5599 5.949
v 0.2018 0.6393 5.798
v 0.3079 0.5428 5.949
vn 0.8083 0.5583 0.187
vn -0.7795 -0.6057 0.1598
vn -0.4402 0.5845 0.6816
vn 0.8083 0.5583 0.187
vn 0.8083 0.5583 0.187
vn -0.4402 0.5845 0.6816
vn -0.7795 -0.6057 0.1598
vn -0.4402 0.5845 0.6816
vn -0.4401 0.5845 0.6816
vn -0.7795 -0.6057 0.1598
f 1020//3299 1022//3302 1023//3303
f 1022//3301 1024//3306 1023//3304
f 1025//3307 1023//3304 1024//3306
f 1024//3305 1021//3300 1025//3308
o Mesh21
v -0.8268 0.6214 6.038
v -0.7627 0.6283 6.034
v -0.7369 0.6873 6.036
vn 0.06127 -0.05922 0.9964
vn 0.06127 -0.05922 0.9964
vn 0.06127 -0.05922 0.9964
f 1026//3309 1027//3310 1028//3311
o Mesh20
v 0.4304 0.7396 6.033
v 0.4863 0.7075 6.032
v 0.5418 0.74 6.035
vn -0.01856 -0.07421 0.9971
vn -0.01856 -0.07421 0.9971
vn -0.01856 -0.07421 0.9971
f 1029//3312 1030//3313 1031//3314
o Mesh19
v -0.7609 0.5436 5.786
v -0.6883 0.5968 5.785
v -0.8276 0.6351 5.806
v -0.7164 0.5386 5.954
v -0.693 0.5557 5.953
v -0.7551 0.6883 5.805
vn -0.7735 -0.6056 0.187
vn 0.8144 0.5583 0.1586
vn -0.7735 -0.6056 0.187
vn -0.416 0.5847 0.6965
vn -0.416 0.5847 0.6965
vn -0.7735 -0.6056 0.187
vn 0.8144 0.5583 0.1586
vn -0.416 0.5847 0.6965
vn -0.416 0.5847 0.6965
vn 0.8144 0.5583 0.1586
f 1034//3317 1032//3315 1035//3320
f 1035//3319 1036//3322 1034//3318
f 1037//3323 1034//3318 1036//3322
f 1033//3316 1037//3324 1036//3321
o Mesh18
v -0.9505 0.3906 6.04
v -0.9028 0.4338 6.037
v -0.9165 0.4968 6.039
vn 0.08888 -0.02076 0.9958
vn 0.08888 -0.02076 0.9958
vn 0.08888 -0.02076 0.9958
f 1038//3325 1039//3326 1040//3327
o Mesh17
v 0.205 0.4585 5.779
v 0.1775 0.3728 5.778
v 0.09661 0.4932 5.796
v 0.2202 0.421 5.948
v 0.2114 0.3934 5.948
v 0.06916 0.4075 5.796
vn 0.3255 0.9289 0.1769
vn -0.2751 -0.9462 0.1702
vn -0.7011 0.2221 0.6776
vn 0.3255 0.9289 0.1769
vn 0.3255 0.9289 0.1769
vn -0.7011 0.2221 0.6776
vn -0.7011 0.2221 0.6776
vn -0.2751 -0.9462 0.1702
vn -0.2751 -0.9462 0.1702
vn -0.7011 0.2221 0.6776
f 1041//3328 1043//3331 1044//3332
f 1044//3333 1043//3330 1045//3334
f 1046//3337 1045//3334 1043//3330
f 1046//3336 1042//3329 1045//3335
o Mesh16
v -0.8526 0.3686 5.788
v -0.8252 0.4543 5.787
v -0.9603 0.4033 5.809
v -0.8129 0.3892 5.956
v -0.8041 0.4168 5.956
v -0.9329 0.489 5.808
vn -0.2691 -0.9462 0.1799
vn 0.3315 0.9288 0.1653
vn -0.2691 -0.9462 0.1799
vn -0.677 0.2223 0.7016
vn -0.677 0.2223 0.7016
vn -0.2691 -0.9462 0.1799
vn 0.3315 0.9288 0.1653
vn -0.677 0.2223 0.7016
vn -0.677 0.2223 0.7016
vn 0.3315 0.9288 0.1653
f 1049//3340 1047//3338 1050//3343
f 1050//3342 1051//3345 1049//3341
f 1052//3346 1049//3341 1051//3345
f 1048//3339 1052//3347 1051//3344
o Mesh157
v -0.05591 3.872 6.698
v -0.03861 3.872 6.734
v -0.02121 3.872 6.698
v -0.03833 3.812 6.712
v -0.03839 3.824 6.716
vn -0.8883 -0.1617 0.4299
vn -0.004119 1 -0.002566
vn 0.002365 -0.2226 -0.9749
vn -0.004119 1 -0.002566
vn -0.8883 -0.1617 0.4299
vn 0.8883 -0.1544 0.4326
vn -0.8822 -0.1657 0.4407
vn 0.8822 0.1657 -0.4407
vn 0.002365 -0.2226 -0.9749
vn -0.004119 1 -0.002566
vn 0.8883 -0.1544 0.4326
vn -0.4651 0.3027 -0.8319
vn -0.8883 -0.1617 0.4299
vn 0.002365 -0.2226 -0.9749
vn 0.006532 -0.3441 0.9389
vn 0.8822 0.1657 -0.4407
vn -0.8822 -0.1657 0.4407
f 1053//3349 1054//3351 1055//3357
f 1053//3348 1056//3360 1054//3352
f 1056//3361 1053//3350 1055//3356
f 1055//3358 1054//3353 1056//3362
f 1057//3363 1054//3355 1056//3359
f 1057//3364 1056//3362 1054//3354
o Mesh156
v 0.2365 -0.5051 -5.804
v 0.2413 -0.5006 -5.87
v 0.2483 -0.5004 -5.803
v 0.2366 -0.4902 -5.807
v 0.2366 -0.4894 -5.808
vn -0.9972 -0.006609 -0.07386
vn 0.3769 -0.9256 -0.03542
vn -0.2158 0.1897 0.9578
vn -0.9972 -0.007041 -0.07379
vn 0.6986 0.7115 -0.07482
vn 0.3769 -0.9256 -0.03542
vn -0.2158 0.1897 0.9578
vn 0.3769 -0.9256 -0.03542
vn 0.6986 0.7115 -0.07482
vn -0.2232 0.1812 0.9578
vn -0.2195 0.1855 0.9578
vn -0.9972 -0.007041 -0.07379
vn 0.6986 0.7115 -0.07482
vn -0.9973 -0.007472 -0.07372
vn -0.2232 0.1812 0.9578
f 1058//3366 1059//3370 1060//3372
f 1058//3365 1061//3376 1059//3368
f 1058//3367 1060//3371 1061//3375
f 1062//3379 1061//3375 1060//3374
f 1062//3378 1059//3368 1061//3376
f 1059//3369 1062//3377 1060//3373
o Mesh155
v 0.4081 -0.1599 -5.856
v 0.4083 -0.1603 -6.015
v 0.5236 -0.1995 -5.825
v 0.5372 -0.2041 -5.821
vn -0.325 -0.9457 0.001938
vn -0.325 -0.9457 0.001933
vn -0.325 -0.9457 0.001933
vn -0.3249 -0.9457 0.001889
f 1063//3380 1064//3381 1065//3382
f 1066//3383 1065//3382 1064//3381
o Mesh154
v -0.5435 -0.2086 -5.823
v -0.4144 -0.1637 -6.016
v -0.53 -0.2039 -5.827
v -0.4147 -0.1633 -5.857
vn 0.3328 -0.943 0.002886
vn 0.3328 -0.943 0.002909
vn 0.3328 -0.943 0.002909
vn 0.3328 -0.943 0.002911
f 1067//3384 1068//3385 1069//3386
f 1070//3387 1069//3386 1068//3385
o Mesh153
v -0.2404 -0.5071 -5.805
v -0.2406 -0.4922 -5.808
v -0.2522 -0.5025 -5.803
v -0.2451 -0.5027 -5.871
v -0.2406 -0.4914 -5.808
vn 0.9975 0.001601 -0.07092
vn 0.2115 0.1915 0.9584
vn -0.3691 -0.9287 -0.03651
vn 0.9975 0.001208 -0.07085
vn 0.2156 0.1868 0.9584
vn -0.3691 -0.9287 -0.03651
vn 0.2156 0.1868 0.9584
vn -0.7043 0.7058 -0.07689
vn -0.3691 -0.9287 -0.03651
vn -0.7043 0.7058 -0.07689
vn 0.9975 0.001208 -0.07085
vn 0.9975 0.0008157 -0.07079
vn -0.7043 0.7058 -0.07689
vn 0.2197 0.1822 0.9584
f 1071//3389 1072//3392 1073//3394
f 1071//3388 1074//3398 1072//3391
f 1073//3393 1074//3396 1071//3390
f 1074//3397 1073//3395 1075//3400
f 1075//3401 1073//3394 1072//3392
f 1075//3399 1072//3391 1074//3398
o Mesh152
v 0.1873 -0.3789 -5.997
v 0.2424 -0.5033 -5.804
v 0.1871 -0.3785 -5.838
v 0.2366 -0.4902 -5.807
vn -0.9141 -0.4055 -0.0003185
vn -0.9141 -0.4055 -0.0003212
vn -0.9141 -0.4055 -0.0003212
vn -0.9059 -0.419 -0.06192
f 1076//3402 1077//3403 1078//3404
f 1079//3405 1078//3404 1077//3403
o Mesh151
v -0.1917 -0.3805 -5.998
v -0.1919 -0.3801 -5.839
v -0.2463 -0.5053 -5.804
v -0.2406 -0.4922 -5.808
vn 0.9174 -0.398 0.002391
vn 0.9174 -0.398 0.002385
vn 0.9174 -0.398 0.002385
vn 0.895 -0.4256 -0.1338
f 1080//3406 1081//3407 1082//3408
f 1083//3409 1082//3408 1081//3407
o Mesh150
v -0.5408 -0.2142 -5.824
v -0.5406 -0.2077 -5.889
v -0.53 -0.2039 -5.827
v -0.5455 -0.2024 -5.822
v -0.5294 -0.2033 -5.827
vn -0.9315 -0.3616 -0.0388
vn 0.6803 -0.7297 -0.06952
vn 0.2821 -0.02485 0.9591
vn -0.9315 -0.3616 -0.0388
vn 0.03796 0.9963 -0.07655
vn 0.6798 -0.7301 -0.06941
vn 0.2821 -0.02485 0.9591
vn 0.6798 -0.7301 -0.06941
vn 0.2807 -0.0385 0.959
vn 0.2814 -0.03168 0.9591
vn 0.03796 0.9963 -0.07655
vn -0.9315 -0.3616 -0.0388
vn 0.6793 -0.7305 -0.06931
vn 0.03796 0.9963 -0.07655
vn 0.2807 -0.0385 0.959
f 1084//3411 1085//3415 1086//3417
f 1085//3413 1084//3410 1087//3421
f 1084//3412 1086//3416 1087//3419
f 1088//3424 1087//3419 1086//3418
f 1085//3414 1087//3420 1088//3423
f 1088//3422 1086//3417 1085//3415
o Mesh15
v 0.0709 0.3948 6.027
v 0.1187 0.438 6.025
v 0.1049 0.501 6.028
vn 0.05415 -0.02089 0.9983
vn 0.05415 -0.02089 0.9983
vn 0.05415 -0.02089 0.9983
f 1089//3425 1090//3426 1091//3427
o Mesh149
v 0.5344 -0.2033 -5.888
v 0.5231 -0.199 -5.825
v 0.5391 -0.1979 -5.82
v 0.5236 -0.1995 -5.825
v 0.5345 -0.2098 -5.822
vn -0.673 -0.7362 -0.07127
vn -0.04605 0.996 -0.07667
vn 0.9346 -0.3538 -0.03606
vn -0.674 -0.7353 -0.0715
vn -0.673 -0.7362 -0.07127
vn -0.2831 -0.04347 0.9581
vn -0.04605 0.996 -0.07667
vn 0.9346 -0.3538 -0.03606
vn -0.04605 0.996 -0.07667
vn -0.2839 -0.03542 0.9582
vn -0.674 -0.7353 -0.0715
vn -0.2839 -0.03542 0.9582
vn -0.673 -0.7362 -0.07127
vn 0.9346 -0.3538 -0.03606
vn -0.2848 -0.02737 0.9582
vn -0.674 -0.7353 -0.0715
f 1092//3429 1093//3434 1094//3436
f 1093//3432 1092//3428 1095//3440
f 1096//3443 1095//3438 1092//3431
f 1096//3442 1094//3437 1095//3439
f 1096//3441 1092//3430 1094//3435
f 1093//3433 1095//3439 1094//3437
o Mesh148
v 0.5691 1.03 -6.611
v 0.5709 1.046 -6.473
v 0.5833 1.027 -6.473
v 0.5595 1.027 -6.473
vn -0.8573 0.5127 -0.04702
vn 0.8424 0.534 -0.07161
vn -0.8573 0.5127 -0.04702
vn -0.001409 0.00264 1
vn 0.8424 0.534 -0.07161
vn 0.8424 0.534 -0.07161
vn -0.001409 0.00264 1
vn -0.001409 0.00264 1
vn -0.8573 0.5127 -0.04702
f 1097//3445 1098//3448 1099//3449
f 1098//3446 1097//3444 1100//3452
f 1100//3451 1099//3450 1098//3447
o Mesh147
v -0.0475 1.104 5.14
v -0.02328 0.7979 4.977
v -0.02476 1.083 5.18
v -0.002084 1.105 5.14
vn -0.0006416 0.4699 -0.8827
vn -0.8925 -0.2649 0.3651
vn -0.0006416 0.4699 -0.8827
vn 0.8936 -0.2575 0.3677
vn -0.8925 -0.2649 0.3651
vn -0.8925 -0.2649 0.3651
vn 0.8936 -0.2575 0.3677
vn 0.8936 -0.2575 0.3677
vn -0.0006416 0.4699 -0.8827
f 1101//3454 1102//3457 1103//3458
f 1102//3455 1101//3453 1104//3461
f 1102//3456 1104//3460 1103//3459
o Mesh146
v 1.052 -0.5083 -2.747
v 1.033 -0.4948 -2.76
v 1.095 -0.3375 -2.739
v 1.03 -0.4963 -2.602
v 0.9981 -0.4473 -2.584
v 1.026 -0.4645 -2.176
v 1.047 -0.5077 -2.593
v 1.149 -0.5143 -2.686
v 1.156 -0.3415 -2.7
v 1.088 -0.336 -2.607
v 1.072 -0.3437 -2.642
v 1.104 -0.3736 -2.159
v 1.154 -0.34 -2.577
v 1.13 -0.3735 -2.161
v 1.086 -0.4274 -1.92
v 1.138 -0.3817 -2.16
v 1.141 -0.3915 -2.161
v 1.176 -0.3648 -2.564
v 1.14 -0.4604 -2.155
v 1.083 -0.4314 -1.915
v 1.129 -0.4729 -2.157
v 1.174 -0.4882 -2.549
v 1.162 -0.5041 -2.553
v 1.179 -0.49 -2.668
v 1.168 -0.5043 -2.674
v 1.167 -0.5059 -2.675
v 1.141 -0.5133 -2.559
v 1.034 -0.4733 -2.175
v 1.079 -0.4351 -1.91
v 1.116 -0.4809 -2.16
v 1.182 -0.3666 -2.682
v 1.172 -0.3501 -2.689
v 1.169 -0.35 -2.569
v 1.072 -0.3481 -2.752
v 1.002 -0.4317 -2.629
v 0.9989 -0.4279 -2.792
v 0.9981 -0.446 -2.791
vn -0.5607 -0.8278 -0.01863
vn 0.5142 -0.08728 -0.8532
vn 0.531 -0.09194 -0.8424
vn 0.5316 -0.09243 -0.8419
vn -0.06357 -0.998 0.001635
vn -0.5569 -0.8304 -0.01782
vn -0.5607 -0.8278 -0.01863
vn -0.8423 -0.5386 -0.02141
vn -0.8127 -0.5826 -0.003678
vn 0.5651 -0.1058 -0.8182
vn 0.5306 -0.09519 -0.8422
vn 0.5142 -0.08728 -0.8532
vn 0.531 -0.09194 -0.8424
vn 0.5142 -0.08728 -0.8532
vn 0.5306 -0.09519 -0.8422
vn -0.4128 0.91 -0.03877
vn -0.3774 0.9256 -0.02946
vn 0.06975 0.9975 -0.007785
vn -0.5569 -0.8304 -0.01782
vn -0.583 -0.8106 0.05484
vn -0.8327 -0.5527 0.03311
vn -0.8423 -0.5386 -0.02141
vn -0.5607 -0.8278 -0.01863
vn -0.9432 0.3311 0.02717
vn -0.999 0.0447 0.0003067
vn -0.8127 -0.5826 -0.003678
vn -0.8423 -0.5386 -0.02141
vn -0.8327 -0.5527 0.03311
vn -0.8327 -0.5527 0.03311
vn -0.583 -0.8106 0.05484
vn -0.7439 -0.6676 0.03199
vn -0.7343 -0.6423 0.2196
vn -0.06357 -0.998 0.001635
vn -0.06092 -0.9981 0.004559
vn -0.0873 -0.993 0.07907
vn -0.7439 -0.6676 0.03199
vn -0.583 -0.8106 0.05484
vn -0.5569 -0.8304 -0.01782
vn 0.4036 -0.9145 0.02943
vn 0.3939 -0.9186 0.03073
vn -0.06092 -0.9981 0.004559
vn -0.06357 -0.998 0.001635
vn 0.5316 -0.09243 -0.8419
vn 0.5264 -0.09247 -0.8452
vn 0.5487 -0.09535 -0.8305
vn 0.531 -0.09194 -0.8424
vn 0.06975 0.9975 -0.007785
vn 0.06508 0.9978 -0.01121
vn 0.476 0.8794 -0.003762
vn 0.5264 -0.09247 -0.8452
vn 0.5316 -0.09243 -0.8419
vn -0.3774 0.9256 -0.02946
vn -0.5811 0.8089 0.08937
vn 0.0224 0.9963 0.08293
vn 0.06508 0.9978 -0.01121
vn 0.06975 0.9975 -0.007785
vn -0.5811 0.8089 0.08937
vn -0.3774 0.9256 -0.02946
vn -0.4128 0.91 -0.03877
vn -0.7861 0.6174 -0.02898
vn 0.01584 0.9753 0.2202
vn 0.003318 0.9967 0.0807
vn 0.0224 0.9963 0.08293
vn -0.5811 0.8089 0.08937
vn 0.06508 0.9978 -0.01121
vn 0.0224 0.9963 0.08293
vn 0.003318 0.9967 0.0807
vn 0.6946 0.7128 0.09741
vn 0.5089 0.8544 0.1046
vn 0.5466 0.8373 0.01122
vn 0.476 0.8794 -0.003762
vn 0.01584 0.9753 0.2202
vn 0.6517 0.7064 0.276
vn 0.6946 0.7128 0.09741
vn 0.003318 0.9967 0.0807
vn 0.8588 -0.4435 0.2564
vn 0.9754 0.0002953 0.2207
vn 0.9465 0.2098 0.2453
vn 0.6517 0.7064 0.276
vn 0.01584 0.9753 0.2202
vn 0.6946 0.7128 0.09741
vn 0.6517 0.7064 0.276
vn 0.9465 0.2098 0.2453
vn 0.9684 0.2291 0.09848
vn 0.9051 0.4133 0.1003
vn 0.5089 0.8544 0.1046
vn 0.9754 0.0002953 0.2207
vn 0.9963 -0.01136 0.08499
vn 0.9684 0.2291 0.09848
vn 0.9465 0.2098 0.2453
vn 0.9051 0.4133 0.1003
vn 0.9684 0.2291 0.09848
vn 0.9963 -0.01136 0.08499
vn 0.9961 0.001393 0.08794
vn 0.9986 -0.002914 0.05325
vn 0.8492 0.5268 0.03737
vn 0.9187 0.3944 0.0197
vn 0.8588 -0.4435 0.2564
vn 0.728 -0.6387 0.249
vn 0.7599 -0.6402 0.1124
vn 0.9961 0.001393 0.08794
vn 0.9963 -0.01136 0.08499
vn 0.9754 0.0002953 0.2207
vn 0.842 -0.4955 0.2131
vn 0.4562 -0.8585 0.2343
vn 0.728 -0.6387 0.249
vn 0.8588 -0.4435 0.2564
vn 0.7599 -0.6402 0.1124
vn 0.728 -0.6387 0.249
vn 0.4562 -0.8585 0.2343
vn 0.4889 -0.8664 0.1013
vn 0.3725 -0.9222 0.1036
vn 0.7693 -0.6288 0.113
vn 0.9961 0.001393 0.08794
vn 0.7599 -0.6402 0.1124
vn 0.7693 -0.6288 0.113
vn 0.7823 -0.6218 0.03647
vn 0.9991 -0.02283 0.03506
vn 0.9986 -0.002914 0.05325
vn 0.3939 -0.9186 0.03073
vn 0.4036 -0.9145 0.02943
vn 0.7946 -0.6058 0.04022
vn 0.7823 -0.6218 0.03647
vn 0.7693 -0.6288 0.113
vn 0.3725 -0.9222 0.1036
vn 0.9991 -0.02283 0.03506
vn 0.7823 -0.6218 0.03647
vn 0.7947 -0.6057 0.04022
vn 0.5973 -0.1067 -0.7949
vn 0.5487 -0.09535 -0.8305
vn 0.4622 -0.09808 -0.8813
vn 0.5973 -0.1067 -0.7949
vn 0.7946 -0.6058 0.04022
vn 0.7946 -0.6058 0.04022
vn 0.4036 -0.9145 0.02943
vn -0.0873 -0.993 0.07907
vn -0.06092 -0.9981 0.004559
vn 0.3939 -0.9186 0.03073
vn 0.3725 -0.9222 0.1036
vn 0.4889 -0.8664 0.1013
vn -0.1051 -0.9917 0.07395
vn -0.7343 -0.6423 0.2196
vn -0.7439 -0.6676 0.03199
vn -0.0873 -0.993 0.07907
vn -0.1051 -0.9917 0.07395
vn -0.1198 -0.9795 0.1619
vn -0.7343 -0.6423 0.2196
vn -0.1198 -0.9795 0.1619
vn 0.842 -0.4955 0.2131
vn 0.842 -0.4955 0.2131
vn -0.1198 -0.9795 0.1619
vn -0.1051 -0.9917 0.07395
vn 0.4889 -0.8664 0.1013
vn 0.4562 -0.8585 0.2343
vn 0.9986 -0.002914 0.05325
vn 0.9991 -0.02283 0.03506
vn 0.5973 -0.1067 -0.7949
vn 0.4622 -0.09808 -0.8813
vn 0.8492 0.5268 0.03737
vn 0.5264 -0.09247 -0.8452
vn 0.476 0.8794 -0.003762
vn 0.5466 0.8373 0.01122
vn 0.9187 0.3944 0.0197
vn 0.8492 0.5268 0.03737
vn 0.4622 -0.09808 -0.8813
vn 0.5487 -0.09535 -0.8305
vn 0.5089 0.8544 0.1046
vn 0.9051 0.4133 0.1003
vn 0.9187 0.3944 0.0197
vn 0.5466 0.8373 0.01122
vn 0.5306 -0.09519 -0.8422
vn 0.5651 -0.1058 -0.8182
vn 0.5336 -0.07226 -0.8426
vn -0.7427 0.6689 0.03072
vn -0.7861 0.6174 -0.02898
vn -0.4128 0.91 -0.03877
vn -0.7861 0.6174 -0.02898
vn -0.7427 0.6689 0.03072
vn -0.9432 0.3311 0.02717
vn -0.9432 0.3311 0.02717
vn -0.7427 0.6689 0.03072
vn 0.5336 -0.07226 -0.8426
vn -0.999 0.0447 0.0003067
vn 0.5651 -0.1058 -0.8182
vn -0.8127 -0.5826 -0.003678
vn -0.999 0.0447 0.0003067
vn 0.5336 -0.07226 -0.8426
f 1105//3463 1106//3473 1107//3475
f 1108//3484 1106//3468 1105//3462
f 1106//3469 1108//3483 1109//3488
f 1109//3489 1108//3482 1110//3490
f 1110//3491 1108//3481 1111//3498
f 1111//3499 1108//3480 1105//3467
f 1111//3494 1105//3466 1112//3503
f 1112//3504 1105//3465 1113//3512
f 1113//3507 1105//3464 1107//3474
f 1107//3479 1114//3517 1113//3508
f 1115//3519 1114//3513 1107//3478
f 1114//3514 1115//3518 1116//3525
f 1114//3515 1116//3524 1117//3527
f 1116//3523 1118//3536 1117//3528
f 1116//3522 1119//3541 1118//3533
f 1118//3534 1119//3540 1120//3543
f 1121//3551 1120//3544 1119//3539
f 1121//3550 1122//3553 1120//3545
f 1122//3554 1121//3549 1123//3563
f 1123//3564 1121//3548 1119//3538
f 1123//3559 1119//3537 1124//3568
f 1125//3570 1123//3560 1124//3567
f 1125//3569 1126//3576 1123//3561
f 1127//3585 1126//3577 1125//3574
f 1127//3584 1128//3588 1126//3578
f 1128//3589 1127//3583 1129//3594
f 1130//3595 1129//3594 1127//3583
f 1127//3582 1112//3500 1130//3596
f 1131//3599 1112//3501 1127//3581
f 1131//3598 1111//3495 1112//3502
f 1132//3605 1111//3496 1131//3597
f 1110//3492 1111//3497 1132//3604
f 1110//3493 1132//3603 1133//3608
f 1133//3609 1132//3607 1134//3612
f 1134//3613 1132//3606 1131//3602
f 1125//3572 1134//3614 1131//3601
f 1124//3566 1134//3615 1125//3571
f 1134//3611 1124//3565 1133//3610
f 1125//3573 1131//3600 1127//3586
f 1128//3590 1129//3593 1135//3618
f 1135//3619 1129//3592 1136//3626
f 1129//3591 1112//3506 1136//3627
f 1136//3621 1112//3505 1113//3511
f 1113//3510 1117//3532 1136//3622
f 1114//3516 1117//3526 1113//3509
f 1117//3531 1137//3631 1136//3623
f 1117//3530 1120//3547 1137//3628
f 1118//3535 1120//3542 1117//3529
f 1122//3552 1137//3629 1120//3546
f 1136//3624 1137//3630 1122//3558
f 1135//3620 1136//3625 1122//3557
f 1135//3616 1122//3556 1126//3580
f 1126//3575 1122//3555 1123//3562
f 1128//3587 1135//3617 1126//3579
f 1138//3637 1115//3520 1107//3477
f 1115//3521 1138//3636 1139//3638
f 1138//3635 1140//3642 1139//3639
f 1141//3648 1140//3643 1138//3634
f 1140//3644 1141//3647 1109//3486
f 1141//3646 1106//3470 1109//3487
f 1106//3471 1141//3645 1138//3633
f 1106//3472 1138//3632 1107//3476
f 1139//3640 1140//3641 1109//3485
o Mesh145
v -0.02716 0.4154 -6.255
v -0.2095 0.4146 -6.256
v -0.02682 0.3817 -6.388
v -0.2092 0.3809 -6.389
v -0.02681 0.3787 -6.389
v -0.2092 0.3779 -6.389
v -0.2097 0.4565 -6.288
v -0.02728 0.4572 -6.288
v -0.2096 0.4631 -6.341
v -0.02723 0.4638 -6.34
v -0.2094 0.4305 -6.383
v -0.02704 0.4313 -6.382
vn -0.003705 0.6137 0.7895
vn -0.003704 0.6137 0.7895
vn 0.0009459 0.1243 -0.9922
vn 0.0009435 0.1243 -0.9922
vn 0.0009456 0.1243 -0.9922
vn 0.0009474 0.1244 -0.9922
vn -0.003705 0.6137 0.7895
vn -0.004292 0.9922 0.1243
vn -0.004292 0.9922 0.1243
vn -0.003706 0.6137 0.7895
vn -0.004292 0.9922 0.1243
vn -0.002365 0.7895 -0.6137
vn -0.002363 0.7895 -0.6138
vn -0.004292 0.9922 0.1243
vn -0.002363 0.7895 -0.6138
vn 0.0009459 0.1243 -0.9922
vn 0.0009486 0.1243 -0.9922
vn -0.002362 0.7895 -0.6138
f 1148//3656 1149//3657 1150//3659
f 1149//3658 1148//3655 1142//3649
f 1143//3650 1142//3649 1148//3655
f 1151//3662 1150//3659 1149//3657
f 1150//3660 1151//3661 1152//3663
f 1153//3666 1152//3663 1151//3661
f 1153//3665 1144//3651 1152//3664
f 1152//3664 1144//3651 1145//3652
f 1144//3651 1146//3653 1145//3652
f 1147//3654 1145//3652 1146//3653
o Mesh144
v -0.2038 1.016 -1.837
v -0.204 1.018 -1.858
v 0.1755 1.017 -1.837
v 0.1758 1.02 -1.858
v 0.1079 1.115 -1.728
v 0.1754 1.081 -1.728
v 0.1084 1.054 -1.857
v 0.1751 1.078 -1.707
v 0.1078 1.112 -1.707
v -0.01479 1.132 -1.709
v -0.01435 1.071 -1.839
v -0.1367 1.05 -1.836
v -0.1372 1.111 -1.707
v -0.2042 1.077 -1.708
v -0.1373 1.114 -1.728
v -0.2044 1.079 -1.729
v -0.1369 1.053 -1.857
v -0.01477 1.135 -1.731
v -0.01433 1.074 -1.86
v 0.1082 1.051 -1.836
vn 0.4147 -0.8224 0.3895
vn -0.4155 0.822 -0.3893
vn -0.409 -0.8258 0.3883
vn 0.4098 0.8255 -0.3881
vn 0.4462 0.8878 0.1127
vn 0.4098 0.8255 -0.3881
vn 0.1618 0.8927 -0.4207
vn 0.162 0.9775 0.1348
vn 0.1614 0.9783 0.1301
vn 0.4439 0.888 0.1205
vn 0.4098 0.8255 -0.3881
vn 0.4462 0.8878 0.1127
vn 0.1618 0.8927 -0.4207
vn 0.4098 0.8255 -0.3881
vn 0.4462 0.8878 0.1127
vn 0.4439 0.888 0.1205
vn -0.409 -0.8258 0.3883
vn 0.1614 0.9783 0.1301
vn -0.1585 -0.8931 0.4209
vn -0.409 -0.8258 0.3883
vn 0.4439 0.888 0.1205
vn 0.162 0.9775 0.1348
vn -0.1705 0.9762 0.1344
vn -0.1699 0.9769 0.1297
vn 0.1646 -0.8918 0.4214
vn -0.1585 -0.8932 0.4209
vn 0.1614 0.9783 0.1301
vn -0.1585 -0.8931 0.4209
vn 0.1646 -0.8918 0.4214
vn 0.1646 -0.8918 0.4214
vn 0.4147 -0.8224 0.3895
vn -0.1699 0.9769 0.1297
vn -0.4516 0.8842 0.1192
vn 0.4147 -0.8224 0.3895
vn 0.1646 -0.8918 0.4214
vn 0.4147 -0.8224 0.3895
vn -0.4516 0.8842 0.1192
vn -0.4538 0.8841 0.1114
vn -0.1699 0.9769 0.1297
vn -0.1705 0.9762 0.1344
vn -0.168 0.8913 -0.4212
vn -0.4155 0.822 -0.3893
vn -0.4538 0.8841 0.1114
vn -0.4516 0.8842 0.1192
vn -0.4538 0.8841 0.1114
vn -0.4155 0.8221 -0.3893
vn -0.4155 0.822 -0.3893
vn -0.168 0.8913 -0.4212
vn 0.1618 0.8927 -0.4207
vn -0.168 0.8913 -0.4212
vn -0.1705 0.9762 0.1344
vn 0.162 0.9775 0.1348
vn -0.168 0.8913 -0.4212
vn 0.1618 0.8927 -0.4207
vn -0.409 -0.8258 0.3883
vn -0.1585 -0.8931 0.4209
f 1158//3672 1159//3677 1160//3680
f 1158//3671 1161//3681 1159//3678
f 1158//3676 1162//3687 1161//3682
f 1163//3693 1162//3684 1158//3675
f 1163//3692 1164//3694 1162//3685
f 1164//3695 1163//3691 1165//3696
f 1166//3701 1165//3696 1163//3691
f 1165//3697 1166//3700 1154//3667
f 1167//3702 1154//3667 1166//3700
f 1168//3710 1167//3703 1166//3699
f 1169//3711 1167//3704 1168//3709
f 1169//3712 1168//3708 1155//3668
f 1170//3713 1155//3668 1168//3708
f 1168//3707 1171//3716 1170//3714
f 1168//3706 1163//3689 1171//3717
f 1168//3705 1166//3698 1163//3690
f 1171//3718 1163//3688 1158//3674
f 1171//3715 1158//3673 1172//3720
f 1160//3679 1172//3720 1158//3673
f 1172//3719 1170//3714 1171//3716
f 1173//3722 1162//3685 1164//3694
f 1162//3686 1173//3721 1161//3683
f 1156//3669 1161//3683 1173//3721
f 1157//3670 1160//3680 1159//3677
o Mesh143
v 3.93 -0.01641 2.382
v 3.833 -0.01265 3.052
v 3.837 -0.1953 2.835
v 3.826 -0.2454 3.052
v 3.856 -0.01603 2.593
v 3.853 -0.1084 2.593
v 3.888 -0.01412 2.363
v 3.871 -0.1427 2.593
v 3.9 -0.01432 2.323
v 3.937 -0.1446 2.593
v 3.916 -0.01477 2.323
v 3.927 -0.01604 2.363
v 3.957 -0.1113 2.593
v 3.959 -0.02039 2.593
v 3.966 -0.199 2.835
v 3.981 -0.01908 3.052
v 3.974 -0.2495 3.053
v 3.98 -0.006318 3.877
v 3.974 -0.2604 3.344
v 3.899 -0.2918 3.053
v 3.898 -0.3026 3.344
v 3.825 -0.2562 3.344
v 3.826 -0.2184 3.616
v 3.899 -0.2648 3.616
v 3.828 -0.1432 3.899
v 3.831 -0.0007587 3.874
v 3.98 -0.006578 3.877
v 3.976 -0.1474 3.899
v 3.974 -0.2225 3.616
v 3.901 -0.1905 3.879
v 3.9 -0.2595 2.887
v 3.869 -0.2143 2.767
v 3.934 -0.2161 2.767
vn 0.9901 -0.02816 -0.1373
vn -0.9982 0.03271 -0.05034
vn -0.9985 0.02796 -0.04635
vn -0.9996 0.0281 -0.001559
vn -0.9996 0.0278 -0.001669
vn -0.9982 0.03271 -0.05034
vn -0.9982 0.02792 -0.05389
vn -0.8679 -0.4471 -0.2164
vn -0.8104 -0.5395 -0.2286
vn -0.6667 -0.7377 -0.1063
vn -0.6096 -0.7649 -0.2083
vn -0.9985 0.02796 -0.04635
vn -0.9996 0.0281 -0.001559
vn -0.9985 0.02796 -0.04635
vn -0.6096 -0.7649 -0.2083
vn -0.5288 -0.8323 -0.1663
vn -0.5363 -0.8434 -0.03281
vn -0.9996 0.0281 -0.001559
vn -0.9897 0.02746 -0.1404
vn -0.9982 0.02792 -0.05389
vn -0.9982 0.03271 -0.05034
vn -0.8679 -0.4471 -0.2164
vn -0.9982 0.02792 -0.05389
vn -0.9897 0.02746 -0.1404
vn -0.8456 -0.4359 -0.3082
vn -0.9014 -0.3451 -0.2617
vn -0.8456 -0.4359 -0.3082
vn -0.9897 0.02746 -0.1404
vn -0.8679 -0.4471 -0.2164
vn -0.8456 -0.4359 -0.3082
vn -0.9014 -0.3451 -0.2617
vn -0.0247 -0.9021 -0.4308
vn -0.02538 -0.9241 -0.3813
vn -0.8104 -0.5395 -0.2286
vn -0.0247 -0.9021 -0.4308
vn -0.9014 -0.3451 -0.2617
vn -0.02539 -0.9241 -0.3813
vn -0.0247 -0.9021 -0.4308
vn 0.8737 -0.4083 -0.2646
vn 0.8211 -0.483 -0.3042
vn 0.8421 -0.4952 -0.2137
vn 0.7795 -0.5842 -0.2261
vn 0.8737 -0.4083 -0.2646
vn -0.0247 -0.9021 -0.4308
vn 0.9901 -0.02811 -0.1373
vn 0.8211 -0.483 -0.3042
vn 0.8737 -0.4083 -0.2646
vn 0.8421 -0.4952 -0.2137
vn 0.8211 -0.483 -0.3042
vn 0.9901 -0.02814 -0.1373
vn 0.9983 -0.02818 -0.05076
vn 0.9986 -0.02337 -0.04722
vn 0.9983 -0.02818 -0.05076
vn 0.9901 -0.02816 -0.1373
vn 0.8421 -0.4952 -0.2137
vn 0.9983 -0.02818 -0.05076
vn 0.9986 -0.02337 -0.04722
vn 0.9987 -0.02818 -0.04323
vn 0.5663 -0.7979 -0.2065
vn 0.6246 -0.774 -0.1043
vn 0.7795 -0.5842 -0.2261
vn 0.9996 -0.0281 0.001501
vn 0.9987 -0.02818 -0.04323
vn 0.9986 -0.02337 -0.04722
vn 0.5663 -0.7979 -0.2065
vn 0.9987 -0.02818 -0.04323
vn 0.9996 -0.02819 0.001528
vn 0.4882 -0.8722 -0.03122
vn 0.4818 -0.8607 -0.1647
vn -0.01172 0.2204 0.9753
vn 0.4722 -0.4004 0.7853
vn 0.9996 -0.02829 0.001575
vn 0.4882 -0.8722 -0.03122
vn 0.9996 -0.02832 0.001575
vn 0.4849 -0.8664 0.1194
vn 0.4882 -0.8722 -0.03122
vn -0.5288 -0.8323 -0.1663
vn 0.4818 -0.8607 -0.1647
vn 0.4882 -0.8722 -0.03122
vn -0.5363 -0.8434 -0.03281
vn -0.5363 -0.8434 -0.03281
vn 0.4882 -0.8722 -0.03122
vn 0.4849 -0.8664 0.1194
vn -0.5332 -0.8377 0.1178
vn -0.9996 0.0281 -0.001559
vn -0.5363 -0.8434 -0.03281
vn -0.5332 -0.8377 0.1178
vn -0.9996 0.0281 -0.001559
vn -0.5332 -0.8377 0.1178
vn -0.5239 -0.8225 0.2213
vn -0.9996 0.02747 -0.001392
vn -0.9996 0.0278 -0.001669
vn 0.4849 -0.8664 0.1194
vn 0.4761 -0.8507 0.2229
vn 0.4315 -0.8689 0.2426
vn -0.4804 -0.8432 0.2412
vn -0.5239 -0.8225 0.2213
vn -0.5332 -0.8377 0.1178
vn 0.4722 -0.4004 0.7853
vn -0.01378 0.1729 0.9848
vn -0.9996 0.02747 -0.001392
vn -0.5239 -0.8225 0.2213
vn -0.4804 -0.8432 0.2412
vn -0.01286 -0.406 0.9138
vn -0.9996 0.0278 -0.001669
vn -0.9996 0.02747 -0.001392
vn -0.01275 0.1967 0.9804
vn -0.01275 0.1967 0.9804
vn 0.6726 -0.7276 0.1352
vn 0.9996 -0.02843 0.001649
vn 0.002797 0.155 0.9879
vn -0.01286 -0.406 0.9138
vn 0.4315 -0.8689 0.2426
vn 0.4761 -0.8507 0.2229
vn 0.9996 -0.0284 0.001622
vn 0.4761 -0.8507 0.2229
vn 0.4849 -0.8664 0.1194
vn -0.4804 -0.8432 0.2412
vn 0.4315 -0.8689 0.2426
vn -0.01286 -0.406 0.9138
vn -0.6667 -0.7377 -0.1063
vn -0.02582 -0.938 -0.3457
vn 0.6246 -0.774 -0.1043
vn 0.5663 -0.7979 -0.2065
vn 0.4818 -0.8607 -0.1647
vn -0.5288 -0.8323 -0.1663
vn -0.6096 -0.7649 -0.2083
vn -0.8104 -0.5395 -0.2286
vn -0.02537 -0.9241 -0.3813
vn -0.02582 -0.938 -0.3457
vn -0.6667 -0.7377 -0.1063
vn -0.02539 -0.9241 -0.3813
vn 0.7795 -0.5842 -0.2261
vn 0.6246 -0.774 -0.1043
vn -0.02582 -0.938 -0.3457
vn -0.02537 -0.9241 -0.3813
f 1175//3725 1176//3734 1177//3736
f 1178//3743 1176//3728 1175//3724
f 1178//3742 1179//3745 1176//3729
f 1178//3741 1180//3750 1179//3746
f 1179//3747 1180//3749 1181//3752
f 1180//3748 1182//3758 1181//3753
f 1181//3754 1182//3757 1183//3760
f 1184//3766 1183//3760 1182//3757
f 1184//3765 1185//3769 1183//3761
f 1185//3768 1186//3771 1183//3762
f 1185//3767 1174//3723 1186//3772
f 1187//3776 1186//3772 1174//3723
f 1186//3773 1187//3775 1188//3778
f 1188//3779 1187//3774 1189//3786
f 1188//3780 1189//3785 1190//3788
f 1189//3784 1191//3794 1190//3789
f 1192//3796 1190//3789 1191//3794
f 1190//3790 1192//3795 1193//3801
f 1194//3804 1193//3801 1192//3798
f 1193//3802 1194//3803 1177//3739
f 1195//3808 1177//3739 1194//3803
f 1195//3807 1196//3810 1177//3740
f 1195//3809 1194//3806 1196//3811
f 1197//3820 1196//3811 1194//3806
f 1198//3824 1196//3812 1197//3819
f 1199//3828 1196//3813 1198//3823
f 1175//3727 1196//3814 1199//3827
f 1175//3726 1177//3735 1196//3810
f 1198//3822 1200//3830 1199//3829
f 1200//3831 1198//3821 1191//3793
f 1201//3833 1191//3793 1198//3821
f 1201//3832 1202//3837 1191//3794
f 1197//3816 1202//3838 1201//3836
f 1202//3839 1197//3815 1192//3797
f 1194//3805 1192//3797 1197//3815
f 1202//3837 1192//3796 1191//3794
f 1203//3841 1197//3817 1201//3835
f 1198//3825 1197//3818 1203//3840
f 1203//3842 1201//3834 1198//3826
f 1191//3792 1199//3829 1200//3830
f 1193//3799 1177//3738 1204//3848
f 1177//3737 1176//3733 1204//3849
f 1176//3732 1205//3853 1204//3843
f 1181//3756 1205//3850 1176//3731
f 1205//3851 1181//3755 1206//3858
f 1183//3759 1206//3854 1181//3755
f 1206//3855 1183//3764 1188//3783
f 1183//3763 1186//3770 1188//3777
f 1204//3845 1206//3856 1188//3782
f 1204//3844 1205//3852 1206//3857
f 1204//3846 1188//3781 1190//3787
f 1193//3800 1204//3847 1190//3791
f 1179//3744 1181//3751 1176//3730
o Mesh142
v -1.011 -0.4543 -2.794
v -1.046 -0.5035 -2.763
v -1.087 -0.3571 -2.755
v -1.012 -0.4556 -2.587
v -1.012 -0.4363 -2.795
v -1.016 -0.44 -2.632
v -1.086 -0.3526 -2.645
v -1.106 -0.348 -2.744
v -1.109 -0.3466 -2.742
v -1.065 -0.5171 -2.75
v -1.043 -0.5049 -2.605
v -1.041 -0.473 -2.179
v -1.06 -0.5164 -2.596
v -1.162 -0.5239 -2.689
v -1.17 -0.3511 -2.703
v -1.186 -0.3599 -2.693
v -1.181 -0.514 -2.678
v -1.196 -0.3764 -2.686
v -1.192 -0.4998 -2.671
v -1.175 -0.5138 -2.556
v -1.18 -0.5157 -2.678
v -1.154 -0.5228 -2.563
v -1.049 -0.4819 -2.178
v -1.095 -0.4441 -1.913
v -1.131 -0.4902 -2.163
v -1.099 -0.4404 -1.918
v -1.144 -0.4823 -2.161
v -1.188 -0.498 -2.553
v -1.19 -0.3746 -2.568
v -1.184 -0.3597 -2.572
v -1.169 -0.3496 -2.58
v -1.154 -0.3912 -2.163
v -1.156 -0.401 -2.164
v -1.155 -0.4699 -2.158
v -1.102 -0.4365 -1.923
v -1.146 -0.383 -2.165
v -1.12 -0.3828 -2.162
v -1.103 -0.3451 -2.61
vn 0.8176 -0.5758 -0.001276
vn -0.5617 -0.1104 -0.8199
vn -0.5305 -0.07664 -0.8442
vn 0.9986 0.05297 0.003253
vn 0.8176 -0.5758 -0.001276
vn 0.8468 -0.5316 -0.01892
vn 0.5675 -0.8232 -0.01696
vn -0.5109 -0.09153 -0.8547
vn -0.5272 -0.09952 -0.8439
vn -0.5617 -0.1104 -0.8199
vn -0.5305 -0.07664 -0.8442
vn -0.5617 -0.1104 -0.8199
vn -0.1889 0.5704 -0.7993
vn 0.4054 0.9134 -0.03757
vn 0.781 0.6239 -0.02667
vn 0.7371 0.675 0.03291
vn 0.8372 -0.5458 0.03558
vn 0.8468 -0.5316 -0.01892
vn 0.8176 -0.5758 -0.001276
vn 0.9986 0.05297 0.003253
vn 0.9403 0.339 0.02996
vn -0.5305 -0.07664 -0.8442
vn 0.7371 0.675 0.03291
vn 0.9403 0.339 0.02996
vn 0.9986 0.05297 0.003253
vn 0.9403 0.339 0.02996
vn 0.7371 0.675 0.03291
vn 0.781 0.6239 -0.02667
vn 0.781 0.6239 -0.02667
vn 0.4052 0.9134 -0.03753
vn 0.3698 0.9287 -0.02837
vn 0.5741 0.8137 0.09108
vn 0.2563 0.9179 -0.3029
vn 0.4052 0.9134 -0.03753
vn -0.5109 -0.09153 -0.8547
vn -0.5277 -0.09632 -0.8439
vn -0.07799 0.9969 -0.008009
vn 0.3698 0.9287 -0.02837
vn 0.4051 0.9135 -0.03749
vn -0.1889 0.5704 -0.7993
vn 0.5675 -0.8232 -0.01696
vn 0.5637 -0.8258 -0.01616
vn 0.07184 -0.9974 0.001838
vn -0.5283 -0.09682 -0.8435
vn -0.5277 -0.09632 -0.8439
vn -0.5109 -0.09153 -0.8547
vn 0.8468 -0.5316 -0.01892
vn 0.8372 -0.5458 0.03558
vn 0.5894 -0.8058 0.05658
vn 0.5637 -0.8258 -0.01616
vn 0.5675 -0.8232 -0.01696
vn 0.7389 -0.6362 0.2218
vn 0.7492 -0.6614 0.03419
vn 0.5894 -0.8058 0.05658
vn 0.8372 -0.5458 0.03558
vn 0.07184 -0.9974 0.001838
vn 0.5637 -0.8258 -0.01616
vn 0.5894 -0.8058 0.05658
vn 0.7492 -0.6614 0.03419
vn 0.09529 -0.9923 0.07933
vn 0.06918 -0.9976 0.004763
vn -0.5454 -0.09987 -0.8322
vn -0.5232 -0.09683 -0.8467
vn -0.5283 -0.09682 -0.8435
vn 0.07184 -0.9974 0.001838
vn 0.06918 -0.9976 0.004763
vn -0.3863 -0.9219 0.02958
vn -0.3961 -0.9178 0.02825
vn -0.5277 -0.09632 -0.8439
vn -0.5283 -0.09682 -0.8435
vn -0.5232 -0.09683 -0.8467
vn -0.4833 0.8754 -0.005179
vn -0.07331 0.9972 -0.01142
vn -0.07799 0.9969 -0.008009
vn -0.5454 -0.09987 -0.8322
vn -0.4587 -0.1019 -0.8827
vn -0.8536 0.5197 0.03485
vn -0.922 0.3868 0.01698
vn -0.5536 0.8327 0.009587
vn -0.4833 0.8754 -0.005179
vn -0.5232 -0.09683 -0.8467
vn -0.7895 -0.6126 0.03788
vn -0.5941 -0.1116 -0.7966
vn -0.4587 -0.1019 -0.8827
vn -0.5454 -0.09987 -0.8322
vn -0.8536 0.5197 0.03485
vn -0.4587 -0.1019 -0.8827
vn -0.5941 -0.1116 -0.7966
vn -0.999 -0.03109 0.03212
vn -0.9987 -0.01118 0.05029
vn -0.7897 -0.6123 0.03789
vn -0.7773 -0.6282 0.03418
vn -0.999 -0.03109 0.03212
vn -0.5941 -0.1116 -0.7966
vn -0.3863 -0.9219 0.02958
vn -0.3651 -0.9253 0.1025
vn -0.7644 -0.6351 0.1108
vn -0.7773 -0.6282 0.03418
vn -0.7895 -0.6126 0.03788
vn -0.3961 -0.9178 0.02825
vn -0.3961 -0.9178 0.02825
vn -0.7893 -0.6128 0.03787
vn 0.09529 -0.9923 0.07933
vn 0.1131 -0.9908 0.07428
vn -0.482 -0.8705 0.09991
vn -0.3651 -0.9253 0.1025
vn -0.3863 -0.9219 0.02958
vn 0.06918 -0.9976 0.004763
vn 0.7389 -0.6362 0.2218
vn 0.1274 -0.9785 0.1623
vn 0.1131 -0.9908 0.07428
vn 0.09529 -0.9923 0.07933
vn 0.7492 -0.6614 0.03419
vn -0.8386 -0.5023 0.2106
vn 0.1274 -0.9785 0.1623
vn 0.7389 -0.6362 0.2218
vn 0.1131 -0.9908 0.07428
vn 0.1274 -0.9785 0.1623
vn -0.8386 -0.5023 0.2106
vn -0.4497 -0.8622 0.233
vn -0.482 -0.8705 0.09991
vn -0.8559 -0.4506 0.2538
vn -0.7235 -0.6447 0.2468
vn -0.4497 -0.8622 0.233
vn -0.8386 -0.5023 0.2106
vn -0.7644 -0.6351 0.1108
vn -0.3651 -0.9253 0.1025
vn -0.482 -0.8705 0.09991
vn -0.4497 -0.8622 0.233
vn -0.7235 -0.6447 0.2468
vn -0.7549 -0.6465 0.1102
vn -0.9987 -0.01118 0.05029
vn -0.999 -0.03109 0.03212
vn -0.7773 -0.6282 0.03418
vn -0.7644 -0.6351 0.1108
vn -0.7549 -0.6465 0.1102
vn -0.9964 -0.006858 0.085
vn -0.922 0.3868 0.01698
vn -0.8536 0.5197 0.03485
vn -0.9987 -0.01118 0.05029
vn -0.9964 -0.006858 0.085
vn -0.9964 -0.01961 0.08204
vn -0.9706 0.2209 0.09561
vn -0.9088 0.4057 0.09764
vn -0.5536 0.8327 0.009587
vn -0.922 0.3868 0.01698
vn -0.9088 0.4057 0.09764
vn -0.5163 0.8502 0.1031
vn -0.4833 0.8754 -0.005179
vn -0.5536 0.8327 0.009587
vn -0.5163 0.8502 0.1031
vn -0.7006 0.7071 0.09536
vn -0.01184 0.9967 0.08068
vn -0.0309 0.9961 0.08285
vn -0.07331 0.9972 -0.01142
vn -0.9706 0.2209 0.09561
vn -0.9489 0.2018 0.2425
vn -0.6583 0.7011 0.2741
vn -0.7006 0.7071 0.09536
vn -0.5163 0.8502 0.1031
vn -0.9088 0.4057 0.09764
vn -0.9964 -0.01961 0.08204
vn -0.976 -0.007784 0.2178
vn -0.9489 0.2018 0.2425
vn -0.9706 0.2209 0.09561
vn -0.8559 -0.4506 0.2538
vn -0.976 -0.007784 0.2178
vn -0.9964 -0.01961 0.08204
vn -0.9964 -0.006858 0.085
vn -0.7549 -0.6465 0.1102
vn -0.7235 -0.6447 0.2468
vn -0.0246 0.9752 0.2202
vn -0.6583 0.7011 0.2741
vn -0.9489 0.2018 0.2425
vn -0.976 -0.007784 0.2178
vn -0.8559 -0.4506 0.2538
vn -0.01184 0.9967 0.08068
vn -0.7006 0.7071 0.09536
vn -0.6583 0.7011 0.2741
vn -0.0246 0.9752 0.2202
vn 0.5741 0.8137 0.09108
vn -0.0309 0.9961 0.08285
vn -0.01184 0.9967 0.08068
vn -0.0246 0.9752 0.2202
vn 0.3698 0.9287 -0.02837
vn -0.07799 0.9969 -0.008009
vn -0.07331 0.9972 -0.01142
vn -0.0309 0.9961 0.08285
vn 0.5741 0.8137 0.09108
f 1207//3860 1208//3868 1209//3870
f 1208//3863 1207//3859 1210//3877
f 1207//3862 1211//3883 1210//3878
f 1211//3880 1207//3861 1209//3869
f 1211//3881 1209//3874 1212//3885
f 1209//3873 1213//3887 1212//3886
f 1209//3872 1214//3892 1213//3888
f 1214//3891 1209//3871 1215//3898
f 1208//3867 1215//3898 1209//3871
f 1208//3866 1216//3904 1215//3893
f 1216//3899 1208//3865 1217//3909
f 1217//3905 1208//3864 1210//3876
f 1217//3906 1210//3875 1218//3913
f 1219//3916 1217//3907 1218//3912
f 1219//3915 1216//3900 1217//3908
f 1220//3923 1216//3901 1219//3914
f 1216//3902 1220//3922 1221//3928
f 1220//3921 1222//3939 1221//3929
f 1220//3920 1223//3943 1222//3933
f 1223//3942 1224//3945 1222//3934
f 1223//3941 1225//3952 1224//3946
f 1225//3949 1223//3940 1226//3957
f 1227//3960 1226//3957 1223//3940
f 1226//3958 1227//3959 1220//3926
f 1226//3953 1220//3925 1228//3965
f 1228//3966 1220//3924 1219//3919
f 1228//3961 1219//3918 1229//3970
f 1219//3917 1218//3911 1229//3971
f 1229//3967 1218//3910 1230//3974
f 1230//3973 1231//3976 1229//3968
f 1232//3983 1231//3977 1230//3972
f 1233//3987 1231//3978 1232//3982
f 1233//3986 1228//3963 1231//3979
f 1226//3954 1228//3964 1233//3985
f 1234//3993 1226//3955 1233//3984
f 1225//3950 1226//3956 1234//3992
f 1224//3947 1225//3951 1234//3991
f 1235//3998 1224//3948 1234//3990
f 1222//3935 1224//3944 1235//3997
f 1236//4004 1222//3936 1235//3996
f 1222//3937 1236//4003 1237//4008
f 1237//4009 1236//4006 1238//4018
f 1236//4005 1235//4002 1238//4019
f 1235//4001 1239//4023 1238//4014
f 1239//4020 1235//4000 1240//4026
f 1235//3999 1234//3995 1240//4027
f 1234//3994 1233//3989 1240//4028
f 1240//4029 1233//3988 1232//3981
f 1241//4034 1240//4024 1232//3980
f 1239//4021 1240//4025 1241//4033
f 1238//4015 1239//4022 1241//4032
f 1242//4037 1238//4016 1241//4031
f 1237//4010 1238//4017 1242//4036
f 1237//4011 1242//4035 1243//4041
f 1243//4042 1242//4038 1241//4030
f 1237//4012 1243//4040 1244//4046
f 1244//4047 1243//4039 1213//3890
f 1215//3896 1244//4043 1213//3889
f 1215//3895 1221//3932 1244//4044
f 1216//3903 1221//3927 1215//3894
f 1221//3931 1237//4013 1244//4045
f 1221//3930 1222//3938 1237//4007
f 1215//3897 1213//3888 1214//3892
f 1231//3975 1228//3962 1229//3969
f 1211//3882 1212//3884 1210//3879
o Mesh141
v -0.1677 0.5349 -6.382
v -0.1795 0.5432 -6.323
v -0.1448 0.5551 -6.323
v -0.1857 0.4504 -6.433
v -0.05092 0.451 -6.433
v -0.0698 0.5353 -6.381
v -0.05825 0.5437 -6.323
v -0.09304 0.5553 -6.323
v -0.09789 0.5433 -6.377
v -0.1397 0.5431 -6.377
v -0.1189 0.5295 -6.252
v -0.1872 0.5229 -6.256
v -0.2049 0.4643 -6.319
v -0.1856 0.4299 -6.441
v -0.05082 0.4304 -6.441
v -0.03214 0.465 -6.318
v -0.04963 0.5235 -6.256
v -0.04795 0.4879 -6.217
v -0.1896 0.4873 -6.217
v -0.0478 0.4399 -6.185
v -0.1895 0.4393 -6.185
v -0.2048 0.4178 -6.316
v -0.1854 0.3881 -6.444
v -0.05065 0.3886 -6.444
v -0.03195 0.4185 -6.316
vn -0.9134 0.3356 -0.2305
vn -0.3205 0.9268 -0.1956
vn -0.2344 0.9432 -0.2352
vn -0.0009126 0.5213 -0.8534
vn -0.9134 0.3356 -0.2305
vn -0.9368 0.2921 -0.1926
vn -0.9518 0.3062 -0.01685
vn -0.3084 0.9191 0.2451
vn -0.3205 0.9268 -0.1956
vn -0.2344 0.9432 -0.2352
vn -0.3205 0.9268 -0.1956
vn -0.3084 0.9191 0.2451
vn -0.1133 0.9222 0.3697
vn -0.004374 0.9414 0.3372
vn -0.003723 0.9754 -0.2203
vn -0.0009052 0.5212 -0.8534
vn -0.0001733 0.3696 -0.9292
vn -0.9829 0.06405 -0.1727
vn -0.9368 0.2921 -0.1926
vn -0.9134 0.3356 -0.2305
vn -0.0009161 0.5212 -0.8534
vn 0.9112 0.3432 -0.2278
vn 0.9349 0.2999 -0.1899
vn 0.9828 0.0722 -0.1698
vn -0.000165 0.3696 -0.9292
vn -0.0009052 0.5212 -0.8534
vn -0.0009119 0.5213 -0.8534
vn 0.2273 0.9452 -0.2345
vn 0.3134 0.9294 -0.1947
vn 0.9112 0.3432 -0.2278
vn -0.0009161 0.5212 -0.8534
vn 0.9349 0.2999 -0.1899
vn 0.9112 0.3432 -0.2278
vn 0.3134 0.9294 -0.1947
vn 0.3005 0.9226 0.2421
vn 0.9492 0.3134 -0.02744
vn -0.004374 0.9414 0.3372
vn 0.1031 0.9235 0.3696
vn 0.3005 0.9226 0.2421
vn 0.3134 0.9294 -0.1947
vn 0.2273 0.9452 -0.2345
vn -0.003716 0.9754 -0.2203
vn -0.0009074 0.5214 -0.8533
vn -0.003708 0.9754 -0.2203
vn 0.2273 0.9452 -0.2345
vn -0.2344 0.9432 -0.2352
vn -0.003716 0.9754 -0.2203
vn -0.0009119 0.5213 -0.8534
vn -0.1133 0.9222 0.3697
vn -0.1145 0.7409 0.6618
vn -0.003781 0.6422 0.7665
vn 0.105 0.7406 0.6637
vn 0.1031 0.9235 0.3696
vn -0.004374 0.9414 0.3372
vn -0.9518 0.3062 -0.01685
vn -0.9773 0.1835 0.1056
vn -0.1145 0.7409 0.6618
vn -0.1133 0.9222 0.3697
vn -0.3084 0.9191 0.2451
vn -0.9368 0.2921 -0.1926
vn -0.9829 0.06405 -0.1727
vn -0.9875 0.006359 -0.1572
vn -0.9891 -0.01077 -0.1471
vn -0.9933 0.001205 0.1154
vn -0.9881 0.08254 0.1301
vn -0.9773 0.1835 0.1056
vn -0.9518 0.3062 -0.01685
vn -0.0001816 0.3695 -0.9292
vn 0.00118 0.06704 -0.9977
vn -0.9875 0.006359 -0.1572
vn -0.9829 0.06405 -0.1727
vn -0.000165 0.3696 -0.9292
vn 0.9828 0.0722 -0.1698
vn 0.9879 0.01455 -0.1543
vn 0.00117 0.06701 -0.9978
vn -0.0001816 0.3695 -0.9292
vn 0.9349 0.2999 -0.1899
vn 0.9492 0.3134 -0.02744
vn 0.9786 0.1719 0.1134
vn 0.987 0.09069 0.133
vn 0.9929 0.009451 0.1184
vn 0.9895 -0.002549 -0.1442
vn 0.9879 0.01455 -0.1543
vn 0.9828 0.0722 -0.1698
vn 0.3005 0.9226 0.2421
vn 0.1031 0.9235 0.3696
vn 0.105 0.7406 0.6637
vn 0.9786 0.1719 0.1134
vn 0.9492 0.3134 -0.02744
vn -0.003781 0.6422 0.7665
vn -0.003501 0.55 0.8351
vn 0.987 0.09069 0.133
vn 0.9786 0.1719 0.1134
vn 0.105 0.7406 0.6637
vn -0.1145 0.7409 0.6618
vn -0.9773 0.1835 0.1056
vn -0.9881 0.08254 0.1301
vn -0.003501 0.55 0.8351
vn -0.003781 0.6422 0.7665
vn 0.9929 0.009451 0.1184
vn 0.987 0.09069 0.133
vn -0.003501 0.55 0.8351
vn -0.003501 0.55 0.8351
vn -0.9881 0.08254 0.1301
vn -0.9933 0.001205 0.1154
vn -0.9933 0.001205 0.1154
vn -0.9891 -0.01077 -0.1471
vn -0.9891 -0.01077 -0.1471
vn -0.9875 0.006359 -0.1572
vn 0.00119 0.06707 -0.9977
vn 0.00118 0.06704 -0.9977
vn 0.9879 0.01455 -0.1543
vn 0.9895 -0.002549 -0.1442
vn 0.9895 -0.002549 -0.1442
vn 0.9929 0.009451 0.1184
f 1245//4049 1246//4056 1247//4058
f 1245//4048 1248//4067 1246//4052
f 1248//4063 1245//4051 1249//4073
f 1250//4078 1249//4068 1245//4051
f 1249//4069 1250//4077 1251//4080
f 1250//4076 1252//4087 1251//4081
f 1253//4092 1252//4088 1250//4075
f 1253//4091 1254//4094 1252//4089
f 1253//4090 1250//4074 1254//4095
f 1254//4095 1250//4074 1245//4051
f 1245//4050 1247//4057 1254//4093
f 1247//4062 1252//4089 1254//4094
f 1247//4061 1255//4101 1252//4084
f 1247//4060 1256//4105 1255//4096
f 1246//4055 1256//4106 1247//4059
f 1246//4054 1257//4114 1256//4102
f 1246//4053 1248//4066 1257//4107
f 1248//4065 1258//4118 1257//4108
f 1258//4115 1248//4064 1259//4123
f 1249//4072 1259//4119 1248//4064
f 1259//4120 1249//4071 1260//4131
f 1249//4070 1251//4079 1260//4124
f 1260//4125 1251//4083 1261//4136
f 1251//4082 1252//4086 1261//4132
f 1252//4085 1255//4100 1261//4133
f 1261//4134 1255//4099 1262//4141
f 1263//4146 1262//4137 1255//4098
f 1262//4138 1263//4145 1264//4149
f 1265//4150 1264//4149 1263//4145
f 1263//4144 1257//4112 1265//4151
f 1256//4103 1257//4113 1263//4143
f 1256//4104 1263//4142 1255//4097
f 1257//4111 1266//4153 1265//4152
f 1257//4110 1267//4155 1266//4154
f 1258//4117 1267//4156 1257//4109
f 1267//4157 1258//4116 1268//4158
f 1259//4122 1268//4158 1258//4116
f 1268//4159 1259//4121 1260//4130
f 1268//4160 1260//4129 1269//4161
f 1269//4162 1260//4128 1264//4147
f 1260//4127 1262//4139 1264//4148
f 1260//4126 1261//4135 1262//4140
o Mesh140
v -3.962 -0.0491 2.371
v -3.902 -0.1749 2.582
v -3.885 -0.1404 2.582
v -3.869 -0.2273 2.824
v -3.92 -0.04646 2.352
v -3.888 -0.0481 2.582
v -3.867 -0.04454 3.04
v -3.858 -0.2772 3.041
v -3.86 -0.2502 3.604
v -3.868 -0.03265 3.863
v -3.863 -0.175 3.888
v -4.017 -0.03944 3.865
v -4.011 -0.1804 3.887
v -3.935 -0.2229 3.867
v -3.932 -0.2972 3.604
v -4.008 -0.2556 3.604
v -4.006 -0.2826 3.041
v -4.015 -0.0522 3.04
v -3.998 -0.232 2.824
v -3.992 -0.05332 2.581
v -3.988 -0.1442 2.582
v -3.959 -0.04871 2.352
v -3.969 -0.1773 2.582
v -3.948 -0.04733 2.311
v -3.932 -0.04676 2.311
v -3.965 -0.2488 2.755
v -3.901 -0.2465 2.756
v -3.932 -0.2919 2.876
v -3.931 -0.3242 3.041
v -3.858 -0.288 3.332
v -3.931 -0.335 3.332
v -4.006 -0.2934 3.332
vn -0.9895 -0.03639 -0.1402
vn 0.8501 -0.4288 -0.3057
vn 0.8723 -0.4398 -0.2138
vn 0.8155 -0.5328 -0.2262
vn 0.03415 -0.9239 -0.3812
vn 0.03342 -0.9019 -0.4307
vn 0.905 -0.3375 -0.259
vn 0.8501 -0.4288 -0.3057
vn 0.9899 0.03566 -0.1375
vn 0.998 0.03618 -0.05094
vn 0.8723 -0.4398 -0.2138
vn 0.8155 -0.5328 -0.2262
vn 0.8723 -0.4398 -0.2138
vn 0.998 0.03618 -0.05094
vn 0.998 0.04097 -0.0474
vn 0.9984 0.03623 -0.0434
vn 0.6165 -0.7598 -0.2065
vn 0.6731 -0.7321 -0.1043
vn 0.9899 0.03566 -0.1375
vn 0.8501 -0.4288 -0.3057
vn 0.905 -0.3375 -0.259
vn 0.998 0.04097 -0.0474
vn 0.998 0.03618 -0.05094
vn 0.9899 0.03566 -0.1375
vn 0.9993 0.03608 0.001285
vn 0.9993 0.03638 0.001394
vn 0.9984 0.03623 -0.0434
vn 0.998 0.04097 -0.0474
vn 0.6165 -0.7598 -0.2065
vn 0.9984 0.03623 -0.0434
vn 0.9993 0.03638 0.001394
vn 0.5434 -0.8389 -0.03122
vn 0.5362 -0.8279 -0.1647
vn 0.9993 0.03608 0.001285
vn 0.9994 0.03576 0.001556
vn 0.53 -0.8182 0.2229
vn 0.5398 -0.8333 0.1194
vn 0.9993 0.03638 0.001394
vn 0.009323 0.173 0.9849
vn 0.9994 0.03576 0.001556
vn 0.9993 0.03608 0.001285
vn 0.53 -0.8182 0.2229
vn 0.9994 0.03576 0.001556
vn 0.009323 0.173 0.9849
vn -0.007013 0.155 0.9879
vn 0.01351 -0.4059 0.9138
vn 0.4867 -0.8392 0.2426
vn -0.9993 -0.03656 -0.001381
vn -0.007013 0.155 0.9879
vn 0.009323 0.173 0.9849
vn 0.01351 -0.4059 0.9138
vn -0.007013 0.155 0.9879
vn -0.9993 -0.0367 -0.001307
vn -0.4697 -0.8546 0.2215
vn -0.425 -0.8724 0.2413
vn 0.4867 -0.8392 0.2426
vn 0.01351 -0.4059 0.9138
vn -0.425 -0.8724 0.2413
vn 0.53 -0.8182 0.2229
vn 0.4867 -0.8392 0.2426
vn -0.425 -0.8724 0.2413
vn -0.4697 -0.8546 0.2215
vn -0.4781 -0.8704 0.118
vn 0.5398 -0.8333 0.1194
vn -0.9993 -0.03661 -0.001383
vn -0.9993 -0.03642 -0.001392
vn -0.4781 -0.8704 0.118
vn -0.4697 -0.8546 0.2215
vn -0.9993 -0.0367 -0.001307
vn -0.9993 -0.03637 -0.001452
vn -0.9983 -0.03645 -0.04618
vn -0.5591 -0.8026 -0.2081
vn -0.4741 -0.8646 -0.1661
vn -0.4809 -0.8762 -0.03265
vn -0.9993 -0.03642 -0.001392
vn -0.9993 -0.03661 -0.001383
vn -0.9982 -0.03164 -0.05017
vn -0.9983 -0.03645 -0.04618
vn -0.9993 -0.03637 -0.001452
vn -0.5591 -0.8026 -0.2081
vn -0.9983 -0.03645 -0.04618
vn -0.9982 -0.03164 -0.05017
vn -0.9979 -0.03647 -0.05372
vn -0.8374 -0.5021 -0.2162
vn -0.7739 -0.5907 -0.2284
vn -0.6178 -0.7791 -0.1061
vn -0.9895 -0.03639 -0.1402
vn -0.9979 -0.03647 -0.05372
vn -0.9982 -0.03164 -0.05017
vn -0.8374 -0.5021 -0.2162
vn -0.9979 -0.03647 -0.05372
vn -0.9894 -0.03641 -0.1402
vn -0.8162 -0.4897 -0.3066
vn -0.8695 -0.4154 -0.2672
vn -0.8162 -0.4897 -0.3066
vn -0.9894 -0.03644 -0.1402
vn 0.03417 -0.9239 -0.3812
vn -0.7739 -0.5907 -0.2284
vn -0.8374 -0.5021 -0.2162
vn -0.8162 -0.4897 -0.3066
vn -0.8695 -0.4154 -0.2672
vn 0.03344 -0.9019 -0.4307
vn 0.03342 -0.9019 -0.4307
vn -0.8695 -0.4154 -0.2672
vn 0.905 -0.3375 -0.259
vn 0.03341 -0.9019 -0.4307
vn 0.03414 -0.9239 -0.3812
vn 0.0346 -0.9377 -0.3456
vn -0.6178 -0.7791 -0.1061
vn -0.7739 -0.5907 -0.2284
vn 0.03417 -0.9239 -0.3812
vn 0.8155 -0.5328 -0.2262
vn 0.6731 -0.7321 -0.1043
vn 0.0346 -0.9377 -0.3456
vn 0.03414 -0.9239 -0.3812
vn 0.6731 -0.7321 -0.1043
vn 0.6165 -0.7598 -0.2065
vn 0.5362 -0.8279 -0.1647
vn -0.4741 -0.8646 -0.1661
vn -0.5591 -0.8026 -0.2081
vn -0.6178 -0.7791 -0.1061
vn 0.0346 -0.9377 -0.3456
vn 0.5434 -0.8389 -0.03122
vn -0.4809 -0.8762 -0.03265
vn -0.4741 -0.8646 -0.1661
vn 0.5362 -0.8279 -0.1647
vn 0.9993 0.03638 0.001394
vn 0.5398 -0.8333 0.1194
vn 0.5434 -0.8389 -0.03122
vn 0.5398 -0.8333 0.1194
vn -0.4781 -0.8704 0.118
vn -0.4809 -0.8762 -0.03265
vn 0.5434 -0.8389 -0.03122
vn 0.5398 -0.8333 0.1194
vn -0.4781 -0.8704 0.118
vn -0.9993 -0.03642 -0.001392
vn -0.4809 -0.8762 -0.03264
vn -0.4781 -0.8704 0.118
f 1271//4165 1272//4173 1273//4175
f 1274//4182 1272//4170 1271//4164
f 1274//4181 1275//4186 1272//4171
f 1272//4172 1275//4185 1273//4176
f 1273//4177 1275//4184 1276//4190
f 1273//4178 1276//4189 1277//4192
f 1276//4188 1278//4200 1277//4193
f 1278//4196 1276//4187 1279//4203
f 1278//4197 1279//4202 1280//4205
f 1281//4212 1280//4206 1279//4201
f 1282//4214 1280//4207 1281//4211
f 1282//4213 1283//4219 1280//4208
f 1283//4220 1282//4217 1284//4223
f 1282//4216 1285//4230 1284//4224
f 1282//4215 1281//4210 1285//4231
f 1285//4227 1281//4210 1286//4238
f 1287//4241 1286//4232 1281//4210
f 1287//4240 1288//4243 1286//4233
f 1289//4251 1288//4244 1287//4239
f 1289//4250 1290//4253 1288//4245
f 1289//4249 1270//4163 1290//4254
f 1291//4258 1290//4254 1270//4163
f 1290//4255 1291//4257 1292//4262
f 1291//4256 1293//4266 1292//4263
f 1292//4264 1293//4265 1271//4168
f 1294//4268 1271//4168 1293//4265
f 1294//4267 1274//4183 1271//4169
f 1292//4259 1271//4167 1295//4273
f 1296//4277 1295//4269 1271//4167
f 1297//4284 1295//4270 1296//4276
f 1288//4248 1295//4271 1297//4283
f 1292//4260 1295//4272 1288//4247
f 1290//4252 1292//4261 1288//4246
f 1286//4234 1288//4242 1297//4282
f 1286//4235 1297//4281 1298//4287
f 1298//4288 1297//4280 1277//4195
f 1297//4279 1273//4179 1277//4191
f 1297//4278 1296//4275 1273//4180
f 1296//4274 1271//4166 1273//4174
f 1277//4194 1299//4291 1298//4285
f 1299//4289 1277//4193 1278//4200
f 1299//4290 1278//4199 1300//4296
f 1284//4226 1300//4292 1278//4199
f 1300//4293 1284//4225 1301//4300
f 1285//4229 1301//4297 1284//4225
f 1286//4237 1301//4298 1285//4228
f 1301//4299 1286//4236 1300//4294
f 1298//4286 1300//4294 1286//4236
f 1300//4295 1298//4285 1299//4291
f 1280//4204 1284//4221 1278//4198
f 1283//4218 1284//4222 1280//4209
o Mesh14
v -0.7338 -0.05784 6.038
v -0.7602 0.0009613 6.036
v -0.8242 0.007315 6.039
vn 0.06072 0.06487 0.996
vn 0.06072 0.06487 0.996
vn 0.06072 0.06487 0.996
f 1302//4301 1303//4302 1304//4303
o Mesh139
v 0.8038 0.4276 5.841
v 0.8071 0.4178 5.841
v 0.8634 0.449 6.04
v 0.8667 0.4392 6.04
vn -0.9057 -0.2958 0.3038
vn -0.9057 -0.2957 0.3038
vn -0.9057 -0.2957 0.3038
vn -0.9057 -0.2957 0.3038
f 1305//4304 1306//4305 1307//4306
f 1308//4307 1307//4306 1306//4305
o Mesh138
v 0.4843 -0.07743 6.034
v 0.4947 -0.07738 6.034
v 0.4878 -0.01119 5.836
v 0.4982 -0.01115 5.837
vn -0.009944 0.9482 0.3177
vn -0.00998 0.9482 0.3177
vn -0.00998 0.9482 0.3177
vn -0.01002 0.9482 0.3177
f 1309//4308 1310//4309 1311//4310
f 1312//4311 1311//4310 1310//4309
o Mesh137
v -0.8498 0.4208 5.839
v -0.9102 0.4417 6.037
v -0.853 0.4109 5.839
v -0.9134 0.4318 6.037
vn 0.9072 -0.2882 0.3065
vn 0.9072 -0.2882 0.3065
vn 0.9072 -0.2882 0.3065
vn 0.9072 -0.2882 0.3065
f 1313//4312 1314//4313 1315//4314
f 1316//4315 1315//4314 1314//4313
o Mesh136
v -0.7725 0.6329 6.034
v -0.7362 0.5785 5.837
v -0.7642 0.639 6.034
v -0.7279 0.5846 5.836
vn 0.565 -0.7633 0.3132
vn 0.5651 -0.7633 0.3132
vn 0.5651 -0.7633 0.3132
vn 0.5651 -0.7633 0.3132
f 1317//4316 1318//4317 1319//4318
f 1320//4319 1319//4318 1318//4317
o Mesh135
v 0.249 0.6371 6.028
v 0.3045 0.5656 5.84
v 0.2573 0.6432 6.028
v 0.3129 0.5718 5.84
vn 0.5279 -0.73 0.4341
vn 0.5279 -0.73 0.4341
vn 0.5279 -0.73 0.4341
vn 0.5279 -0.73 0.4341
f 1321//4320 1322//4321 1323//4322
f 1324//4323 1323//4322 1322//4321
o Mesh134
v -0.5406 -0.01545 5.835
v -0.5371 -0.08166 6.033
v -0.5302 -0.01541 5.835
v -0.5268 -0.08162 6.032
vn 0.001247 0.9482 0.3177
vn 0.001225 0.9482 0.3177
vn 0.001225 0.9482 0.3177
vn 0.001203 0.9482 0.3177
f 1325//4324 1326//4325 1327//4326
f 1328//4327 1327//4326 1326//4325
o Mesh133
v -0.2213 0.4135 5.829
v -0.1548 0.4349 6.025
v -0.2245 0.4234 5.829
v -0.158 0.4448 6.025
vn -0.8945 -0.2956 0.3353
vn -0.8946 -0.2956 0.3353
vn -0.8946 -0.2956 0.3353
vn -0.8946 -0.2956 0.3353
f 1329//4328 1330//4329 1331//4330
f 1332//4331 1331//4330 1330//4329
o Mesh132
v 0.1762 0.2208 5.83
v 0.1091 0.2004 6.026
v 0.1794 0.2109 5.83
v 0.1123 0.1905 6.026
vn 0.8936 0.2972 0.3364
vn 0.8936 0.2973 0.3364
vn 0.8936 0.2973 0.3364
vn 0.8936 0.2973 0.3364
f 1333//4332 1334//4333 1335//4334
f 1336//4335 1335//4334 1334//4333
o Mesh131
v 0.4811 0.7169 6.032
v 0.4851 0.6497 5.835
v 0.4914 0.717 6.032
v 0.4954 0.6498 5.835
vn -0.002324 -0.9466 0.3225
vn -0.002215 -0.9466 0.3225
vn -0.002215 -0.9466 0.3225
vn -0.002106 -0.9466 0.3225
f 1337//4336 1338//4337 1339//4338
f 1340//4339 1339//4338 1338//4337
o Mesh130
v 0.6805 0.5905 5.838
v 0.6889 0.5844 5.839
v 0.7158 0.6451 6.037
v 0.7242 0.6391 6.037
vn -0.5597 -0.7679 0.3115
vn -0.5597 -0.7679 0.3115
vn -0.5597 -0.7679 0.3115
vn -0.5597 -0.7679 0.3115
f 1341//4340 1342//4341 1343//4342
f 1344//4343 1343//4342 1342//4341
o Mesh13
v -0.1644 0.1973 6.026
v -0.1506 0.1343 6.028
v -0.1166 0.2405 6.027
vn -0.05711 0.02602 0.998
vn -0.05711 0.02602 0.998
vn -0.05711 0.02602 0.998
f 1345//4344 1346//4345 1347//4346
o Mesh129
v -0.004145 -0.461 -4.446
v -0.00414 -0.4622 -4.446
v -0.01478 -0.6712 -4.375
v 0.008025 -0.6711 -4.375
v 0.00934 -0.4614 -4.375
v -0.004337 -0.4649 -4.306
v -0.004333 -0.4659 -4.306
v -0.01784 -0.4615 -4.375
v -0.003456 -0.6711 -4.324
v -0.003305 -0.6713 -4.425
vn 0.9824 -0.006637 -0.1867
vn 0.9759 -0.01743 -0.2174
vn -0.9751 -0.0256 -0.2205
vn -0.9817 -0.01477 -0.1896
vn 0.9759 -0.01754 -0.2177
vn -0.975 -0.02566 -0.2206
vn -0.9817 -0.01477 -0.1896
vn -0.975 -0.02566 -0.2206
vn 0.004157 -1 0.002579
vn -0.9758 -0.02329 0.2176
vn -0.9817 -0.01379 0.1901
vn 0.9824 -0.006637 -0.1867
vn 0.9812 -0.00566 0.193
vn 0.9749 -0.01568 0.2219
vn 0.004156 -1 0.002579
vn 0.9759 -0.01754 -0.2177
vn 0.9812 -0.00566 0.193
vn 0.9824 -0.006637 -0.1867
vn -0.9817 -0.01379 0.1901
vn -0.9758 -0.02314 0.2172
vn 0.9747 -0.01602 0.2229
vn 0.9812 -0.00566 0.193
vn -0.9757 -0.02343 0.2181
vn 0.9749 -0.01568 0.2219
vn -0.9758 -0.02314 0.2172
vn -0.9817 -0.01477 -0.1896
vn -0.9817 -0.01379 0.1901
vn 0.004156 -1 0.002579
vn 0.9752 -0.01535 0.2209
vn -0.9757 -0.02343 0.2181
vn 0.9758 -0.01764 -0.218
vn 0.004156 -1 0.002579
vn -0.975 -0.02571 -0.2208
f 1348//4349 1349//4352 1350//4354
f 1348//4348 1351//4362 1349//4351
f 1348//4347 1352//4364 1351//4358
f 1351//4359 1352//4363 1353//4368
f 1353//4367 1354//4370 1351//4360
f 1353//4366 1350//4356 1354//4371
f 1355//4373 1350//4357 1353//4365
f 1355//4372 1348//4350 1350//4353
f 1356//4376 1354//4369 1350//4356
f 1356//4375 1351//4360 1354//4370
f 1351//4361 1356//4374 1357//4378
f 1350//4355 1357//4378 1356//4374
f 1357//4379 1350//4354 1349//4352
f 1357//4377 1349//4351 1351//4362
o Mesh128
v -2.414 0.6035 -1.589
v -2.347 0.6197 -1.596
v -2.325 0.6116 -1.704
v -2.398 0.6354 -1.19
v -2.346 0.5875 -1.594
v -2.324 0.5788 -1.701
v -2.395 0.5927 -1.727
v -2.264 0.6043 -1.796
v -2.208 0.6222 -1.623
v -1.384 0.6247 -1.577
v -1.427 0.6233 -1.446
v -1.383 0.602 -1.575
v -2.208 0.583 -1.62
v -2.264 0.5724 -1.794
v -2.328 0.5844 -1.839
v -1.248 0.5365 -2.831
v -1.187 0.5956 -2.364
v -1.18 0.6142 -1.763
v -1.288 0.6176 -1.692
v -1.287 0.5923 -1.69
v -1.18 0.5862 -1.76
v -1.186 0.5094 -2.357
v -1.248 0.4929 -2.829
v -1.267 0.5046 -2.954
vn -0.2401 0.9684 -0.06744
vn -0.2444 0.9619 -0.1225
vn -0.2265 0.968 -0.1081
vn -0.21 -0.9766 0.04674
vn -0.2284 -0.9731 0.03129
vn -0.224 -0.9707 0.08704
vn -0.2401 0.9684 -0.06744
vn -0.02621 0.9988 -0.04187
vn -0.03402 0.996 -0.08212
vn -0.2444 0.9619 -0.1225
vn -0.2265 0.968 -0.1081
vn -0.2444 0.9619 -0.1225
vn -0.03402 0.996 -0.08212
vn -0.02511 0.9952 -0.09487
vn -0.1934 0.96 -0.2024
vn -0.224 -0.9707 0.08704
vn -0.009201 -0.9931 0.1169
vn 0.01577 -0.9917 0.1277
vn 0.03342 -0.9843 0.1736
vn 0.01671 0.9997 0.01592
vn -0.001174 0.9995 -0.03095
vn -0.02621 0.9988 -0.04187
vn -0.2401 0.9684 -0.06744
vn -0.2284 -0.9731 0.03129
vn -0.01708 -0.9969 0.07633
vn -0.009201 -0.9931 0.1169
vn -0.224 -0.9707 0.08704
vn -0.21 -0.9766 0.04674
vn -0.1769 -0.9831 -0.04797
vn -0.008318 -0.9979 0.06381
vn -0.01708 -0.9969 0.07633
vn -0.2284 -0.9731 0.03129
vn -0.2265 0.968 -0.1081
vn -0.1934 0.96 -0.2024
vn -0.1821 0.9666 -0.1801
vn -0.1654 -0.9859 -0.02468
vn -0.1769 -0.9831 -0.04797
vn -0.21 -0.9766 0.04674
vn -0.02511 0.9952 -0.09487
vn -0.03944 0.9951 -0.09022
vn -0.05434 0.9915 -0.1185
vn -0.1566 0.9635 -0.2171
vn -0.1821 0.9666 -0.1801
vn -0.1934 0.96 -0.2024
vn -0.02621 0.9988 -0.04187
vn -0.001174 0.9995 -0.03095
vn 0.0004974 0.9982 -0.06038
vn 0.001558 0.9989 -0.04626
vn 0.003638 0.9995 -0.03097
vn -0.03944 0.9951 -0.09022
vn -0.02511 0.9952 -0.09487
vn -0.03402 0.996 -0.08212
vn 0.01671 0.9997 0.01592
vn 0.9489 0.03298 0.3138
vn 0.7697 0.05713 0.6359
vn 0.0004974 0.9982 -0.06038
vn -0.001174 0.9995 -0.03095
vn 0.03342 -0.9843 0.1736
vn 0.9489 0.03298 0.3138
vn 0.01671 0.9997 0.01592
vn 0.01577 -0.9917 0.1277
vn 0.01748 -0.995 0.09809
vn 0.7697 0.05719 0.6359
vn 0.9489 0.03298 0.3138
vn 0.03342 -0.9843 0.1736
vn -0.009201 -0.9931 0.1169
vn -0.01708 -0.9969 0.07633
vn -0.008318 -0.9979 0.06381
vn -0.02259 -0.9974 0.06838
vn 0.02049 -0.9916 0.1275
vn 0.0187 -0.9933 0.1144
vn 0.01748 -0.995 0.09809
vn 0.01577 -0.9917 0.1277
vn -0.1769 -0.9831 -0.04797
vn -0.1654 -0.9859 -0.02468
vn -0.14 -0.9882 -0.06154
vn -0.03757 -0.9985 0.03983
vn -0.02259 -0.9974 0.06838
vn -0.008318 -0.9979 0.06381
vn -0.1821 0.9666 -0.1801
vn -0.1566 0.9635 -0.2171
vn -0.1629 0.9609 -0.2239
vn -0.1474 -0.9866 -0.06972
vn -0.14 -0.9882 -0.06154
vn -0.1654 -0.9859 -0.02468
vn -0.05434 0.9915 -0.1185
vn 0.9916 -0.002057 -0.129
vn 0.9884 -0.003092 -0.1515
vn -0.1629 0.9609 -0.2239
vn -0.1566 0.9635 -0.2171
vn -0.03944 0.9951 -0.09022
vn 0.003638 0.9995 -0.03097
vn 0.9999 0.007532 -0.0113
vn 0.9916 -0.001981 -0.129
vn -0.05434 0.9915 -0.1185
vn 0.001558 0.9989 -0.04626
vn 0.5497 0.07085 0.8324
vn 0.9999 0.007529 -0.0113
vn 0.003638 0.9995 -0.03097
vn 0.0004974 0.9982 -0.06038
vn 0.7696 0.05707 0.6359
vn 0.5497 0.07086 0.8324
vn 0.001558 0.9989 -0.04626
vn 0.7697 0.05719 0.6359
vn 0.01748 -0.995 0.09809
vn 0.0187 -0.9933 0.1144
vn 0.5497 0.07085 0.8324
vn 0.7696 0.05707 0.6359
vn 0.02049 -0.9916 0.1275
vn 0.9999 0.007526 -0.01129
vn 0.5497 0.07084 0.8324
vn 0.0187 -0.9933 0.1144
vn -0.02259 -0.9974 0.06838
vn -0.03757 -0.9985 0.03983
vn 0.9916 -0.001906 -0.129
vn 0.9999 0.007529 -0.0113
vn 0.02049 -0.9916 0.1275
vn -0.14 -0.9882 -0.06154
vn -0.1474 -0.9866 -0.06972
vn 0.9884 -0.003092 -0.1515
vn 0.9916 -0.001981 -0.129
vn -0.03757 -0.9985 0.03983
vn -0.1629 0.9609 -0.2239
vn 0.9884 -0.003092 -0.1515
vn -0.1474 -0.9866 -0.06972
f 1358//4381 1359//4389 1360//4391
f 1358//4380 1361//4402 1359//4386
f 1361//4395 1358//4385 1362//4406
f 1362//4403 1358//4384 1363//4411
f 1358//4383 1364//4417 1363//4407
f 1364//4412 1358//4382 1360//4390
f 1364//4413 1360//4394 1365//4423
f 1365//4418 1360//4393 1366//4430
f 1360//4392 1359//4388 1366//4431
f 1359//4387 1361//4401 1366//4424
f 1366//4425 1361//4400 1367//4436
f 1361//4399 1368//4439 1367//4432
f 1368//4437 1361//4398 1369//4444
f 1361//4397 1370//4452 1369//4440
f 1361//4396 1362//4405 1370//4445
f 1362//4404 1363//4410 1370//4446
f 1363//4409 1371//4458 1370//4447
f 1363//4408 1364//4416 1371//4453
f 1364//4415 1372//4464 1371//4454
f 1372//4459 1364//4414 1365//4422
f 1372//4460 1365//4421 1373//4469
f 1373//4465 1365//4420 1374//4474
f 1365//4419 1366//4429 1374//4470
f 1374//4471 1366//4428 1375//4478
f 1366//4427 1376//4482 1375//4475
f 1366//4426 1367//4435 1376//4479
f 1376//4480 1367//4434 1377//4487
f 1369//4442 1377//4483 1367//4434
f 1369//4441 1370//4451 1377//4484
f 1377//4485 1370//4450 1378//4491
f 1370//4449 1379//4496 1378//4488
f 1370//4448 1371//4457 1379//4492
f 1371//4456 1380//4501 1379//4493
f 1371//4455 1372//4463 1380//4497
f 1372//4462 1381//4504 1380//4498
f 1381//4502 1372//4461 1373//4468
f 1381//4503 1373//4467 1380//4499
f 1373//4466 1374//4473 1380//4500
f 1379//4494 1380//4500 1374//4473
f 1374//4472 1375//4477 1379//4495
f 1378//4489 1379//4495 1375//4477
f 1378//4490 1375//4476 1377//4486
f 1376//4481 1377//4486 1375//4476
f 1369//4443 1367//4433 1368//4438
o Mesh127
v -0.03692 -0.6701 3.829
v 0.005908 -0.6699 3.829
v -0.04197 -0.6265 3.823
v -0.03682 -0.6803 3.787
v -0.04184 -0.6391 3.772
v 0.006012 -0.6802 3.787
v 0.01074 -0.6389 3.772
v 0.01061 -0.6263 3.823
vn 0.003679 -0.9708 0.2399
vn -0.002046 0.1308 0.9914
vn -0.9934 -0.1117 0.02513
vn 0.003668 -0.9708 0.2399
vn 0.9942 -0.1035 0.02806
vn -0.002049 0.1308 0.9914
vn -0.9934 -0.1117 0.02511
vn -0.002049 0.1308 0.9914
vn -0.9934 -0.1117 0.02511
vn 0.002808 -0.346 -0.9382
vn 0.003668 -0.9708 0.2399
vn 0.002798 -0.346 -0.9382
vn -0.9934 -0.1117 0.0251
vn 0.003657 -0.9708 0.2399
vn 0.002798 -0.346 -0.9382
vn 0.9942 -0.1035 0.02805
vn 0.9942 -0.1035 0.02804
vn 0.002788 -0.346 -0.9382
vn -0.002053 0.1308 0.9914
vn 0.9942 -0.1035 0.02805
f 1382//4506 1383//4510 1384//4512
f 1382//4505 1385//4515 1383//4508
f 1382//4507 1384//4511 1385//4513
f 1386//4517 1385//4513 1384//4511
f 1385//4514 1386//4516 1387//4519
f 1388//4522 1387//4519 1386//4516
f 1388//4521 1389//4524 1387//4520
f 1383//4509 1387//4520 1389//4524
f 1387//4518 1383//4508 1385//4515
f 1389//4523 1384//4512 1383//4510
o Mesh126
v -0.07174 -0.6303 3.842
v -0.07155 -0.6581 3.794
v 0.04036 -0.6299 3.843
v 0.04054 -0.6576 3.794
v 0.0405 -0.6293 3.746
v -0.0716 -0.6298 3.745
v -0.07183 -0.5737 3.746
v 0.04027 -0.5733 3.746
v 0.04008 -0.5455 3.795
v -0.07202 -0.546 3.794
v -0.07197 -0.5743 3.843
v 0.04013 -0.5738 3.843
vn 0.002869 -0.8688 0.4951
vn -0.001457 -0.005621 1
vn 0.004323 -0.8632 -0.5048
vn 0.002869 -0.8688 0.4951
vn -0.001449 -0.005604 1
vn 0.002869 -0.8688 0.4951
vn 0.002869 -0.8688 0.4951
vn 0.004326 -0.8632 -0.5048
vn 0.004323 -0.8632 -0.5048
vn 0.001457 0.005621 -1
vn 0.001457 0.005621 -1
vn 0.00432 -0.8632 -0.5048
vn -0.002868 0.8688 -0.4951
vn 0.001457 0.005621 -1
vn 0.001457 0.005621 -1
vn -0.002872 0.8688 -0.4951
vn -0.002868 0.8688 -0.4951
vn -0.004316 0.8632 0.5049
vn -0.00432 0.8632 0.5048
vn -0.002863 0.8688 -0.4951
vn -0.001449 -0.005604 1
vn -0.004316 0.8632 0.5049
vn -0.004311 0.8632 0.5049
vn -0.00144 -0.005587 1
f 1390//4525 1391//4528 1392//4530
f 1393//4531 1392//4530 1391//4528
f 1393//4532 1391//4527 1394//4533
f 1395//4536 1394//4533 1391//4527
f 1395//4535 1396//4538 1394//4534
f 1397//4539 1394//4534 1396//4538
f 1397//4540 1396//4537 1398//4541
f 1399//4544 1398//4541 1396//4537
f 1399//4543 1400//4546 1398//4542
f 1401//4547 1398//4542 1400//4546
f 1401//4548 1400//4545 1392//4529
f 1390//4526 1392//4529 1400//4545
o Mesh125
v 1.277 -0.08005 -1.704
v 1.259 -0.04799 -1.704
v 1.314 -0.0799 -1.704
v 1.258 -0.04687 -1.266
v 1.277 -0.07892 -1.266
v 1.314 -0.07877 -1.266
v 1.332 -0.04656 -1.266
v 1.333 -0.04768 -1.704
v 1.313 -0.0145 -1.266
v 1.314 -0.01563 -1.704
v 1.277 -0.01578 -1.705
v 1.276 -0.01465 -1.266
vn -0.8639 -0.5036 6.508E-06
vn 0.001501 -0.002576 -1
vn 0.004128 -1 0.00257
vn -0.864 -0.5036 2.455E-06
vn -0.8639 -0.5036 6.508E-06
vn -0.8681 0.4964 -0.002566
vn 0.001501 -0.002556 -1
vn 0.004108 -1 0.002572
vn 0.001501 -0.002576 -1
vn 0.8681 -0.4964 0.002566
vn -0.8681 0.4964 -0.002564
vn -0.8639 -0.5036 4.481E-06
vn -0.864 -0.5036 2.455E-06
vn 0.004147 -1 0.002568
vn 0.004128 -1 0.00257
vn 0.8681 -0.4964 0.002566
vn 0.8681 -0.4964 0.002566
vn 0.8639 0.5036 -8.151E-06
vn 0.001484 -0.002566 -1
vn 0.8639 0.5036 -6.814E-06
vn 0.8681 -0.4964 0.002566
vn 0.8639 0.5036 -6.814E-06
vn -0.004141 1 -0.002572
vn 0.00145 -0.002606 -1
vn -0.00416 1 -0.002571
vn 0.864 0.5036 -5.477E-06
vn -0.8681 0.4964 -0.002568
vn -0.004141 1 -0.002572
vn 0.001476 -0.002561 -1
vn -0.004121 1 -0.002574
vn -0.8681 0.4964 -0.002566
f 1402//4550 1403//4555 1404//4557
f 1403//4553 1402//4549 1405//4560
f 1406//4561 1405//4560 1402//4552
f 1406//4562 1402//4551 1407//4563
f 1404//4556 1407//4563 1402//4551
f 1407//4564 1404//4558 1408//4565
f 1409//4569 1408//4565 1404//4558
f 1408//4566 1409//4568 1410//4570
f 1411//4574 1410//4570 1409//4568
f 1411//4573 1412//4576 1410//4571
f 1411//4572 1409//4567 1412//4577
f 1412//4577 1409//4567 1403//4555
f 1409//4567 1404//4557 1403//4555
f 1412//4575 1403//4554 1413//4579
f 1405//4559 1413//4579 1403//4554
f 1413//4578 1410//4571 1412//4576
o Mesh124
v -0.1681 3.413 6.507
v -0.1126 3.417 6.561
v -0.168 3.41 6.454
v -0.112 3.276 6.57
v -0.1676 3.273 6.515
v -0.1675 3.27 6.462
v -0.1123 3.407 6.4
v -0.1117 3.267 6.408
vn -0.6998 0.04013 0.7132
vn -0.004036 0.9982 -0.06014
vn -1 -0.004144 -0.001478
vn -0.6998 0.04012 0.7132
vn -0.004048 0.9982 -0.06013
vn -0.6998 0.04013 0.7132
vn -1 -0.004141 -0.001487
vn -0.004048 0.9982 -0.06013
vn -0.6973 -0.04592 -0.7153
vn -0.6998 0.04012 0.7132
vn 0.004037 -0.9982 0.06013
vn -1 -0.004146 -0.001469
vn 0.004033 -0.9982 0.06013
vn -0.6998 0.04012 0.7132
vn -1 -0.004141 -0.001487
vn -0.6973 -0.04592 -0.7153
vn 0.004037 -0.9982 0.06013
vn -1 -0.004146 -0.001469
vn -0.6973 -0.04592 -0.7153
vn -0.004059 0.9982 -0.06013
vn 0.004042 -0.9982 0.06013
vn -0.6973 -0.04592 -0.7153
f 1414//4581 1415//4584 1416//4587
f 1415//4585 1414//4580 1417//4589
f 1418//4593 1417//4589 1414//4583
f 1418//4592 1419//4596 1417//4590
f 1418//4591 1414//4582 1419//4597
f 1416//4586 1419//4594 1414//4582
f 1416//4588 1420//4598 1419//4595
f 1420//4599 1416//4587 1415//4584
f 1421//4601 1419//4595 1420//4598
f 1421//4600 1417//4590 1419//4596
o Mesh123
v -5.272 -0.2383 2.553
v -5.272 -0.09771 2.537
v -5.281 -0.08112 2.69
v -5.29 -0.09779 2.537
v -5.29 -0.2383 2.553
v -5.281 -0.2215 2.706
vn 0.002061 -0.113 -0.9936
vn 0.9983 0.01051 0.05758
vn 0.9981 0.007609 0.0609
vn 0.003959 -0.994 0.1094
vn 0.001958 -0.113 -0.9936
vn 0.002061 -0.113 -0.9936
vn -0.003922 0.9941 -0.1083
vn 0.9983 0.01051 0.05758
vn 0.9981 0.007609 0.0609
vn 0.9983 0.01051 0.05758
vn -0.003922 0.9941 -0.1083
vn -0.9983 0.002582 0.0576
vn -0.9985 0.005496 0.05426
vn 0.001958 -0.113 -0.9936
vn -0.9983 0.002582 0.0576
vn -0.003922 0.9941 -0.1083
vn 0.002061 -0.113 -0.9936
vn 0.003959 -0.994 0.1094
vn -0.9985 0.005496 0.05426
vn -0.9983 0.002582 0.0576
vn 0.001958 -0.113 -0.9936
vn 0.9981 0.007609 0.0609
vn -0.9985 0.005496 0.05426
vn 0.003959 -0.994 0.1094
f 1422//4603 1423//4609 1424//4611
f 1423//4607 1422//4602 1425//4618
f 1426//4622 1425//4615 1422//4606
f 1425//4616 1426//4621 1424//4613
f 1424//4614 1426//4620 1427//4624
f 1427//4625 1426//4619 1422//4605
f 1422//4604 1424//4610 1427//4623
f 1425//4617 1424//4612 1423//4608
o Mesh122
v 0.006402 0.9123 -5.137
v 0.006199 0.9366 -5.068
v 0.006544 0.873 -5.123
v -0.02403 0.9122 -5.137
v -0.02389 0.8729 -5.123
v -0.02423 0.9365 -5.068
v -0.02409 0.8973 -5.054
v 0.006342 0.8974 -5.054
vn -0.003397 0.9426 -0.3339
vn 1 0.004144 0.001474
vn 0.002799 -0.3339 -0.9426
vn -0.003397 0.9426 -0.3339
vn -0.002799 0.3339 0.9426
vn 1 0.004144 0.001474
vn 0.002799 -0.3339 -0.9426
vn 1 0.004144 0.001474
vn 0.002799 -0.3339 -0.9426
vn -1 -0.004144 -0.001474
vn -0.003397 0.9426 -0.3339
vn -1 -0.004144 -0.001474
vn 0.002799 -0.3339 -0.9426
vn -0.003397 0.9426 -0.3339
vn -1 -0.004144 -0.001474
vn -0.002773 0.3339 0.9426
vn -0.002746 0.334 0.9426
vn -1 -0.004144 -0.001474
vn 1 0.004144 0.001474
vn -0.002773 0.3339 0.9426
f 1428//4627 1429//4631 1430//4633
f 1428//4626 1431//4636 1429//4629
f 1428//4628 1430//4632 1431//4634
f 1432//4638 1431//4634 1430//4632
f 1431//4635 1432//4637 1433//4640
f 1434//4643 1433//4640 1432//4637
f 1434//4642 1435//4645 1433//4641
f 1429//4630 1433//4641 1435//4645
f 1433//4639 1429//4629 1431//4636
f 1435//4644 1430//4633 1429//4631
o Mesh121
v 5.241 -0.1947 2.569
v 5.24 -0.05417 2.553
v 5.259 -0.1946 2.569
v 5.249 -0.03751 2.705
v 5.25 -0.1779 2.721
v 5.258 -0.0541 2.553
vn -0.9985 0.002245 0.05462
vn 0.001854 -0.113 -0.9936
vn 0.003997 -0.994 0.1094
vn -0.9983 -0.0006571 0.05795
vn -0.9985 0.002245 0.05462
vn -0.003949 0.9941 -0.1083
vn 0.001959 -0.113 -0.9936
vn 0.003997 -0.994 0.1094
vn 0.001959 -0.113 -0.9936
vn 0.9981 0.01086 0.06054
vn 0.9983 0.01376 0.05721
vn -0.9983 -0.0006571 0.05795
vn 0.9983 0.01376 0.05721
vn 0.9981 0.01086 0.06054
vn -0.003949 0.9941 -0.1083
vn -0.9985 0.002245 0.05462
vn 0.003997 -0.994 0.1094
vn 0.9983 0.01376 0.05721
vn -0.9983 -0.0006571 0.05795
vn -0.003949 0.9941 -0.1083
vn 0.9981 0.01086 0.06054
vn 0.002064 -0.113 -0.9936
f 1436//4647 1437//4652 1438//4654
f 1437//4650 1436//4646 1439//4661
f 1439//4657 1436//4649 1440//4664
f 1440//4662 1436//4648 1438//4653
f 1438//4656 1439//4658 1440//4663
f 1438//4655 1441//4666 1439//4659
f 1441//4667 1438//4654 1437//4652
f 1437//4651 1439//4660 1441//4665
o Mesh120
v 0.04092 3.251 6.14
v 0.0412 3.241 5.979
v 0.09668 3.248 6.086
v 0.09677 3.245 6.033
v 0.09611 3.389 6.078
v 0.0962 3.385 6.024
v 0.04063 3.382 5.97
v 0.04035 3.392 6.132
vn 0.004046 -0.9982 0.06013
vn 0.6974 0.04591 0.7152
vn 0.6998 -0.04013 -0.7132
vn 0.004046 -0.9982 0.06013
vn 0.6974 0.04592 0.7153
vn 0.004046 -0.9982 0.06013
vn 1 0.004144 0.001478
vn 0.6998 -0.04012 -0.7132
vn 1 0.004144 0.001478
vn 0.004045 -0.9982 0.06013
vn 0.6974 0.04592 0.7153
vn 1 0.004144 0.001478
vn -0.004047 0.9982 -0.06012
vn 0.6974 0.04591 0.7152
vn 0.6998 -0.04012 -0.7132
vn -0.00405 0.9982 -0.06012
vn 1 0.004144 0.001478
vn -0.004047 0.9982 -0.06012
vn 0.6998 -0.04012 -0.7132
vn 0.6974 0.04591 0.7152
vn -0.004044 0.9982 -0.06013
f 1442//4668 1443//4671 1444//4673
f 1445//4677 1444//4673 1443//4671
f 1444//4674 1445//4676 1446//4679
f 1447//4684 1446//4679 1445//4676
f 1447//4683 1448//4685 1446//4680
f 1447//4682 1445//4675 1448//4686
f 1443//4670 1448//4686 1445//4675
f 1449//4688 1446//4680 1448//4685
f 1449//4687 1442//4669 1446//4681
f 1444//4672 1446//4678 1442//4669
o Mesh12
v -0.2225 0.2612 5.778
v -0.2499 0.1755 5.779
v -0.2568 0.2415 5.947
v -0.1142 0.2266 5.796
v -0.1416 0.1409 5.797
v -0.2657 0.2139 5.947
vn 0.2746 0.9471 0.1662
vn -0.326 -0.9279 0.1807
vn 0.6991 -0.2186 0.6808
vn 0.2746 0.9471 0.1662
vn 0.2746 0.9471 0.1662
vn 0.6991 -0.2186 0.6808
vn 0.6991 -0.2186 0.6808
vn -0.326 -0.9279 0.1807
vn -0.326 -0.9279 0.1807
vn 0.6991 -0.2186 0.6808
f 1450//4689 1452//4692 1453//4693
f 1453//4694 1452//4691 1454//4695
f 1455//4698 1454//4695 1452//4691
f 1455//4697 1451//4690 1454//4696
o Mesh119
v 0.5243 0.9329 -6.968
v 0.538 0.9064 -6.965
v 0.507 0.9495 -6.804
v 0.5625 0.9319 -7.005
v 0.5664 0.8972 -6.965
v 0.5929 0.9107 -6.967
v 0.6021 0.9389 -6.97
v 0.5885 0.9654 -6.973
v 0.5601 0.9746 -6.973
v 0.5335 0.9611 -6.971
v 0.521 0.9927 -6.809
v 0.5252 1.015 -6.618
v 0.5112 0.9716 -6.613
v 0.5272 1.01 -6.484
v 0.5167 0.9716 -6.498
v 0.5321 0.9311 -6.608
v 0.5278 0.909 -6.8
v 0.5277 0.9091 -6.8
v 0.5713 0.8949 -6.799
v 0.6121 0.9155 -6.802
v 0.5756 0.9171 -6.608
v 0.6163 0.9378 -6.611
v 0.571 0.9205 -6.5
v 0.53 0.9255 -6.507
v 0.5261 0.9314 -6.4
v 0.5256 0.9 -6.433
v 0.5643 0.9198 -6.393
v 0.6081 0.9446 -6.489
v 0.6204 0.982 -6.477
v 0.6303 0.981 -6.616
v 0.6261 0.9588 -6.807
v 0.6094 1.021 -6.62
v 0.6053 0.9993 -6.811
v 0.5659 1.035 -6.621
v 0.5617 1.013 -6.812
v 0.5692 1.034 -6.47
v 0.5736 0.9841 -6.324
v 0.5472 0.9668 -6.351
v 0.4695 0.6671 -5.838
v 0.4535 0.6434 -5.907
v 0.4543 0.6155 -5.969
v 0.4927 0.6269 -5.906
v 0.5813 0.9514 -6.349
v 0.6071 1.021 -6.47
v 0.5004 0.6764 -5.789
v 0.387 0.4086 -5.529
v 0.3736 0.4051 -5.648
v 0.3769 0.3961 -5.761
v 0.4139 0.388 -5.648
v 0.4274 0.3917 -5.528
v 0.5089 0.6508 -5.837
v 0.4136 0.4037 -5.465
vn -0.648 -0.3988 -0.6489
vn -0.8863 -0.4607 -0.04716
vn -0.9474 0.2925 -0.1298
vn -0.6918 0.1413 -0.7081
vn -0.648 -0.3988 -0.6489
vn -0.2328 -0.7508 -0.6181
vn -0.3073 -0.9516 -0.004249
vn -0.8863 -0.4607 -0.04716
vn -0.9474 0.2925 -0.1298
vn -0.817 -0.3762 0.4371
vn -0.8898 -0.4506 0.0718
vn -0.9516 0.307 -0.01476
vn -0.6918 0.1413 -0.7081
vn -0.3388 0.5531 -0.7611
vn 0.2047 0.5955 -0.7768
vn 0.6197 0.2436 -0.746
vn 0.6636 -0.2965 -0.6868
vn 0.3104 -0.7084 -0.6338
vn -0.2328 -0.7508 -0.6181
vn -0.648 -0.3988 -0.6489
vn -0.3073 -0.9516 -0.00425
vn -0.2328 -0.7508 -0.6181
vn 0.3104 -0.7084 -0.6338
vn 0.4503 -0.8925 -0.02616
vn 0.6636 -0.2965 -0.6868
vn 0.9428 -0.3181 -0.1001
vn 0.4503 -0.8925 -0.02616
vn 0.3104 -0.7084 -0.6338
vn 0.6197 0.2436 -0.746
vn 0.8816 0.4352 -0.1826
vn 0.9428 -0.3181 -0.1001
vn 0.6636 -0.2965 -0.6868
vn 0.2047 0.5955 -0.7768
vn 0.3027 0.926 -0.2256
vn 0.8816 0.4352 -0.1826
vn 0.6197 0.2436 -0.746
vn -0.3388 0.5531 -0.7611
vn -0.455 0.8669 -0.2036
vn 0.3027 0.926 -0.2256
vn 0.2047 0.5955 -0.7768
vn -0.9474 0.2925 -0.1297
vn -0.455 0.8669 -0.2036
vn -0.3388 0.5531 -0.7611
vn -0.6918 0.1413 -0.7081
vn -0.9474 0.2925 -0.1298
vn -0.9515 0.3074 -0.01489
vn -0.4557 0.8853 -0.09274
vn -0.4549 0.8669 -0.2037
vn -0.9474 0.2925 -0.1297
vn -0.9517 0.3067 -0.01463
vn -0.95 0.3111 0.02556
vn -0.5066 0.8613 0.039
vn -0.4512 0.8922 0.01848
vn -0.4561 0.8851 -0.0928
vn -0.9515 0.3074 -0.01489
vn -0.8901 -0.4501 0.07161
vn -0.8898 -0.4544 0.0426
vn -0.9677 0.2476 0.04675
vn -0.95 0.3111 0.02556
vn -0.9517 0.3067 -0.01463
vn -0.5066 0.8613 0.039
vn -0.95 0.3111 0.02556
vn -0.9677 0.2476 0.04675
vn -0.9598 0.1905 0.2061
vn -0.7209 0.6201 0.3095
vn -0.5466 0.7871 0.2859
vn -0.8898 -0.4544 0.0426
vn -0.9622 -0.2701 -0.03464
vn -0.9618 -0.273 -0.0205
vn -0.9385 0.2781 0.2045
vn -0.9598 0.1905 0.2061
vn -0.9677 0.2476 0.04675
vn -0.8895 -0.4512 0.07204
vn -0.3066 -0.9447 0.1165
vn -0.3069 -0.9516 0.01693
vn -0.1115 -0.9921 -0.0575
vn -0.9622 -0.2701 -0.03464
vn -0.8898 -0.4544 0.0426
vn -0.3073 -0.9516 -0.004248
vn -0.307 -0.9446 0.1164
vn -0.8902 -0.4498 0.07151
vn -0.6174 -0.2422 0.7484
vn 0.1163 0.1588 0.9804
vn -0.8904 -0.4495 0.07139
vn -0.3073 -0.9516 -0.00425
vn 0.4503 -0.8925 -0.02616
vn 0.4558 -0.8853 0.09274
vn -0.3066 -0.9447 0.1165
vn -0.3073 -0.9516 -0.004248
vn 0.9428 -0.3181 -0.1
vn 0.9516 -0.307 0.01476
vn 0.4561 -0.8851 0.0928
vn 0.4503 -0.8925 -0.02616
vn -0.3062 -0.9448 0.1166
vn 0.4561 -0.8851 0.0928
vn 0.455 -0.8892 0.04771
vn -0.3069 -0.9516 0.01693
vn 0.9517 -0.3067 0.01463
vn 0.9514 -0.2999 0.07
vn 0.9386 -0.3351 0.08209
vn 0.5248 -0.8471 0.08291
vn 0.455 -0.8892 0.04771
vn 0.4564 -0.8849 0.09285
vn -0.1115 -0.9921 -0.0575
vn -0.3069 -0.9516 0.01693
vn 0.455 -0.8892 0.04771
vn 0.5248 -0.8471 0.08291
vn 0.5385 -0.8422 0.02812
vn -0.119 -0.9928 -0.01399
vn -0.9618 -0.273 -0.0205
vn -0.9622 -0.2701 -0.03464
vn -0.1115 -0.9921 -0.0575
vn -0.119 -0.9928 -0.01399
vn 0.6154 -0.7563 -0.2222
vn -0.9977 0.0555 -0.03981
vn -0.9385 0.2781 0.2045
vn -0.9618 -0.273 -0.0205
vn -0.9977 0.0555 -0.03981
vn -0.9906 0.1052 -0.08782
vn -0.9891 0.1295 -0.06976
vn -0.9223 0.377 0.08455
vn -0.9087 0.4054 0.09925
vn 0.6154 -0.7563 -0.2222
vn 0.667 -0.6764 -0.3125
vn -0.9906 0.1052 -0.08782
vn -0.9977 0.0555 -0.03981
vn 0.5385 -0.8422 0.02812
vn 0.744 -0.6455 0.1728
vn 0.9234 -0.3733 -0.08898
vn 0.6848 -0.6645 -0.2993
vn 0.667 -0.6764 -0.3125
vn 0.6154 -0.7563 -0.2222
vn -0.119 -0.9928 -0.01399
vn 0.9386 -0.3351 0.08209
vn 0.913 -0.3603 0.1912
vn 0.744 -0.6455 0.1728
vn 0.5385 -0.8422 0.02812
vn 0.5248 -0.8471 0.08291
vn 0.9514 -0.2999 0.07
vn 0.9491 0.3082 0.06538
vn 0.9251 0.2577 0.2791
vn 0.9563 0.008949 0.2921
vn 0.913 -0.3603 0.1912
vn 0.9386 -0.3351 0.08209
vn 0.9515 -0.3074 0.0149
vn 0.8895 0.4512 -0.07204
vn 0.8881 0.4595 0.01414
vn 0.9491 0.3082 0.06538
vn 0.9514 -0.2999 0.07
vn 0.9517 -0.3067 0.01463
vn 0.9428 -0.3181 -0.1001
vn 0.8816 0.4352 -0.1827
vn 0.8897 0.4509 -0.07192
vn 0.9515 -0.3074 0.0149
vn 0.8881 0.4595 0.01414
vn 0.8897 0.4509 -0.07192
vn 0.3063 0.9448 -0.1166
vn 0.3067 0.9518 0.002317
vn 0.3197 0.9475 0.006166
vn 0.8816 0.4352 -0.1826
vn 0.3027 0.926 -0.2256
vn 0.3066 0.9447 -0.1165
vn 0.8898 0.4506 -0.0718
vn -0.4512 0.8922 0.01848
vn 0.3067 0.9518 0.002317
vn 0.3066 0.9447 -0.1165
vn -0.4564 0.8849 -0.09286
vn 0.3027 0.926 -0.2256
vn -0.455 0.8669 -0.2036
vn -0.4561 0.8851 -0.0928
vn 0.307 0.9446 -0.1164
vn -0.5066 0.8613 0.039
vn -0.5466 0.7871 0.2859
vn 0.3012 0.9049 0.3006
vn 0.3197 0.9475 0.006166
vn 0.3067 0.9518 0.002317
vn -0.4512 0.8922 0.01848
vn -0.7209 0.6201 0.3095
vn -0.7063 0.6526 0.2742
vn -0.6742 0.6764 0.2966
vn 0.9781 0.09186 0.1867
vn 0.9563 0.008949 0.2921
vn 0.9251 0.2577 0.2791
vn 0.3012 0.9049 0.3006
vn -0.5466 0.7871 0.2859
vn -0.9598 0.1905 0.2061
vn -0.9385 0.2781 0.2045
vn -0.9087 0.4054 0.09925
vn -0.7063 0.6526 0.2742
vn -0.7209 0.6201 0.3095
vn -0.9223 0.377 0.08455
vn -0.9165 0.3923 0.07793
vn -0.912 0.3999 0.09072
vn -0.7104 0.6218 0.3298
vn -0.6742 0.6764 0.2966
vn -0.7063 0.6526 0.2742
vn -0.9087 0.4054 0.09925
vn -0.9891 0.1295 -0.06976
vn -0.966 0.2315 -0.115
vn -0.9619 0.2688 -0.04967
vn -0.9165 0.3923 0.07793
vn -0.9223 0.377 0.08455
vn -0.9906 0.1052 -0.08782
vn 0.667 -0.6764 -0.3125
vn 0.6848 -0.6645 -0.2993
vn 0.7342 -0.5854 -0.3439
vn -0.966 0.2315 -0.115
vn -0.9891 0.1295 -0.06976
vn 0.9234 -0.3733 -0.08898
vn 0.9244 -0.3712 -0.08725
vn 0.919 -0.3858 -0.08097
vn 0.9122 -0.3996 -0.09078
vn 0.7688 -0.5694 -0.291
vn 0.7342 -0.5854 -0.3439
vn 0.6848 -0.6645 -0.2993
vn 0.744 -0.6455 0.1728
vn 0.913 -0.3603 0.1912
vn 0.9563 0.008949 0.2921
vn 0.9781 0.09186 0.1867
vn 0.9869 0.03134 0.1583
vn 0.9244 -0.3712 -0.08725
vn 0.9234 -0.3733 -0.08898
vn 0.9491 0.3082 0.06538
vn 0.8881 0.4595 0.01414
vn 0.3197 0.9475 0.006166
vn 0.3012 0.9049 0.3006
vn 0.9251 0.2577 0.2791
vn -0.6742 0.6764 0.2966
vn -0.7104 0.6218 0.3298
vn -0.6986 0.6286 0.3419
vn 0.974 -0.04593 0.2219
vn 0.9767 -0.06132 0.2059
vn 0.9869 0.03134 0.1583
vn 0.9781 0.09186 0.1867
vn -0.6986 0.6286 0.3419
vn -0.7104 0.6218 0.3298
vn -0.912 0.3999 0.09072
vn -0.912 0.3999 0.09072
vn -0.9165 0.3923 0.07793
vn -0.9619 0.2688 -0.04967
vn -0.9619 0.2688 -0.04967
vn -0.966 0.2315 -0.115
vn 0.7342 -0.5854 -0.3439
vn 0.7688 -0.5694 -0.291
vn 0.7688 -0.5694 -0.291
vn 0.9122 -0.3996 -0.09078
vn 0.9122 -0.3996 -0.09078
vn 0.919 -0.3858 -0.08097
vn 0.9767 -0.06132 0.2059
vn 0.974 -0.04593 0.2219
vn 0.9244 -0.3712 -0.08725
vn 0.9869 0.03134 0.1583
vn 0.9767 -0.06132 0.2059
vn 0.919 -0.3858 -0.08097
vn 0.974 -0.04593 0.2219
vn -0.6986 0.6286 0.3419
f 1456//4700 1457//4706 1458//4708
f 1459//4718 1457//4703 1456//4699
f 1457//4704 1459//4717 1460//4720
f 1460//4721 1459//4716 1461//4726
f 1461//4723 1459//4715 1462//4730
f 1462//4727 1459//4714 1463//4734
f 1463//4731 1459//4713 1464//4738
f 1459//4712 1465//4741 1464//4735
f 1459//4711 1456//4702 1465//4742
f 1465//4739 1456//4701 1466//4747
f 1458//4707 1466//4743 1456//4701
f 1466//4744 1458//4710 1467//4753
f 1468//4758 1467//4748 1458//4710
f 1467//4749 1468//4757 1469//4760
f 1468//4756 1470//4770 1469//4761
f 1468//4755 1471//4776 1470//4765
f 1471//4771 1468//4754 1472//4779
f 1472//4779 1468//4754 1473//4782
f 1458//4709 1473//4782 1468//4754
f 1473//4781 1458//4708 1472//4780
f 1472//4780 1458//4708 1457//4706
f 1472//4777 1457//4705 1474//4787
f 1460//4719 1474//4783 1457//4705
f 1460//4722 1461//4725 1474//4784
f 1475//4791 1474//4784 1461//4725
f 1474//4785 1475//4790 1476//4793
f 1477//4801 1476//4793 1475//4790
f 1478//4804 1476//4794 1477//4800
f 1478//4803 1471//4773 1476//4795
f 1479//4810 1471//4774 1478//4802
f 1471//4775 1479//4809 1470//4766
f 1470//4767 1479//4808 1480//4815
f 1479//4813 1481//4824 1480//4816
f 1481//4821 1479//4812 1482//4830
f 1482//4831 1479//4811 1478//4807
f 1482//4825 1478//4806 1483//4835
f 1483//4836 1478//4805 1477//4799
f 1483//4832 1477//4798 1484//4842
f 1477//4797 1485//4847 1484//4837
f 1477//4796 1475//4789 1485//4848
f 1486//4852 1485//4843 1475//4789
f 1485//4844 1486//4851 1487//4854
f 1488//4861 1487//4854 1486//4851
f 1487//4855 1488//4860 1489//4864
f 1490//4869 1489//4864 1488//4860
f 1489//4865 1490//4868 1467//4752
f 1466//4745 1467//4752 1490//4868
f 1466//4746 1490//4867 1465//4740
f 1464//4736 1465//4740 1490//4867
f 1464//4737 1490//4866 1463//4732
f 1488//4859 1463//4732 1490//4866
f 1463//4733 1488//4858 1462//4728
f 1486//4850 1462//4728 1488//4858
f 1462//4729 1486//4849 1461//4724
f 1475//4788 1461//4724 1486//4849
f 1489//4862 1467//4751 1491//4875
f 1467//4750 1469//4759 1491//4870
f 1491//4871 1469//4764 1492//4883
f 1469//4763 1493//4888 1492//4876
f 1469//4762 1470//4769 1493//4884
f 1470//4768 1480//4814 1493//4885
f 1493//4886 1480//4820 1494//4895
f 1480//4819 1495//4900 1494//4889
f 1480//4818 1496//4906 1495//4896
f 1480//4817 1481//4823 1496//4901
f 1496//4902 1481//4822 1482//4829
f 1496//4903 1482//4828 1497//4913
f 1482//4827 1498//4920 1497//4907
f 1482//4826 1483//4834 1498//4914
f 1483//4833 1484//4841 1498//4915
f 1498//4916 1484//4840 1492//4880
f 1484//4839 1499//4925 1492//4881
f 1484//4838 1485//4846 1499//4921
f 1485//4845 1487//4853 1499//4922
f 1491//4873 1499//4923 1487//4857
f 1491//4872 1492//4882 1499//4924
f 1489//4863 1491//4874 1487//4856
f 1498//4917 1492//4879 1500//4932
f 1494//4893 1500//4926 1492//4878
f 1500//4927 1494//4892 1501//4934
f 1494//4891 1502//4936 1501//4935
f 1494//4890 1495//4899 1502//4937
f 1495//4898 1503//4939 1502//4938
f 1495//4897 1496//4905 1503//4940
f 1496//4904 1497//4912 1503//4941
f 1503//4942 1497//4911 1504//4943
f 1504//4944 1497//4910 1505//4945
f 1497//4909 1506//4952 1505//4946
f 1497//4908 1498//4919 1506//4949
f 1506//4950 1498//4918 1500//4931
f 1506//4951 1500//4930 1505//4947
f 1505//4948 1500//4929 1507//4953
f 1500//4928 1501//4933 1507//4954
f 1492//4877 1493//4887 1494//4894
f 1476//4792 1471//4772 1474//4786
f 1472//4778 1474//4786 1471//4772
o Mesh118
v -0.01852 0.8701 1.482
v -0.02906 1.056 1.356
v -0.00894 1.056 1.356
v -0.01842 0.8699 1.482
v -0.01905 1.056 1.454
vn 0.6058 0.4703 0.6417
vn 0.003571 -0.5617 -0.8273
vn -0.5689 -0.4416 -0.6939
vn 0.6058 0.4703 0.6417
vn -0.9948 0.01155 0.101
vn -0.00412 1 -0.002576
vn 0.003571 -0.5617 -0.8273
vn -0.5689 -0.4416 -0.6939
vn 0.003571 -0.5617 -0.8273
vn -0.00412 1 -0.002576
vn 0.9946 0.01842 0.102
vn -0.5689 -0.4416 -0.6939
vn 0.9946 0.01842 0.102
vn -0.9948 0.01155 0.101
vn 0.6058 0.4703 0.6417
vn -0.9948 0.01155 0.101
vn 0.9946 0.01842 0.102
vn -0.00412 1 -0.002576
f 1508//4956 1509//4961 1510//4963
f 1508//4955 1511//4969 1509//4958
f 1511//4966 1508//4957 1510//4962
f 1510//4965 1512//4971 1511//4967
f 1509//4960 1512//4972 1510//4964
f 1512//4970 1509//4959 1511//4968
o Mesh117
v -0.04664 -0.2689 5.007
v -0.04673 -0.2602 5.046
v -0.04703 -0.1745 5.007
v 0.008726 -0.26 5.047
v 0.008819 -0.2687 5.007
v 0.008427 -0.1743 5.007
v 0.00837 -0.1745 5.047
v -0.04709 -0.1747 5.047
vn 0.003728 -0.9765 0.2156
vn -1 -0.004143 -0.001446
vn 0.001456 0.005601 -1
vn 0.00372 -0.9765 0.2156
vn 0.003728 -0.9765 0.2156
vn -0.001456 -0.00563 1
vn -1 -0.004143 -0.001446
vn 0.001473 0.005611 -1
vn -1 -0.004143 -0.001446
vn 0.00372 -0.9765 0.2156
vn 1 0.004148 0.001458
vn -0.001438 -0.005619 1
vn 0.003728 -0.9765 0.2156
vn 0.001473 0.005611 -1
vn 1 0.004143 0.001446
vn 0.00372 -0.9765 0.2156
vn 1 0.004148 0.001458
vn 0.00149 0.005621 -1
vn -0.001421 -0.005607 1
vn 1 0.004154 0.00147
vn -1 -0.004143 -0.001446
vn -0.001438 -0.005619 1
f 1513//4974 1514//4979 1515//4981
f 1514//4977 1513//4973 1516//4985
f 1517//4988 1516//4982 1513//4976
f 1517//4987 1518//4989 1516//4983
f 1518//4990 1517//4986 1515//4980
f 1513//4975 1515//4980 1517//4986
f 1519//4992 1516//4983 1518//4989
f 1519//4991 1520//4994 1516//4984
f 1514//4978 1516//4984 1520//4994
f 1520//4993 1515//4981 1514//4979
o Mesh116
v 0.6455 -0.6654 -1.644
v 0.6141 -0.6424 -1.691
v 0.6456 -0.6655 -1.691
v 0.6141 -0.6426 -1.644
v 0.6139 -0.6078 -1.644
v 0.6452 -0.6075 -1.578
v 0.6454 -0.6423 -1.599
v 0.6768 -0.6423 -1.644
v 0.6769 -0.6421 -1.691
v 0.6455 -0.6426 -1.716
v 0.6454 -0.6079 -1.724
v 0.614 -0.6079 -1.691
v 0.6767 -0.6077 -1.691
v 0.6767 -0.6076 -1.644
vn -0.5872 -0.8095 -0.004273
vn -0.5925 -0.8056 0.001204
vn 0.5992 -0.8006 0.00295
vn 0.5939 -0.8046 -0.002532
vn 0.5489 -0.7434 0.3821
vn -0.5439 -0.748 0.3805
vn -0.5872 -0.8095 -0.004273
vn -1 -0.004139 -0.001479
vn -0.7212 -0.004742 -0.6927
vn -0.6031 -0.19 -0.7747
vn -0.4721 -0.6446 -0.6013
vn -0.5925 -0.8056 0.001204
vn 0.5992 -0.8006 0.00295
vn -0.5925 -0.8056 0.001204
vn -0.4721 -0.6446 -0.6013
vn 0.4792 -0.6407 -0.5999
vn -0.5439 -0.748 0.3805
vn -0.7768 -0.325 0.5394
vn -0.9038 -0.002641 0.428
vn -1 -0.004148 -0.001473
vn -0.5872 -0.8095 -0.004273
vn -1 -0.004139 -0.001479
vn -0.9038 -0.002641 0.428
vn -0.9038 -0.002641 0.428
vn -0.7768 -0.325 0.5394
vn 0.7779 -0.3186 0.5417
vn 0.9025 0.004826 0.4307
vn 0.5489 -0.7434 0.3821
vn 0.7779 -0.3186 0.5417
vn -0.7768 -0.325 0.5394
vn -0.5439 -0.748 0.3805
vn 0.5939 -0.8046 -0.002532
vn 1 0.00412 0.001483
vn 0.9025 0.004826 0.4307
vn 0.7779 -0.3186 0.5417
vn 0.5489 -0.7434 0.3821
vn 0.5992 -0.8006 0.00295
vn 0.4792 -0.6407 -0.5999
vn 0.6069 -0.185 -0.7729
vn 0.7233 0.001235 -0.6905
vn 1 0.004132 0.001474
vn 0.5939 -0.8046 -0.002532
vn -0.6031 -0.19 -0.7747
vn 0.6069 -0.185 -0.7729
vn 0.4792 -0.6407 -0.5999
vn -0.4721 -0.6446 -0.6013
vn 0.7233 0.001235 -0.6905
vn 0.6069 -0.185 -0.7729
vn -0.6031 -0.19 -0.7747
vn -0.7212 -0.004742 -0.6927
vn -0.7212 -0.004742 -0.6927
vn -1 -0.004131 -0.001485
vn 1 0.004144 0.001465
vn 0.7233 0.001235 -0.6905
vn 0.9025 0.004826 0.4307
vn 1 0.004132 0.001474
f 1521//4996 1522//5006 1523//5008
f 1524//5015 1522//5001 1521//4995
f 1524//5014 1525//5016 1522//5002
f 1525//5017 1524//5013 1526//5018
f 1524//5012 1527//5024 1526//5019
f 1527//5025 1524//5011 1521//5000
f 1527//5022 1521//4999 1528//5030
f 1528//5026 1521//4998 1529//5036
f 1521//4997 1523//5007 1529//5031
f 1523//5010 1530//5039 1529//5032
f 1522//5005 1530//5040 1523//5009
f 1530//5037 1522//5004 1531//5043
f 1532//5045 1531//5044 1522//5003
f 1532//5046 1522//5002 1525//5016
f 1529//5033 1530//5038 1531//5042
f 1531//5041 1533//5048 1529//5034
f 1533//5047 1534//5050 1529//5035
f 1528//5027 1529//5035 1534//5050
f 1528//5028 1534//5049 1526//5021
f 1527//5023 1528//5029 1526//5020
o Mesh115
v -0.0157 1.05 -0.8606
v -0.01579 1.067 -0.8471
v -0.01315 1.127 -0.7784
v -0.01913 1.127 -0.7784
v -0.02131 1.05 -0.7974
v -0.01028 1.05 -0.7974
v -0.01611 1.127 -0.8003
vn -0.9948 0.04979 -0.08836
vn -0.9855 0.1013 -0.1364
vn 0.985 0.1095 -0.1336
vn 0.9947 0.05803 -0.08542
vn -0.9855 0.1013 -0.1364
vn 0.985 0.1095 -0.1336
vn 0.9947 0.05803 -0.08542
vn 0.985 0.1095 -0.1336
vn -0.004143 1 -0.002601
vn -0.0005584 -0.2388 0.9711
vn -0.9948 0.04979 -0.08836
vn -0.0005445 -0.2388 0.9711
vn -0.004143 1 -0.002601
vn -0.9855 0.1013 -0.1364
vn -0.0005305 -0.2388 0.9711
vn -0.9948 0.04979 -0.08836
vn 0.9947 0.05803 -0.08542
vn -0.0005445 -0.2388 0.9711
vn 0.985 0.1095 -0.1336
vn -0.9855 0.1013 -0.1364
vn -0.004143 1 -0.002601
f 1535//5053 1536//5056 1537//5058
f 1535//5052 1538//5064 1536//5055
f 1535//5051 1539//5066 1538//5061
f 1539//5065 1540//5068 1538//5062
f 1537//5060 1538//5062 1540//5068
f 1541//5071 1538//5063 1537//5059
f 1541//5070 1536//5055 1538//5064
f 1541//5069 1537//5058 1536//5056
f 1540//5067 1535//5054 1537//5057
o Mesh114
v -0.6113 -0.5338 1.793
v -0.6092 -0.5 2.299
v -0.619 -0.6193 1.848
v -0.6173 -0.5922 2.259
v -0.7851 -0.5773 2.258
v -0.777 -0.4852 2.298
v -0.7868 -0.6044 1.848
v -0.7791 -0.519 1.792
vn 0.9961 -0.08826 0.001708
vn -0.0466 -0.5422 -0.839
vn -0.03664 -0.3957 0.9176
vn 0.9961 -0.08827 0.001709
vn -0.0466 -0.5422 -0.839
vn 0.9961 -0.08827 0.001709
vn -0.08819 -0.9939 0.06597
vn -0.03664 -0.3957 0.9176
vn -0.08819 -0.9939 0.06597
vn 0.9961 -0.08827 0.00171
vn -0.03664 -0.3957 0.9176
vn -0.9961 0.08827 -0.001707
vn -0.08819 -0.9939 0.06597
vn -0.03664 -0.3957 0.9176
vn -0.9961 0.08827 -0.001708
vn -0.03664 -0.3957 0.9176
vn -0.0466 -0.5422 -0.839
vn -0.08819 -0.9939 0.06597
vn -0.9961 0.08827 -0.001708
vn -0.0466 -0.5422 -0.839
vn -0.0466 -0.5422 -0.839
vn -0.9961 0.08827 -0.001709
f 1542//5072 1543//5075 1544//5077
f 1545//5081 1544//5077 1543//5075
f 1545//5080 1546//5084 1544//5078
f 1545//5079 1543//5074 1546//5085
f 1547//5087 1546//5082 1543//5074
f 1546//5083 1547//5086 1548//5090
f 1549//5093 1548//5090 1547//5086
f 1549//5092 1542//5073 1548//5091
f 1544//5076 1548//5088 1542//5073
f 1548//5089 1544//5078 1546//5084
o Mesh113
v -1.127 0.1016 5.02
v -1.119 0.102 5.151
v -1.127 0.003926 5.02
v -1.118 -0.01506 5.152
v -1.167 0.03504 5.087
v -1.172 0.007 4.998
v -1.214 0.003577 5.026
v -1.215 0.1013 5.025
v -1.207 0.1017 5.157
v -1.206 -0.01541 5.157
v -1.161 0.1019 5.179
v -1.161 -0.02068 5.18
v -1.172 0.1014 4.997
vn 0.9981 0.003983 -0.06112
vn 0.4461 -0.0004565 -0.895
vn 0.552 0.004435 0.8338
vn 0.9981 0.003982 -0.06112
vn 0.4461 -0.0004554 -0.895
vn 0.9981 0.003982 -0.06112
vn -0.6762 -0.7339 -0.06421
vn -0.2149 -0.9278 0.3051
vn 0.552 0.004434 0.8338
vn -0.2136 -0.8441 -0.4918
vn -0.6762 -0.7339 -0.06421
vn 0.9981 0.003981 -0.06112
vn -0.2149 -0.9278 0.3051
vn -0.6762 -0.7339 -0.06421
vn -0.2136 -0.8441 -0.4918
vn 0.1588 -0.8426 -0.5146
vn 0.6691 -0.7285 -0.1466
vn 0.2579 -0.9259 0.2761
vn 0.4461 -0.0004554 -0.895
vn -0.2149 -0.9278 0.3051
vn 0.2579 -0.9259 0.2761
vn -0.552 -0.004426 -0.8338
vn 0.4461 -0.0004576 -0.895
vn 0.6691 -0.7285 -0.1466
vn -0.9981 -0.003978 0.06112
vn -0.552 -0.004438 -0.8338
vn 0.2579 -0.9259 0.2761
vn -0.552 -0.004426 -0.8338
vn -0.9981 -0.003983 0.06112
vn -0.9981 -0.003978 0.06112
vn -0.4461 0.0004576 0.895
vn 0.6691 -0.7285 -0.1466
vn 0.1588 -0.8426 -0.5146
vn -0.4461 0.0004631 0.895
vn -0.9981 -0.003973 0.06112
vn -0.4461 0.0004631 0.895
vn 0.552 0.004434 0.8338
vn -0.2136 -0.8441 -0.4918
vn 0.552 0.004434 0.8338
vn -0.4461 0.0004685 0.895
vn 0.1588 -0.8426 -0.5146
vn 0.4461 -0.0004576 -0.895
vn -0.552 -0.004415 -0.8339
f 1550//5094 1551//5097 1552//5099
f 1553//5105 1552//5099 1551//5097
f 1554//5107 1552//5100 1553//5104
f 1554//5106 1555//5113 1552//5101
f 1556//5120 1555//5114 1554//5111
f 1556//5119 1557//5121 1555//5115
f 1557//5122 1556//5118 1558//5123
f 1559//5128 1558//5123 1556//5118
f 1558//5124 1559//5127 1560//5129
f 1561//5133 1560//5129 1559//5127
f 1561//5132 1553//5102 1560//5130
f 1561//5131 1554//5108 1553//5103
f 1559//5126 1554//5109 1561//5134
f 1559//5125 1556//5117 1554//5110
f 1551//5096 1560//5130 1553//5102
f 1562//5136 1555//5115 1557//5121
f 1562//5135 1550//5095 1555//5116
f 1552//5098 1555//5112 1550//5095
o Mesh112
v -4.008 -0.005673 3.802
v -3.881 -0.001065 3.802
v -4.003 -0.1456 3.754
v -4.016 -0.03905 3.867
v -4.004 -0.1809 3.867
v -3.936 -0.2155 3.867
v -3.939 -0.1817 3.755
v -3.876 -0.141 3.754
v -3.87 -0.176 3.867
v -3.868 -0.03105 3.867
v -3.895 -0.013 4.207
v -3.897 -0.07673 4.208
v -3.927 0.001925 4.523
v -3.941 -0.04533 4.42
v -3.945 0.00833 4.59
v -3.961 0.0008354 4.523
v -3.985 -0.07984 4.208
v -3.991 -0.0174 4.208
vn -0.9919 0.006628 -0.1266
vn 0.9836 0.08976 -0.1567
vn -0.4737 -0.8469 -0.2415
vn -0.435 -0.8585 -0.2715
vn -0.9954 -0.08827 -0.03751
vn -0.9919 0.006628 -0.1266
vn -0.9919 0.006628 -0.1266
vn -0.9954 -0.08827 -0.03751
vn -0.9929 -0.08774 0.08005
vn -0.435 -0.8585 -0.2715
vn -0.4353 -0.8562 0.2784
vn -0.9917 -0.09727 0.08458
vn -0.9929 -0.08774 0.08005
vn -0.9954 -0.08827 -0.03751
vn -0.4737 -0.8469 -0.2415
vn 0.5194 -0.8136 -0.2613
vn 0.4956 -0.8223 -0.2795
vn 0.4957 -0.8225 0.2789
vn 0.6127 -0.7538 0.2376
vn -0.5402 -0.8056 0.2432
vn -0.4353 -0.8562 0.2784
vn -0.435 -0.8585 -0.2715
vn 0.5194 -0.8136 -0.2613
vn -0.4737 -0.8469 -0.2415
vn 0.9836 0.08976 -0.1567
vn 0.9983 -0.01477 -0.05608
vn 0.4956 -0.8223 -0.2795
vn 0.5194 -0.8136 -0.2613
vn 0.4957 -0.8225 0.2789
vn 0.4956 -0.8223 -0.2795
vn 0.9983 -0.01477 -0.05608
vn 0.9966 -0.0144 0.08063
vn 0.9961 -0.02393 0.08516
vn 0.9966 -0.0144 0.08063
vn 0.9983 -0.01477 -0.05608
vn 0.9836 0.08976 -0.1567
vn 0.9947 -0.02386 0.0999
vn 0.9961 -0.02393 0.08516
vn 0.9966 -0.0144 0.08063
vn 0.4957 -0.8225 0.2789
vn 0.9961 -0.02393 0.08516
vn 0.9947 -0.02386 0.0999
vn 0.6549 -0.7163 0.2407
vn 0.6127 -0.7538 0.2376
vn 0.6506 -0.7196 0.2428
vn 0.6549 -0.7163 0.2407
vn 0.9947 -0.02386 0.0999
vn 0.6127 -0.7538 0.2376
vn 0.6549 -0.7163 0.2407
vn 0.6506 -0.7196 0.2428
vn -0.5898 -0.7743 0.2293
vn -0.5566 -0.7939 0.2447
vn -0.5402 -0.8056 0.2432
vn -0.5898 -0.7743 0.2293
vn 0.6506 -0.7196 0.2428
vn -0.9904 -0.0971 0.09885
vn -0.5566 -0.7939 0.2447
vn -0.5898 -0.7743 0.2293
vn -0.4353 -0.8562 0.2784
vn -0.5402 -0.8056 0.2432
vn -0.5566 -0.7939 0.2447
vn -0.9904 -0.0971 0.09885
vn -0.9917 -0.09727 0.08458
vn -0.9929 -0.08774 0.08005
vn -0.9917 -0.09727 0.08458
vn -0.9904 -0.0971 0.09885
f 1563//5137 1565//5142 1566//5143
f 1566//5144 1565//5141 1567//5150
f 1567//5146 1565//5140 1568//5158
f 1565//5139 1569//5160 1568//5151
f 1568//5152 1569//5159 1570//5164
f 1568//5153 1570//5163 1571//5166
f 1570//5162 1572//5171 1571//5167
f 1570//5161 1564//5138 1572//5172
f 1571//5168 1572//5170 1573//5175
f 1571//5169 1573//5174 1574//5177
f 1574//5178 1573//5173 1575//5183
f 1575//5182 1576//5185 1574//5179
f 1577//5191 1576//5186 1575//5181
f 1577//5190 1578//5194 1576//5187
f 1578//5193 1579//5197 1576//5188
f 1580//5202 1579//5198 1578//5192
f 1580//5201 1567//5148 1579//5199
f 1566//5145 1567//5149 1580//5200
f 1579//5195 1567//5147 1568//5157
f 1576//5189 1579//5196 1568//5156
f 1576//5184 1568//5155 1574//5180
f 1574//5176 1568//5154 1571//5165
o Mesh111
v 0.8047 0.2135 5.842
v 0.8645 0.1937 6.04
v 0.8079 0.2234 5.842
v 0.8677 0.2036 6.04
vn -0.9081 0.2897 0.3023
vn -0.9081 0.2898 0.3023
vn -0.9081 0.2898 0.3023
vn -0.9081 0.2899 0.3023
f 1581//5203 1582//5204 1583//5205
f 1584//5206 1583//5205 1582//5204
o Mesh110
v -0.5433 0.6455 5.833
v -0.5329 0.6455 5.833
v -0.5404 0.7127 6.031
v -0.53 0.7128 6.03
vn 0.008991 -0.9465 0.3225
vn 0.00897 -0.9465 0.3225
vn 0.00897 -0.9465 0.3225
vn 0.008948 -0.9465 0.3225
f 1585//5207 1586//5208 1587//5209
f 1588//5210 1587//5209 1586//5208
o Mesh11
v -0.3868 0.03304 5.781
v -0.3142 0.08623 5.78
v -0.3194 -0.05842 5.8
v -0.3767 0.07502 5.95
v -0.2469 -0.005217 5.799
v -0.3534 0.09213 5.949
vn -0.8088 -0.5573 0.1875
vn 0.779 0.6065 0.159
vn 0.4381 -0.581 0.6859
vn -0.8088 -0.5573 0.1875
vn -0.8088 -0.5573 0.1875
vn 0.4381 -0.581 0.6859
vn 0.779 0.6065 0.159
vn 0.4381 -0.581 0.6859
vn 0.4381 -0.581 0.6859
vn 0.779 0.6065 0.159
f 1589//5211 1591//5214 1592//5215
f 1591//5213 1593//5218 1592//5216
f 1594//5219 1592//5216 1593//5218
f 1593//5217 1590//5212 1594//5220
o Mesh109
v -0.3478 0.5862 5.83
v -0.3394 0.5801 5.83
v -0.3057 0.6409 6.027
v -0.2973 0.6348 6.027
vn -0.5485 -0.7679 0.331
vn -0.5485 -0.7678 0.331
vn -0.5485 -0.7678 0.331
vn -0.5485 -0.7678 0.331
f 1595//5221 1596//5222 1597//5223
f 1598//5224 1597//5223 1596//5222
o Mesh108
v -0.099 0.4176 5.752
v -0.08026 0.3607 5.752
v -0.1426 0.55 5.752
v -0.1239 0.4932 5.752
v -0.1599 0.4041 6.025
v -0.1477 0.367 6.025
v -0.1265 0.3737 6.147
v -0.09903 0.4176 5.752
v -0.1299 0.4137 6.148
v -0.08028 0.3607 5.752
v -0.137 0.4458 6.194
v -0.06552 0.3159 5.752
v -0.1259 0.2941 6.189
v -0.05918 0.3168 5.752
v -0.08329 0.4646 5.751
v -0.1518 0.5979 5.753
v -0.2168 0.5699 6.19
v -0.1574 0.5948 5.752
v -0.1427 0.55 5.752
v -0.1239 0.4931 5.752
v -0.1805 0.4665 6.025
v -0.1505 0.476 6.148
v -0.1715 0.5102 6.147
v -0.1927 0.5035 6.025
vn -0.9398 -0.3093 -0.1454
vn -0.9438 -0.3106 -0.1125
vn -0.9351 -0.3076 -0.1757
vn -0.9353 -0.3077 -0.1747
vn -0.9263 -0.3046 -0.2218
vn -0.9344 -0.3083 0.1786
vn -0.9662 -0.08882 0.2419
vn -0.2624 0.9649 -0.01097
vn -0.9263 -0.3047 -0.2218
vn 0.07383 -0.9964 0.04145
vn -0.9344 -0.3083 0.1786
vn -0.9662 -0.08882 0.2419
vn -0.9344 -0.3083 0.1786
vn 0.07383 -0.9964 0.04145
vn -0.948 -0.3122 -0.06152
vn -0.9263 -0.3046 -0.2218
vn -0.2624 0.9649 -0.01097
vn -0.9347 -0.3076 -0.1779
vn -0.2624 0.9649 -0.01097
vn -0.9662 -0.08882 0.2419
vn 0.07383 -0.9964 0.04145
vn -0.9263 -0.3047 -0.2218
vn -0.948 -0.3122 -0.06153
vn -0.9398 -0.3093 -0.1453
vn -0.948 -0.3122 -0.06153
vn -0.9879 -0.0678 -0.1397
vn 0.9858 0.06721 0.154
vn 0.979 0.1608 0.1255
vn 0.883 0.452 0.1263
vn 0.8284 0.5376 0.1576
vn -0.8304 -0.5384 -0.1433
vn -0.9481 -0.3121 -0.06151
vn -0.9879 -0.0678 -0.1397
vn -0.948 -0.3122 -0.06155
vn 0.9858 0.06721 0.154
vn -0.9879 -0.0678 -0.1397
vn 0.979 0.1608 0.1255
vn 0.9858 0.06721 0.154
vn 0.883 0.452 0.1263
vn 0.979 0.1608 0.1255
vn 0.8284 0.5376 0.1576
vn 0.883 0.452 0.1263
vn -0.8304 -0.5384 -0.1433
vn 0.8284 0.5376 0.1576
vn -0.9481 -0.312 -0.06149
vn -0.8304 -0.5384 -0.1433
vn -0.5328 0.845 0.04627
vn -0.9263 -0.3046 -0.2217
vn -0.9481 -0.3121 -0.06151
vn -0.935 -0.3076 -0.1766
vn -0.948 -0.3122 -0.06153
vn -0.9263 -0.3046 -0.2217
vn 0.3625 -0.9318 -0.01595
vn -0.9351 -0.3076 -0.1757
vn -0.9263 -0.3046 -0.2217
vn 0.3625 -0.9318 -0.01595
vn -0.8295 -0.504 0.2408
vn -0.9344 -0.3083 0.1786
vn -0.8295 -0.504 0.2408
vn 0.3625 -0.9318 -0.01595
vn -0.5328 0.845 0.04627
vn -0.9344 -0.3083 0.1786
vn -0.8295 -0.504 0.2408
vn -0.5328 0.845 0.04627
vn -0.9263 -0.3046 -0.2217
vn -0.9344 -0.3083 0.1786
f 1603//5230 1604//5235 1605//5237
f 1603//5229 1606//5240 1604//5233
f 1603//5232 1607//5243 1606//5241
f 1603//5231 1605//5236 1607//5244
f 1608//5246 1604//5233 1606//5240
f 1605//5238 1604//5234 1608//5245
f 1606//5239 1608//5247 1609//5249
f 1606//5242 1599//5225 1608//5248
f 1600//5226 1608//5248 1599//5225
f 1610//5258 1609//5249 1608//5247
f 1610//5257 1611//5260 1609//5250
f 1611//5259 1612//5262 1609//5251
f 1612//5261 1613//5264 1609//5252
f 1613//5263 1614//5266 1609//5253
f 1614//5265 1615//5268 1609//5254
f 1615//5267 1616//5270 1609//5255
f 1616//5269 1617//5273 1609//5256
f 1617//5273 1618//5275 1609//5256
f 1618//5276 1619//5279 1617//5272
f 1620//5284 1619//5280 1618//5277
f 1621//5287 1619//5281 1620//5283
f 1622//5290 1619//5282 1621//5286
f 1622//5289 1617//5272 1619//5279
f 1622//5288 1621//5285 1617//5271
f 1617//5274 1601//5227 1618//5278
f 1602//5228 1618//5278 1601//5227
f 1618//5275 1606//5239 1609//5249
o Mesh107
v -0.2205 0.2191 5.829
v -0.2237 0.2093 5.829
v -0.1538 0.1993 6.026
v -0.157 0.1894 6.026
vn -0.897 0.29 0.3337
vn -0.897 0.2899 0.3337
vn -0.897 0.2899 0.3337
vn -0.897 0.2898 0.3338
f 1623//5291 1624//5292 1625//5293
f 1626//5294 1625//5293 1624//5292
o Mesh106
v 0.6828 0.04969 5.84
v 0.7185 -0.003638 6.038
v 0.6911 0.05582 5.84
v 0.7268 0.002493 6.038
vn -0.566 0.7649 0.3076
vn -0.566 0.7649 0.3076
vn -0.566 0.7649 0.3076
vn -0.566 0.7649 0.3076
f 1627//5295 1628//5296 1629//5297
f 1630//5298 1629//5297 1628//5296
o Mesh105
v -0.3456 0.04541 5.832
v -0.303 -0.007889 6.029
v -0.3372 0.05154 5.832
v -0.2946 -0.001759 6.029
vn -0.5548 0.765 0.327
vn -0.5548 0.765 0.327
vn -0.5548 0.765 0.327
vn -0.5549 0.765 0.327
f 1631//5299 1632//5300 1633//5301
f 1634//5302 1633//5301 1632//5300
o Mesh104
v -0.9926 0.165 5.766
v -0.9241 0.03181 5.767
v -0.8971 0.124 6.206
v -0.8521 0.06694 6.202
v -0.9204 0.03595 5.766
v -0.9348 0.07969 5.766
v -0.9554 0.1422 5.766
v -0.9763 0.2055 5.766
v -0.9828 0.2255 5.767
v -0.9968 0.268 5.767
v -1.011 0.3117 5.767
v -0.9395 0.2528 6.206
v -1.017 0.3129 5.767
v -0.9411 0.3371 6.203
v -0.9071 0.2276 6.037
v -0.9191 0.2642 6.037
v -0.9335 0.2186 6.161
v -0.9455 0.2552 6.161
v -0.8742 0.1277 6.037
v -0.8862 0.1643 6.037
v -0.9006 0.1187 6.161
v -0.9126 0.1553 6.161
vn -0.8796 -0.4518 0.1489
vn -0.9351 -0.3085 0.1743
vn -0.9757 -0.1602 0.1496
vn -0.7674 -0.6164 0.1765
vn -0.8796 -0.4518 0.1489
vn -0.9351 -0.3085 0.1743
vn -0.8796 -0.4518 0.1489
vn -0.7674 -0.6164 0.1765
vn 0.7694 0.6172 -0.1643
vn 0.9437 0.3112 -0.1123
vn 0.7694 0.6172 -0.1643
vn -0.7674 -0.6164 0.1765
vn 0.9437 0.3112 -0.1123
vn 0.7694 0.6172 -0.1643
vn 0.4964 -0.867 0.04254
vn 0.9171 0.3028 -0.2593
vn 0.9437 0.3112 -0.1123
vn 0.9437 0.3112 -0.1123
vn 0.9171 0.3028 -0.2593
vn -0.3129 0.9498 0.002445
vn 0.3129 -0.9498 -0.002444
vn 0.9171 0.3028 -0.2593
vn 0.9437 0.3112 -0.1123
vn 0.9437 0.3112 -0.1123
vn 0.9171 0.3028 -0.2593
vn 0.9437 0.3112 -0.1123
vn 0.9171 0.3028 -0.2593
vn -0.1161 0.9921 0.04732
vn 0.9871 0.01255 -0.1595
vn 0.9437 0.3112 -0.1123
vn -0.9757 -0.1602 0.1496
vn -0.9351 -0.3085 0.1743
vn 0.9437 0.3112 -0.1123
vn 0.9871 0.01255 -0.1595
vn -0.9851 -0.012 0.1716
vn -0.9757 -0.1602 0.1496
vn -0.9851 -0.012 0.1716
vn -0.9851 -0.012 0.1716
vn 0.9871 0.01255 -0.1595
vn 0.9171 0.3028 -0.2593
vn 0.9269 0.3048 0.219
vn 0.3129 -0.9498 -0.002444
vn -0.1161 0.9921 0.04732
vn 0.9269 0.3048 0.219
vn 0.9171 0.3028 -0.2593
vn 0.3129 -0.9498 -0.002444
vn 0.9269 0.3048 0.219
vn 0.9269 0.3048 0.219
vn -0.1161 0.9921 0.04732
vn 0.4964 -0.867 0.04254
vn 0.9171 0.3028 -0.2593
vn 0.9269 0.3048 0.219
vn -0.3129 0.9498 0.002445
vn 0.9269 0.3048 0.219
vn 0.9171 0.3028 -0.2593
vn 0.4964 -0.867 0.04254
vn 0.9269 0.3048 0.219
vn 0.9269 0.3048 0.219
vn -0.3129 0.9498 0.002445
f 1635//5303 1636//5307 1637//5309
f 1636//5306 1638//5314 1637//5310
f 1638//5313 1639//5316 1637//5311
f 1639//5315 1640//5319 1637//5312
f 1641//5320 1637//5312 1640//5319
f 1642//5325 1637//5312 1641//5320
f 1643//5326 1637//5312 1642//5325
f 1644//5328 1637//5312 1643//5326
f 1645//5332 1637//5312 1644//5328
f 1646//5335 1637//5312 1645//5332
f 1635//5304 1637//5308 1646//5334
f 1647//5338 1635//5305 1646//5333
f 1648//5340 1647//5339 1646//5337
f 1645//5331 1648//5341 1646//5336
f 1644//5329 1649//5342 1643//5327
f 1650//5347 1649//5342 1644//5329
f 1649//5343 1650//5346 1651//5349
f 1652//5350 1651//5349 1650//5346
f 1644//5330 1652//5351 1650//5345
f 1651//5348 1642//5323 1649//5344
f 1642//5324 1643//5327 1649//5342
f 1640//5318 1641//5321 1653//5353
f 1654//5357 1653//5353 1641//5321
f 1653//5354 1654//5356 1655//5359
f 1656//5360 1655//5359 1654//5356
f 1641//5322 1656//5361 1654//5355
f 1655//5358 1640//5317 1653//5352
o Mesh103
v 0.1754 0.4152 5.829
v 0.1785 0.425 5.829
v 0.1081 0.436 6.026
v 0.1113 0.4459 6.026
vn 0.896 -0.2882 0.3379
vn 0.896 -0.2882 0.3379
vn 0.896 -0.2882 0.3379
vn 0.896 -0.2882 0.3379
f 1657//5362 1658//5363 1659//5364
f 1660//5365 1659//5364 1658//5363
o Mesh102
v -0.5 0.7641 5.757
v -0.4401 0.7643 5.756
v -0.5796 0.7638 5.758
v -0.6395 0.7635 5.759
v -0.3919 0.7708 5.756
v -0.5326 0.7307 6.2
v -0.385 0.6945 6.192
v -0.5399 0.7936 5.757
v -0.6878 0.7696 5.761
v -0.6754 0.6933 6.197
v -0.6866 0.7633 5.76
v -0.6395 0.7635 5.76
v -0.5796 0.7637 5.759
v -0.5 0.7641 5.757
v -0.393 0.7645 5.756
v -0.4401 0.7643 5.756
v -0.4633 0.6985 6.029
v -0.4615 0.7191 6.151
v -0.5024 0.6983 6.029
v -0.5005 0.7282 6.153
v -0.607 0.6979 6.031
v -0.568 0.6981 6.03
v -0.6052 0.7185 6.154
v -0.5662 0.7279 6.154
vn 0.002205 -0.9933 -0.1154
vn 0.002108 -0.9925 -0.1222
vn 0.001142 -0.9836 -0.1805
vn 0.001117 -0.9833 -0.1818
vn 0.1515 0.979 0.1366
vn 0.243 0.9561 0.1635
vn 0.1515 0.979 0.1366
vn -0.1551 0.9777 0.1415
vn -0.2529 0.9517 0.1738
vn 0.2533 -0.9541 -0.1595
vn 0.002876 -0.9972 -0.0749
vn -0.2429 -0.9585 -0.1493
vn 0.243 0.9561 0.1635
vn 0.243 0.9561 0.1635
vn -0.2429 -0.9585 -0.1493
vn -0.1551 0.9777 0.1415
vn 0.1515 0.979 0.1366
vn -0.2529 0.9517 0.1738
vn -0.1551 0.9777 0.1415
vn 0.2533 -0.9541 -0.1595
vn -0.2529 0.9517 0.1738
vn 0.002742 -0.9972 -0.07487
vn 0.2533 -0.9541 -0.1595
vn -0.9676 -0.2462 0.0561
vn 0.000232 -0.972 -0.2348
vn 0.00279 -0.9972 -0.07488
vn 0.001142 -0.9836 -0.1805
vn 0.002949 -0.9972 -0.07491
vn 0.0002293 -0.972 -0.2348
vn 0.998 0.05698 -0.0287
vn 0.001167 -0.9838 -0.1792
vn -0.9988 0.04881 0.003204
vn 0.0002212 -0.972 -0.2348
vn 0.005766 -0.9946 0.1034
vn 0.002302 -0.9941 -0.1085
vn -0.2429 -0.9585 -0.1493
vn 0.0101 -0.9173 0.398
vn 0.01501 -0.6264 0.7793
vn 0.0001931 -0.972 -0.2348
vn 0.9709 -0.2383 0.02513
vn 0.002205 -0.9933 -0.1154
vn 0.0002212 -0.972 -0.2348
vn 0.9709 -0.2383 0.02513
vn 0.006685 -0.9862 0.1653
vn -0.211 -0.9495 0.2321
vn 0.006685 -0.9862 0.1653
vn 0.9709 -0.2383 0.02513
vn -0.9988 0.04881 0.003204
vn 0.0002494 -0.972 -0.2348
vn 0.006685 -0.9862 0.1653
vn -0.211 -0.9495 0.2321
vn -0.9988 0.04881 0.003204
vn -0.211 -0.9495 0.2321
vn -0.9676 -0.2462 0.0561
vn 0.0002293 -0.972 -0.2348
vn 0.006681 -0.9862 0.1653
vn 0.998 0.05698 -0.0287
vn 0.226 -0.9478 0.2251
vn 0.006681 -0.9862 0.1653
vn 0.0002266 -0.972 -0.2348
vn -0.9676 -0.2462 0.0561
vn 0.006681 -0.9862 0.1653
vn 0.226 -0.9478 0.2251
vn 0.226 -0.9478 0.2251
vn 0.998 0.05698 -0.0287
f 1665//5371 1666//5378 1667//5379
f 1668//5382 1666//5372 1665//5370
f 1668//5381 1669//5384 1666//5373
f 1669//5383 1670//5386 1666//5374
f 1670//5385 1671//5388 1666//5375
f 1671//5387 1672//5391 1666//5376
f 1673//5393 1666//5376 1672//5391
f 1674//5399 1666//5376 1673//5393
f 1675//5402 1666//5376 1674//5399
f 1666//5377 1675//5401 1667//5380
f 1676//5403 1675//5402 1674//5399
f 1676//5404 1677//5407 1674//5398
f 1677//5408 1676//5405 1678//5412
f 1679//5415 1677//5409 1678//5411
f 1679//5414 1674//5398 1677//5407
f 1674//5397 1679//5413 1680//5417
f 1680//5418 1679//5416 1678//5410
f 1674//5400 1661//5366 1676//5406
f 1662//5367 1676//5406 1661//5366
f 1672//5390 1673//5394 1681//5420
f 1673//5396 1672//5392 1663//5368
f 1664//5369 1663//5368 1672//5392
f 1682//5425 1681//5420 1673//5394
f 1683//5427 1681//5421 1682//5424
f 1672//5389 1681//5419 1683//5426
f 1683//5428 1682//5423 1684//5429
f 1682//5422 1673//5395 1684//5430
o Mesh101
v -0.3529 -0.1063 5.757
v -0.3046 -0.07093 5.756
v -0.2404 -0.02389 5.755
v -0.1921 0.01152 5.754
v -0.2857 -0.01854 6.198
v -0.3881 -0.1399 5.759
v -0.255 -0.07134 5.755
v -0.4266 -0.07603 6.195
v -0.3909 -0.1342 5.758
v -0.3529 -0.1063 5.757
v -0.3046 -0.07092 5.756
v -0.3339 -0.01252 6.029
v -0.3654 -0.03558 6.029
v -0.3515 -0.05159 6.152
v -0.3145 -0.03598 6.152
v -0.2404 -0.02387 5.755
v -0.1921 0.01152 5.754
v -0.2495 0.04937 6.027
v -0.2809 0.0263 6.028
v -0.2355 0.03336 6.15
v -0.2615 0.002842 6.151
v -0.1541 0.03941 5.754
v -0.1924 0.09562 6.191
v -0.1494 0.03499 5.754
vn -0.5885 0.8001 -0.1159
vn -0.5889 0.8008 -0.1095
vn -0.5864 0.7966 -0.1467
vn -0.5886 0.8003 -0.1142
vn 0.37 -0.914 0.1664
vn 0.4567 -0.8791 0.1366
vn 0.7039 -0.6979 0.1322
vn 0.7687 -0.6189 0.1616
vn -0.77 0.6208 -0.1473
vn -0.5905 0.804 -0.07019
vn -0.3711 0.916 -0.1522
vn 0.4567 -0.8791 0.1366
vn 0.37 -0.914 0.1664
vn 0.7039 -0.6979 0.1322
vn 0.4567 -0.8791 0.1366
vn 0.37 -0.914 0.1664
vn -0.3711 0.916 -0.1522
vn -0.3711 0.916 -0.1522
vn -0.5905 0.804 -0.0702
vn -0.5905 0.804 -0.0702
vn -0.5779 0.7829 -0.2302
vn -0.9244 -0.3774 0.05576
vn -0.5881 0.7995 -0.1224
vn -0.5885 0.8001 -0.1159
vn -0.5905 0.8039 -0.0702
vn -0.5779 0.7829 -0.2302
vn 0.8364 0.5475 -0.02742
vn -0.578 0.7829 -0.2302
vn -0.5806 0.7963 0.17
vn -0.3812 0.8955 0.2299
vn 0.8364 0.5475 -0.02742
vn -0.5779 0.7829 -0.2302
vn -0.9244 -0.3774 0.05576
vn -0.5806 0.7963 0.17
vn -0.578 0.7829 -0.2302
vn -0.3812 0.8955 0.2299
vn -0.5806 0.7963 0.17
vn -0.9244 -0.3774 0.05576
vn 0.8364 0.5475 -0.02742
vn -0.3812 0.8955 0.2299
vn -0.5905 0.804 -0.07018
vn -0.5779 0.783 -0.2302
vn -0.7742 -0.633 0.001418
vn -0.5836 0.7921 -0.1786
vn -0.5864 0.7966 -0.1465
vn -0.5905 0.804 -0.07019
vn -0.5778 0.783 -0.2302
vn 0.6392 0.7686 0.02776
vn -0.5779 0.783 -0.2302
vn -0.5805 0.7963 0.17
vn 0.6392 0.7686 0.02776
vn -0.5778 0.783 -0.2302
vn -0.7742 -0.633 0.001418
vn -0.7337 0.6371 0.2363
vn -0.5805 0.7963 0.17
vn -0.5779 0.783 -0.2302
vn 0.6392 0.7686 0.02776
vn -0.5805 0.7963 0.17
vn -0.7337 0.6371 0.2363
vn -0.7337 0.6371 0.2363
vn -0.7742 -0.633 0.001418
vn -0.5905 0.8039 -0.07021
vn -0.77 0.6208 -0.1473
vn -0.77 0.6208 -0.1473
vn 0.7687 -0.6189 0.1616
vn 0.7687 -0.6189 0.1616
vn 0.7039 -0.6979 0.1322
f 1689//5436 1690//5442 1691//5445
f 1692//5446 1690//5443 1689//5435
f 1693//5448 1692//5447 1689//5441
f 1693//5449 1689//5440 1694//5450
f 1695//5455 1694//5450 1689//5440
f 1695//5456 1694//5451 1696//5462
f 1694//5453 1695//5454 1685//5431
f 1686//5432 1685//5431 1695//5454
f 1697//5465 1696//5458 1694//5451
f 1697//5464 1698//5467 1696//5459
f 1697//5463 1694//5452 1698//5468
f 1696//5460 1698//5466 1699//5470
f 1695//5457 1696//5461 1699//5469
f 1700//5471 1695//5455 1689//5440
f 1701//5476 1700//5471 1689//5440
f 1701//5477 1700//5472 1702//5482
f 1700//5474 1701//5475 1687//5433
f 1688//5434 1687//5433 1701//5475
f 1703//5486 1702//5479 1700//5472
f 1702//5480 1703//5485 1704//5488
f 1704//5489 1703//5484 1705//5490
f 1703//5483 1700//5473 1705//5491
f 1702//5481 1704//5487 1701//5478
f 1706//5492 1701//5476 1689//5440
f 1707//5494 1706//5493 1689//5439
f 1708//5496 1707//5495 1689//5438
f 1691//5444 1708//5497 1689//5437
o Mesh100
v -0.6778 -0.06764 6.2
v -0.684 -0.1411 5.763
v -0.597 -0.09218 6.202
v -0.536 -0.1639 5.76
v -0.4614 -0.09162 6.2
v -0.3881 -0.1399 5.759
v -0.3934 -0.06647 6.195
v -0.3909 -0.1351 5.758
v -0.437 -0.1353 5.759
v -0.5027 -0.1356 5.76
v -0.4987 -0.0666 6.031
v -0.4966 -0.09616 6.155
v -0.4602 -0.06645 6.031
v -0.4581 -0.096 6.155
v -0.5694 -0.1359 5.761
v -0.5744 -0.1359 5.761
v -0.5654 -0.06688 6.032
v -0.6039 -0.06703 6.033
v -0.6352 -0.1361 5.762
v -0.6018 -0.09659 6.157
v -0.5633 -0.09643 6.156
v -0.6812 -0.1363 5.763
vn -0.2908 -0.9428 0.1629
vn 0.2911 0.9447 -0.1508
vn -0.1473 -0.9793 0.1386
vn -0.2908 -0.9428 0.1629
vn 0.2911 0.9447 -0.1508
vn -0.2908 -0.9428 0.1629
vn -0.1473 -0.9793 0.1386
vn 0.006611 -0.9869 0.1611
vn -0.005657 0.9951 -0.09896
vn 0.1597 -0.9781 0.1337
vn 0.006611 -0.9869 0.1611
vn -0.1473 -0.9793 0.1386
vn -0.005654 0.9951 -0.09896
vn 0.006611 -0.9869 0.1611
vn 0.1597 -0.9781 0.1337
vn 0.3513 -0.9226 0.1594
vn -0.3512 0.9246 -0.1472
vn -0.005657 0.9951 -0.09896
vn 0.3513 -0.9226 0.1594
vn 0.1597 -0.9781 0.1337
vn -0.3512 0.9246 -0.1472
vn 0.3513 -0.9226 0.1594
vn -0.005677 0.9951 -0.09896
vn -0.3512 0.9246 -0.1472
vn 0.9785 0.2036 0.03202
vn -0.007912 0.9692 -0.2463
vn -0.005673 0.9951 -0.09896
vn -0.9999 -0.00409 0.01593
vn -0.007925 0.9692 -0.2463
vn -0.005659 0.9951 -0.09896
vn -0.007912 0.9692 -0.2463
vn -0.9999 -0.00409 0.01593
vn -0.0002859 0.9727 0.232
vn -0.0002977 0.9727 0.232
vn -0.9999 -0.00409 0.01593
vn -0.007899 0.9692 -0.2463
vn -0.0002977 0.9727 0.232
vn 0.9785 0.2036 0.03202
vn 0.9785 0.2036 0.03202
vn -0.0003095 0.9727 0.232
vn 0.9999 0.004068 -0.01592
vn -0.007873 0.9692 -0.2463
vn -0.005641 0.9951 -0.09896
vn -0.005644 0.9951 -0.09896
vn -0.007877 0.9692 -0.2463
vn -0.005635 0.9951 -0.09896
vn 0.9999 0.004068 -0.01592
vn -0.007886 0.9692 -0.2463
vn -0.000274 0.9727 0.232
vn -0.00786 0.9692 -0.2463
vn -0.9787 0.1956 0.0632
vn -0.0002861 0.9727 0.232
vn -0.007898 0.9692 -0.2463
vn -0.9787 0.1956 0.0632
vn -0.00786 0.9692 -0.2463
vn -0.005659 0.9951 -0.09896
vn -0.000274 0.9727 0.232
vn -0.9787 0.1956 0.0632
vn 0.9999 0.004068 -0.01592
vn -0.0002619 0.9727 0.232
vn 0.2911 0.9447 -0.1508
vn -0.005682 0.9951 -0.09895
f 1709//5498 1710//5501 1711//5503
f 1711//5504 1710//5500 1712//5509
f 1711//5505 1712//5508 1713//5511
f 1713//5512 1712//5507 1714//5517
f 1715//5519 1713//5513 1714//5516
f 1713//5514 1715//5518 1716//5521
f 1716//5520 1717//5524 1713//5515
f 1717//5524 1718//5527 1713//5515
f 1718//5526 1719//5528 1717//5523
f 1719//5529 1718//5525 1720//5532
f 1719//5530 1720//5531 1721//5534
f 1722//5537 1721//5534 1720//5531
f 1717//5522 1721//5535 1722//5536
f 1721//5533 1717//5523 1719//5528
f 1718//5527 1723//5540 1713//5515
f 1723//5540 1724//5541 1713//5515
f 1723//5539 1724//5542 1725//5545
f 1725//5545 1724//5542 1726//5550
f 1727//5552 1726//5547 1724//5542
f 1726//5548 1727//5551 1728//5555
f 1726//5549 1728//5554 1725//5546
f 1729//5557 1725//5546 1728//5554
f 1723//5538 1725//5544 1729//5556
f 1724//5543 1727//5553 1711//5506
f 1730//5559 1711//5506 1727//5553
f 1730//5558 1709//5499 1711//5502
f 1713//5510 1724//5541 1711//5506
o Mesh10
v -0.5812 -0.00175 5.784
v -0.4913 -0.001381 5.783
v -0.5805 -0.1151 5.804
v -0.5482 0.02795 5.952
v -0.4905 -0.1148 5.803
v -0.5192 0.02806 5.952
vn -0.9817 0.02632 0.1887
vn 0.987 0.03438 0.1572
vn 0.01403 -0.7208 0.6931
vn -0.9817 0.02632 0.1887
vn -0.9817 0.02632 0.1887
vn 0.01401 -0.7208 0.693
vn 0.987 0.03438 0.1572
vn 0.01401 -0.7208 0.693
vn 0.01398 -0.7208 0.693
vn 0.987 0.03438 0.1572
f 1731//5560 1733//5563 1734//5564
f 1733//5562 1735//5567 1734//5565
f 1736//5568 1734//5565 1735//5567
f 1735//5566 1732//5561 1736//5569
o Mesh09
v -0.5875 -0.1047 6.036
v -0.4761 -0.1042 6.034
v -0.532 -0.07215 6.032
vn 0.0156 0.07931 0.9967
vn 0.0156 0.07931 0.9967
vn 0.0156 0.07931 0.9967
f 1737//5570 1738//5571 1739//5572
o Mesh08
v -0.2511 0.4567 5.778
v -0.2229 0.3712 5.778
v -0.2665 0.419 5.947
v -0.1431 0.4922 5.796
v -0.2575 0.3915 5.947
v -0.1149 0.4067 5.795
vn -0.3337 0.9261 0.176
vn 0.2824 -0.9439 0.1711
vn 0.6972 0.228 0.6796
vn -0.3337 0.9261 0.176
vn -0.3337 0.9261 0.176
vn 0.6972 0.2279 0.6796
vn 0.2824 -0.9439 0.1711
vn 0.6972 0.2279 0.6796
vn 0.6972 0.2279 0.6796
vn 0.2824 -0.9439 0.1711
f 1740//5573 1742//5576 1743//5577
f 1742//5575 1744//5580 1743//5578
f 1745//5581 1743//5578 1744//5580
f 1744//5579 1741//5574 1745//5582
o Mesh07
v -0.3044 0.002828 6.028
v -0.3302 -0.05619 6.031
v -0.2403 0.009707 6.03
vn -0.02939 0.06446 0.9975
vn -0.02939 0.06446 0.9975
vn -0.02939 0.06446 0.9975
f 1746//5583 1747//5584 1748//5585
o Mesh06
v -0.824 0.1731 5.788
v -0.8522 0.2586 5.788
v -0.9314 0.1377 5.809
v -0.8032 0.2117 5.956
v -0.9596 0.2232 5.809
v -0.8123 0.2392 5.956
vn 0.3392 -0.9252 0.1701
vn -0.2769 0.9448 0.175
vn 0.3392 -0.9252 0.1701
vn -0.6752 -0.2243 0.7027
vn -0.6752 -0.2243 0.7027
vn 0.3392 -0.9252 0.1701
vn -0.6752 -0.2243 0.7027
vn -0.2769 0.9448 0.175
vn -0.2769 0.9448 0.175
vn -0.6752 -0.2242 0.7028
f 1751//5588 1749//5586 1752//5591
f 1751//5589 1752//5590 1753//5592
f 1754//5595 1753//5592 1752//5590
f 1750//5587 1753//5593 1754//5594
o Mesh05
v -0.915 0.1312 6.04
v -0.9018 0.1942 6.037
v -0.9499 0.2371 6.041
vn 0.08874 0.02664 0.9957
vn 0.08874 0.02664 0.9957
vn 0.08874 0.02664 0.9957
f 1755//5596 1756//5597 1757//5598
o Mesh04
v -0.759 0.08441 5.787
v -0.686 0.03181 5.786
v -0.825 -0.007585 5.808
v -0.7145 0.09065 5.955
v -0.691 0.07373 5.955
v -0.752 -0.06019 5.807
vn -0.7785 0.6001 0.1839
vn 0.819 -0.5507 0.1615
vn -0.4112 -0.5845 0.6995
vn -0.7785 0.6001 0.1839
vn -0.7785 0.6001 0.1839
vn -0.4112 -0.5845 0.6995
vn -0.4112 -0.5845 0.6995
vn 0.819 -0.5507 0.1615
vn 0.819 -0.5507 0.1615
vn -0.4112 -0.5845 0.6995
f 1758//5599 1760//5602 1761//5603
f 1761//5604 1760//5601 1762//5605
f 1763//5608 1762//5605 1760//5601
f 1763//5607 1759//5600 1762//5606
o Mesh03
v 5.289 -0.07295 2.554
v 5.249 -0.03924 2.538
v 5.288 -0.03706 2.564
v 5.249 -0.07549 2.529
v 5.21 -0.07327 2.554
v 5.21 -0.03739 2.564
v 5.21 -0.06208 2.672
v 5.21 -0.02885 2.654
v 5.249 -0.007633 2.632
v 5.249 -0.02313 2.715
v 5.249 -0.05591 2.736
v 5.288 -0.02852 2.654
v 5.288 -0.06175 2.672
v 5.249 -0.01299 2.573
vn 0.5171 0.2215 -0.8267
vn 0.5231 0.2315 -0.8202
vn 1 0.004113 0.001473
vn 0.5171 0.2215 -0.8267
vn -0.5165 0.2173 -0.8282
vn -0.5226 0.2272 -0.8218
vn -0.3315 0.7552 -0.5655
vn 0.3269 0.7579 -0.5645
vn 0.5231 0.2315 -0.8202
vn 1 0.004113 0.001473
vn 0.5231 0.2315 -0.8202
vn 0.3269 0.7579 -0.5645
vn 0.5053 0.8594 -0.07753
vn 0.5015 0.8614 -0.08063
vn 1 0.004168 0.001485
vn -0.5165 0.2173 -0.8282
vn 0.5171 0.2215 -0.8267
vn -1 -0.004127 -0.001471
vn -0.5226 0.2272 -0.8218
vn -0.5165 0.2173 -0.8282
vn -0.3315 0.7552 -0.5655
vn -0.5226 0.2272 -0.8218
vn -1 -0.004146 -0.001476
vn -0.5084 0.8572 -0.08214
vn -0.5122 0.8552 -0.07903
vn -0.8319 0.2654 0.4874
vn -1 -0.004146 -0.001476
vn -0.5084 0.8572 -0.08214
vn -1 -0.004165 -0.00148
vn -0.8319 0.2654 0.4874
vn -0.8128 0.3102 0.4931
vn -0.3938 0.9037 0.1684
vn 0.5053 0.8594 -0.07753
vn -0.5122 0.8552 -0.07903
vn -0.5084 0.8572 -0.08214
vn -0.3938 0.9037 0.1684
vn 0.3858 0.9069 0.1695
vn 0.5015 0.8614 -0.08063
vn -0.8128 0.3102 0.4931
vn 0.8088 0.3169 0.4955
vn 0.3858 0.9069 0.1695
vn -0.3938 0.9037 0.1684
vn 0.8281 0.2724 0.4899
vn 0.8088 0.3169 0.4955
vn -0.8128 0.3102 0.4931
vn -0.8319 0.2654 0.4874
vn 1 0.004168 0.001485
vn 0.5015 0.8614 -0.08063
vn 0.3858 0.9069 0.1695
vn 0.8088 0.3169 0.4955
vn 0.8281 0.2724 0.4899
vn 1 0.004141 0.001479
vn 0.8281 0.2724 0.4899
vn 0.3269 0.7579 -0.5645
vn -0.3315 0.7552 -0.5655
vn -0.5122 0.8552 -0.07903
vn 0.5053 0.8594 -0.07753
f 1764//5610 1765//5617 1766//5619
f 1764//5609 1767//5625 1765//5612
f 1767//5624 1768//5628 1765//5613
f 1765//5614 1768//5627 1769//5630
f 1768//5626 1770//5635 1769//5631
f 1771//5637 1769//5631 1770//5635
f 1769//5632 1771//5636 1772//5643
f 1771//5640 1773//5650 1772//5644
f 1773//5647 1771//5639 1774//5653
f 1771//5638 1770//5634 1774//5654
f 1775//5658 1773//5648 1774//5652
f 1772//5645 1773//5649 1775//5657
f 1772//5646 1775//5656 1766//5622
f 1775//5655 1776//5660 1766//5623
f 1776//5661 1775//5659 1774//5651
f 1764//5611 1766//5618 1776//5660
f 1777//5665 1772//5641 1766//5621
f 1769//5633 1772//5642 1777//5664
f 1769//5629 1777//5663 1765//5615
f 1765//5616 1777//5662 1766//5620
o Mesh02
v 5.289 -0.1976 2.67
v 5.289 -0.1617 2.682
v 5.249 -0.1559 2.745
v 5.289 -0.2059 2.58
v 5.25 -0.2225 2.652
v 5.249 -0.1919 2.731
v 5.21 -0.1979 2.67
v 5.21 -0.1621 2.682
v 5.21 -0.2063 2.58
v 5.21 -0.1733 2.563
v 5.25 -0.2089 2.554
v 5.25 -0.2282 2.593
v 5.289 -0.173 2.563
v 5.25 -0.1755 2.538
vn 1 0.004132 0.001478
vn 0.8293 -0.1726 0.5315
vn 0.8105 -0.2148 0.545
vn 0.3926 -0.8567 0.3346
vn 0.5083 -0.8574 0.08043
vn 0.8293 -0.1726 0.5315
vn 1 0.004133 0.001477
vn -0.8294 -0.1794 0.529
vn -0.8103 -0.2216 0.5426
vn 0.8105 -0.2148 0.545
vn 0.8293 -0.1726 0.5315
vn 0.5083 -0.8574 0.08043
vn 0.5122 -0.8548 0.08316
vn 0.3336 -0.8466 -0.4147
vn 0.5252 -0.3776 -0.7626
vn 1 0.004133 0.001477
vn 0.3926 -0.8567 0.3346
vn -0.3865 -0.8599 0.3334
vn -0.5014 -0.8616 0.07896
vn -0.5054 -0.859 0.08167
vn 0.5122 -0.8548 0.08316
vn 0.5083 -0.8574 0.08043
vn 0.8105 -0.2148 0.545
vn -0.8103 -0.2216 0.5426
vn -0.3865 -0.8599 0.3334
vn 0.3926 -0.8567 0.3346
vn -0.8294 -0.1794 0.529
vn -1 -0.004139 -0.001477
vn -0.5014 -0.8616 0.07896
vn -0.3865 -0.8599 0.3334
vn -0.8103 -0.2216 0.5426
vn -1 -0.004137 -0.001478
vn -0.8294 -0.1794 0.529
vn -0.5014 -0.8616 0.07896
vn -1 -0.004137 -0.001478
vn -0.5198 -0.3819 -0.7642
vn -0.3254 -0.8493 -0.4157
vn -0.5054 -0.859 0.08167
vn -0.514 -0.3734 -0.7722
vn -0.5198 -0.3819 -0.7642
vn -1 -0.004135 -0.001479
vn 0.5252 -0.3776 -0.7626
vn 0.3336 -0.8466 -0.4147
vn -0.3254 -0.8493 -0.4157
vn -0.5198 -0.3819 -0.7642
vn -0.514 -0.3734 -0.7722
vn 0.5194 -0.3692 -0.7707
vn 0.5122 -0.8548 0.08316
vn -0.5054 -0.859 0.08167
vn -0.3254 -0.8493 -0.4157
vn 0.3336 -0.8466 -0.4147
vn 1 0.004134 0.001477
vn 0.5252 -0.3776 -0.7626
vn 0.5194 -0.3692 -0.7707
vn 0.5194 -0.3692 -0.7707
vn -0.514 -0.3734 -0.7722
f 1778//5667 1779//5671 1780//5676
f 1778//5666 1781//5681 1779//5672
f 1778//5670 1782//5687 1781//5677
f 1783//5691 1782//5682 1778//5669
f 1783//5690 1784//5695 1782//5683
f 1784//5696 1783//5689 1780//5674
f 1783//5688 1778//5668 1780//5675
f 1785//5698 1784//5692 1780//5673
f 1784//5693 1785//5697 1786//5700
f 1787//5706 1786//5700 1785//5697
f 1788//5710 1786//5701 1787//5705
f 1786//5702 1788//5709 1789//5715
f 1789//5716 1788//5708 1781//5679
f 1781//5680 1788//5707 1790//5718
f 1788//5712 1791//5720 1790//5719
f 1791//5721 1788//5711 1787//5704
f 1790//5717 1779//5672 1781//5681
f 1782//5686 1789//5713 1781//5678
f 1782//5685 1786//5703 1789//5714
f 1784//5694 1786//5699 1782//5684
o Mesh01
v 0.1005 0.03123 5.67
v -0.7195 -0.1078 5.763
v -0.7681 -0.07283 5.764
v -0.8327 -0.02631 5.765
v -0.8813 0.008692 5.765
v -0.1427 0.03023 5.67
v 0.5649 0.6049 5.965
v 0.5686 0.6394 5.762
v 0.4148 0.6388 5.759
v 0.4111 0.6042 5.962
v 0.531 0.7684 5.76
v 0.5909 0.7686 5.761
v 0.4514 0.768 5.759
v 0.3915 0.7678 5.757
v 0.3828 0.5949 5.962
v 0.2118 0.49 5.756
v 0.1944 0.3333 5.959
v 0.1911 0.6444 4.171
v 0.8522 0.6472 4.184
v 0.6859 0.5264 5.967
v 0.7455 0.4449 5.968
v 0.3534 0.5706 5.961
v 0.4492 0.6022 5.962
v 0.7181 0.5059 5.968
v 0.6176 0.6237 5.763
v 0.5933 0.5958 5.966
v 0.7424 0.5338 5.766
v 0.7357 0.4818 5.969
v 0.821 0.3462 5.767
v 0.7838 0.3358 5.97
v 0.7728 0.4923 5.766
v 0.9507 0.365 5.769
v 0.932 0.4219 5.769
v 0.9071 0.4975 5.768
v 0.8883 0.5543 5.767
v 0.7698 0.3712 5.969
v 0.7702 0.2703 5.969
v 0.2329 0.1943 5.959
v 0.2925 0.1129 5.961
v 0.2082 0.3689 5.958
v 0.2086 0.268 5.959
v 0.1946 0.3035 5.959
v 0.2132 0.1459 5.756
v 0.2427 0.1574 5.96
v 0.1651 0.292 5.755
v 0.7196 0.1353 5.969
v 0.8549 -0.01408 4.186
v 0.1938 -0.01685 4.173
v 0.5673 0.03501 5.967
v 0.4175 -0.001214 5.761
v 0.4135 0.03436 5.964
v 0.5712 -0.0005694 5.764
v 0.7906 -0.01959 5.767
v 0.8389 0.01582 5.768
v 0.6781 -0.102 5.765
v 0.7264 -0.06664 5.766
v 0.6876 0.1145 5.968
v 0.7466 0.1964 5.969
v 0.737 0.1595 5.969
v 0.8212 0.2947 5.768
v 0.7839 0.3059 5.97
v 0.7743 0.1483 5.767
v -0.7636 0.1291 5.967
v -0.2773 0.1922 5.959
v -0.3363 0.1103 5.96
v -0.3043 0.131 5.96
v -0.4566 0.03076 5.962
v -0.4597 -0.004847 5.759
v -0.6104 0.03013 5.965
v -0.6135 -0.005477 5.762
v -0.3989 0.06439 5.961
v -0.4947 0.03281 5.962
v -0.4108 0.01127 5.759
v -0.4283 0.04008 5.962
v -0.2868 0.1022 5.756
v -0.2313 -0.01861 4.172
v -0.8924 -0.02132 4.183
v -0.8952 0.6399 4.181
v -0.234 0.6426 4.171
v -0.459 0.6006 5.961
v -0.4624 0.6351 5.758
v -0.6127 0.6 5.963
v -0.6161 0.6345 5.76
v -0.401 0.5674 5.959
v -0.4971 0.5982 5.961
v -0.3058 0.5016 5.959
v -0.4133 0.6194 5.757
v -0.4306 0.5915 5.96
v -0.2885 0.5295 5.755
v -0.7651 0.4997 5.966
v -0.6411 0.5907 5.964
v -0.665 0.6184 5.761
v -0.7891 0.5275 5.763
v -0.7331 0.5205 5.965
v -0.7921 0.4386 5.966
v -0.6684 0.06329 5.965
v -0.5723 0.03249 5.964
v -0.7314 0.1086 5.966
v -0.791 0.1901 5.967
v -0.8157 0.3647 5.967
v -0.8153 0.2638 5.967
v -0.7812 0.1532 5.967
v -0.8659 0.2877 5.765
v -0.8293 0.2993 5.968
v -0.8178 0.1417 5.765
v -0.7825 0.4756 5.966
v -0.8661 0.3392 5.765
v -0.8295 0.3291 5.967
v -0.8192 0.4857 5.764
v -0.2541 0.367 5.958
v -0.2537 0.2661 5.958
v -0.2399 0.3017 5.958
v -0.2567 0.144 5.756
v -0.2868 0.1552 5.959
v -0.2098 0.2904 5.755
v -0.02342 1.065 -2.038
v -0.004636 1.065 -2.038
v -1.113 0.1818 -2.517
v -0.6072 -0.1093 -2.629
v -0.4186 -0.4895 -2.224
v 0.404 -0.4861 -2.223
v 0.5906 -0.1044 -2.627
v 1.094 0.1909 -2.514
v -0.1958 0.4737 -6.234
v -0.24 0.3315 5.958
v -0.2581 0.488 5.755
v -0.2882 0.4776 5.958
v -0.21 0.3419 5.754
v -0.2784 0.4407 5.958
v -0.338 0.5221 5.959
v -0.6705 0.5663 5.964
v -0.5747 0.5979 5.962
v -0.7873 0.1001 5.764
v -0.6388 0.03924 5.965
v -0.6625 0.01024 5.763
v 0.625 0.06865 5.967
v 0.5292 0.03706 5.965
v 0.3555 0.06752 5.962
v 0.4516 0.03673 5.964
v 0.3851 0.04345 5.963
v 0.2603 0.1333 5.96
v 0.2437 0.1044 5.757
v 0.3684 0.01449 5.76
v 0.6201 0.01555 5.764
v 0.5956 0.04435 5.967
v 0.7442 0.1065 5.767
v 0.6229 0.5717 5.966
v 0.5268 0.6025 5.964
v 0.09584 0.551 5.752
v 0.07757 0.494 5.752
v 0.0533 0.4182 5.752
v 0.03503 0.3612 5.752
v 0.2318 0.4428 5.959
v 0.2908 0.5247 5.96
v 0.2588 0.5039 5.959
v 0.2419 0.5317 5.756
v 0.3659 0.6227 5.758
v 0.6746 -0.5278 1.764
v 0.6778 -0.5309 1.693
v 0.7092 -0.5229 1.763
v 0.5123 -0.5054 2.32
v 0.6498 -0.5037 2.32
v 0.5783 -0.3784 3.827
v 0.3798 -0.3611 3.827
v 0.3457 -0.4663 2.32
v 0.2495 -0.3162 3.825
v 0.1683 -0.4077 2.319
v 0.1562 -0.2931 3.826
v -0.01436 -0.4084 2.319
v -0.01706 -0.2938 3.825
v -0.1903 -0.2945 3.825
v -0.1017 -0.1158 5.671
v -0.02053 -0.1155 5.671
v -0.02149 0.1194 5.667
v 0.1508 -0.1148 5.672
v 0.1739 -0.117 5.672
v 0.2153 -0.121 5.673
v 0.3457 -0.146 5.675
v 0.4967 -0.1693 5.678
v 0.6474 -0.1448 5.681
v 0.737 -0.3465 3.828
v 0.8166 -0.4796 2.322
v 0.8384 -0.5081 1.693
v 0.7118 -0.5261 1.693
v 0.6938 -0.5706 1.032
v 0.6547 -0.561 1.25
v 0.5449 -0.579 0.9039
v 0.4266 -0.5621 0.7667
v 0.3287 -0.5229 0.7631
v 0.1879 -0.4737 0.7621
v 0.1358 -0.4739 0.762
v -0.01178 -0.4746 0.7618
v -0.1594 -0.4752 0.7616
v -0.197 -0.4092 2.319
v -0.2834 -0.3184 3.824
v -0.374 -0.4693 2.319
v -0.4134 -0.3644 3.825
v -0.5402 -0.5097 2.319
v -0.6117 -0.3834 3.825
v -0.6777 -0.5092 2.318
v -0.8447 -0.4865 2.32
v -0.8644 -0.5152 1.69
v -0.9836 -0.4511 1.753
v -0.9857 -0.4536 1.685
v -1.017 -0.4375 1.684
v -1.025 -0.4697 1.161
v -0.8789 -0.5425 1.09
v -1.026 -0.4896 0.7616
v -1.126 -0.419 0.76
v -1.128 -0.4822 -0.2467
v -1.219 -0.387 -0.04028
v -1.224 -0.3884 -0.4681
v -1.135 -0.4834 -0.467
v -1.051 -0.5104 -1.75
v -1.182 -0.3657 -1.752
v -1.109 -0.3629 -2.543
v -1.269 -0.2256 -1.751
v -1.332 -0.2465 -0.4699
v -1.295 -0.236 0.7552
v -1.192 -0.3426 0.7584
v -1.107 -0.3947 1.21
v -1.121 -0.3558 1.676
v -1.122 -0.3716 1.472
v -1.14 -0.3035 2.315
v -1.248 -0.172 2.317
v -1.129 -0.09755 3.826
v -1.038 -0.1884 3.82
v -1.001 -0.4133 2.319
v -1.016 -0.4349 1.753
v -0.7707 -0.3527 3.826
v -0.6882 -0.1503 5.679
v -0.9182 -0.2816 3.825
v -0.8245 -0.0815 5.681
v -0.8177 -0.07368 5.765
v -0.6841 -0.1411 5.763
v -0.6832 0.02516 5.763
v -0.684 -0.1411 5.763
v -0.5867 -0.005367 5.761
v -0.5359 -0.164 5.761
v -0.3881 -0.1399 5.759
v -0.3865 -0.149 5.674
v -0.5373 -0.1736 5.676
v -0.7733 -0.02054 6.205
v -0.6359 -0.07412 6.198
v -0.6812 -0.1354 5.763
v -0.7681 -0.07281 5.764
v -0.7195 -0.1078 5.763
v -0.7306 -0.01414 6.035
v -0.7458 -0.03775 6.159
v -0.7088 -0.05305 6.157
v -0.6989 -0.03695 6.034
v -0.8326 -0.02629 5.765
v -0.8812 0.0087 5.765
v -0.8155 0.04705 6.036
v -0.8254 0.03095 6.159
v -0.7839 0.02424 6.036
v -0.7991 0.0006394 6.16
v -0.9195 0.03627 5.766
v -0.8715 0.09561 6.202
v -0.9241 0.03181 5.767
v -0.8177 -0.07365 5.764
v -0.2664 -0.125 5.673
v -0.2563 -0.123 5.673
v -0.2538 -0.1227 5.673
v -0.1919 -0.1162 5.671
v -0.2549 -0.07137 5.756
v -0.2507 -0.07915 5.672
v -0.1494 0.03499 5.754
v -0.1432 0.02929 5.67
v -0.082 0.1687 5.753
v -0.07444 0.1657 5.668
v -0.07443 0.1657 5.668
v -0.05918 0.3168 5.752
v -0.04264 0.3084 6.119
v -0.06858 0.1533 6.119
v -0.1231 0.04434 5.962
v -0.1744 -0.0325 5.924
v -0.1727 -0.04815 5.67
v 0.1319 -0.03123 5.925
v 0.1311 -0.0469 5.67
v 0.101 0.0303 5.67
v 0.07988 0.04518 5.962
v 0.03106 0.1661 5.668
v 0.03106 0.1661 5.668
v 0.03107 0.1661 5.668
v 0.006548 0.3169 5.667
v 0.006552 0.3169 5.667
v 0.02982 0.4678 5.668
v 0.02981 0.4678 5.668
v 0.006551 0.3168 5.668
v 0.01431 0.3171 5.752
v 0.02982 0.4678 5.668
v 0.09858 0.6042 5.669
v 0.09858 0.6042 5.668
v 0.09957 0.6052 5.669
v 0.09858 0.6042 5.669
v 0.03713 0.4652 5.752
v 0.0804 0.6032 6.118
v 0.0157 0.4624 6.118
v -0.1287 0.6024 6.118
v -0.06735 0.7273 6.116
v 0.018 0.7276 6.117
v -0.08053 0.7516 6.117
v 0.03098 0.7521 6.117
v -0.02478 0.7518 6.117
v -0.07297 0.7516 6.117
v -0.02544 0.7837 6.478
v 0.003445 0.7897 6.478
v -0.02668 1.087 6.467
v 0.02254 1.087 6.467
v 0.03311 0.8125 6.477
v 0.04748 0.7607 6.055
v 0.04076 0.7382 5.978
v 0.1287 0.6593 6.119
v 0.1491 0.6718 5.979
v 0.1983 0.7044 5.673
v 0.2061 0.7126 5.67
v 0.1046 0.5989 5.753
v 0.21 0.7053 5.755
v 0.2566 0.7386 5.671
v 0.3432 0.7739 5.757
v 0.2567 0.7387 5.671
v 0.2303 0.7375 5.671
v 0.2421 0.7551 5.563
v 0.2159 0.7538 5.563
v 0.1548 0.7853 5.672
v 0.1957 0.7808 5.304
v 0.1738 0.8005 5.304
v 0.1278 0.8066 5.828
v 0.1603 0.8426 5.424
v 0.2078 0.8281 4.822
v 0.2263 0.8159 4.822
v 0.246 0.8153 4.825
v 0.2217 0.7832 5.304
v 0.2525 0.8027 5.304
v 0.2647 0.7675 5.569
v 0.2793 0.7503 5.672
v 0.3419 0.7825 5.673
v 0.305 0.7891 5.561
v 0.3261 0.8225 5.306
v 0.4005 0.8206 5.526
v 0.4926 0.8071 5.675
v 0.3433 0.7739 5.757
v 0.4911 0.7979 5.76
v 0.6391 0.7751 5.763
v 0.5431 0.6393 5.761
v 0.4416 0.6389 5.76
v 0.5422 0.6381 5.761
v 0.4412 0.6377 5.76
v 0.4712 0.6337 4.177
v 0.4412 0.6377 5.76
v 0.483 0.7349 6.201
v 0.3357 0.6974 6.193
v 0.3444 0.7676 5.757
v 0.3915 0.7678 5.758
v 0.4514 0.768 5.759
v 0.531 0.7683 5.76
v 0.5908 0.7686 5.761
v 0.638 0.7688 5.762
v 0.626 0.6987 6.199
v 0.4911 0.7979 5.759
v 0.5582 0.7027 6.033
v 0.5557 0.7233 6.155
v 0.5191 0.7026 6.032
v 0.5167 0.7324 6.156
v 0.4145 0.7021 6.03
v 0.4535 0.7023 6.031
v 0.4121 0.7227 6.153
v 0.451 0.7321 6.154
v 0.3598 0.6108 5.758
v 0.3453 0.6076 5.758
v 0.2635 0.5476 5.756
v 0.3453 0.6061 5.758
v 0.2639 0.5464 5.756
v 0.2939 0.5424 4.174
v 0.2133 0.476 5.756
v 0.2639 0.5463 5.756
v 0.2317 0.4429 5.958
v 0.204 0.4656 5.755
v 0.1045 0.5988 5.753
v 0.1731 0.369 5.755
v 0.2413 0.4797 5.959
v 0.1649 0.3435 5.755
v 0.2049 0.4644 5.755
v 0.1741 0.3683 5.755
v 0.2349 0.4605 4.173
v 0.2041 0.3643 4.172
v 0.3753 0.6021 4.175
v 0.5722 0.6341 4.179
v 0.6683 0.6033 4.181
v 0.6131 0.6154 5.763
v 0.6383 0.6073 5.763
v 0.623 0.5719 5.965
v 0.6394 0.608 5.763
v 0.6383 0.6073 5.763
v 0.7217 0.5488 5.765
v 0.7203 0.5483 5.765
v 0.8792 0.6022 5.768
v 0.7472 0.5114 5.766
v 0.7799 0.4668 5.766
v 0.686 0.5265 5.966
v 0.7489 0.5092 5.766
v 0.7799 0.4668 5.766
v 0.7457 0.4451 5.967
v 0.9477 0.469 5.77
v 0.7812 0.4668 5.766
v 0.8115 0.3709 5.767
v 0.8415 0.367 4.184
v 0.8099 0.4629 4.184
v 0.7502 0.5443 4.182
v 0.4492 0.6023 5.961
v 0.3533 0.5707 5.96
v 0.7728 0.7076 5.766
v 0.7799 0.715 5.681
v 0.8883 0.6075 5.683
v 0.9094 0.6354 5.325
v 0.9857 0.5223 5.329
v 1.017 0.5543 4.824
v 0.9342 0.6632 4.82
v 1.033 0.5724 4.459
v 0.9434 0.6768 4.456
v 1.034 0.5726 3.508
v 0.9415 0.6664 3.507
v 1.035 0.5746 2.557
v 0.9329 0.6563 2.557
v 0.8213 0.7551 3.506
v 0.8161 0.7405 2.556
v 0.686 0.8013 2.556
v 0.8438 0.7547 1.524
v 0.9651 0.6731 1.523
v 1.071 0.598 1.531
v 1.189 0.5176 1.534
v 1.126 0.5002 2.557
v 1.159 0.4077 3.508
v 1.221 0.4324 2.558
v 1.205 0.2822 4.46
v 1.152 0.3258 4.461
v 1.116 0.386 4.461
v 1.09 0.461 4.46
v 1.063 0.4336 4.826
v 1.02 0.3728 5.33
v 0.9582 0.4717 5.685
v 0.9827 0.3209 5.686
v 0.9827 0.3209 5.686
v 0.9489 0.1731 5.77
v 0.9718 0.3211 5.77
v 0.813 0.2692 5.768
v 0.812 0.2699 5.767
v 0.7812 0.1738 5.767
v 0.8419 0.266 4.185
v 0.8119 0.2728 5.767
v 0.77 0.3712 5.968
v 0.812 0.27 5.767
v 0.813 0.3705 5.767
v 0.9717 0.3212 5.77
v 0.8785 0.45 6.209
v 0.9477 0.469 5.768
v 0.7974 0.5786 6.203
v 0.8735 0.5991 5.767
v 0.8883 0.5543 5.768
v 0.907 0.4974 5.768
v 0.9319 0.4219 5.769
v 0.9507 0.365 5.769
v 0.9654 0.3202 5.77
v 0.8883 0.3028 6.205
v 0.8615 0.4084 6.039
v 0.8738 0.3713 6.04
v 0.8907 0.3779 6.163
v 0.8872 0.4179 6.163
v 0.8288 0.5078 6.038
v 0.841 0.4707 6.039
v 0.8457 0.5144 6.161
v 0.8667 0.4803 6.163
v 0.7704 0.2703 5.968
v 0.2045 0.2633 4.173
v 0.1745 0.2673 5.755
v 0.2361 0.1674 4.173
v 0.2061 0.1714 5.756
v 0.2958 0.08599 4.175
v 0.2061 0.1714 5.756
v 0.2658 0.08994 5.758
v 0.2327 0.1942 5.958
v 0.2924 0.1128 5.96
v 0.03835 0.1692 5.753
v 0.2048 0.1714 5.756
v 0.1731 0.2677 5.755
v 0.1744 0.3068 5.755
v 0.208 0.3689 5.957
v 0.1741 0.3682 5.755
v 0.2084 0.268 5.958
v -0.003242 0.3086 6.119
v 0.1069 0.03605 5.755
v 0.2644 0.08945 5.758
v 0.3467 0.03016 5.759
v 0.2132 -0.06943 5.757
v 0.443 -0.001107 5.761
v 0.347 -0.1369 5.76
v 0.5444 -0.0006819 5.763
v 0.495 -0.1597 5.763
v 0.6428 -0.1356 5.765
v 0.2094 -0.07724 5.672
v 0.643 -0.1355 5.765
v 0.776 -0.06708 5.768
v 0.6407 0.03064 5.765
v 0.7226 0.09063 5.766
v 0.6407 0.03215 5.765
v 0.7221 0.09184 5.766
v 0.6707 0.02821 4.182
v 0.7521 0.0879 4.183
v 0.5748 -0.003399 4.18
v 0.4739 -0.003822 4.178
v 0.3777 0.02698 4.176
v 0.8111 0.1698 4.184
v 0.3477 0.03093 5.759
v 0.3477 0.03092 5.759
v 0.4439 0.0001254 5.761
v 0.5448 0.0005464 5.763
v 0.566 0.007508 5.763
v 0.5523 0.002998 5.763
v 0.5449 0.0005531 5.763
v 0.7298 -0.01431 6.208
v 0.776 -0.06705 5.766
v 0.8813 0.03914 5.769
v 0.8815 0.03929 5.769
v 0.8271 0.1026 6.204
v 0.8769 0.04371 5.769
v 0.7906 -0.01958 5.767
v 0.8388 0.01583 5.768
v 0.772 0.05362 6.038
v 0.7405 0.03056 6.038
v 0.7816 0.0376 6.161
v 0.7556 0.007079 6.162
v 0.7264 -0.06662 5.766
v 0.6781 -0.102 5.765
v 0.6876 -0.008269 6.037
v 0.6561 -0.03134 6.036
v 0.6658 -0.04736 6.159
v 0.7027 -0.03175 6.161
v 0.64 -0.1299 5.765
v 0.5929 -0.06903 6.2
v 0.7821 0.1726 5.767
v 0.7222 0.09187 5.766
v 0.7656 0.1521 5.767
v 0.6878 0.1144 5.967
v 0.7467 0.1963 5.968
v 0.9595 0.17 5.686
v 0.8907 0.03361 5.685
v 0.7832 -0.07484 5.683
v 1.003 -0.18 3.823
v 0.884 -0.2741 3.827
v 0.9719 -0.4051 2.322
v 0.9569 -0.443 1.756
v 0.9592 -0.4456 1.688
v 0.9997 -0.4613 1.164
v 0.8549 -0.5353 1.093
v 0.856 -0.5575 0.7655
v 0.7018 -0.5868 0.7635
v 0.5528 -0.5861 0.7656
v 0.5856 -0.6191 -0.4637
v 0.4142 -0.5743 -0.4606
v 0.3189 -0.5436 -0.4584
v 0.3297 -0.5584 -0.7808
v 0.1997 -0.4933 -0.4544
v 0.1589 -0.4935 -0.4539
v -0.009427 -0.4979 -0.7676
v -0.1788 -0.4949 -0.4544
v -0.2114 -0.4754 0.7615
v -0.3519 -0.5257 0.7621
v -0.3383 -0.5463 -0.4594
v -0.4495 -0.5657 0.7654
v -0.568 -0.5836 0.9022
v -0.679 -0.5665 1.248
v -0.7174 -0.5765 1.03
v -0.7036 -0.5366 1.691
v -0.7376 -0.5321 1.691
v -0.7353 -0.5289 1.761
v -0.7313 -0.5294 1.761
v -0.7007 -0.5335 1.762
v -0.8789 -0.5646 0.7629
v -1.023 -0.554 -0.4695
v -0.8802 -0.5946 -1.749
v -0.8162 -0.5823 -2.542
v -0.9812 -0.4979 -2.543
v -1.043 -0.3485 -2.94
v -1.115 -0.1925 -2.935
v -1.019 -0.3317 -2.903
v -1.086 -0.1855 -2.899
v -1.024 -0.1711 -2.065
v -1.044 -0.04764 -2.066
v -1.113 -0.02322 -2.884
v -1.143 -0.01921 -2.918
v -1.158 -0.03312 -2.825
v -1.208 -0.04817 -2.544
v -1.18 -0.01372 -2.77
v -1.162 -0.01668 -2.839
v -1.158 0.001319 -2.827
v -1.211 0.0214 -2.579
v -1.29 0.004421 -2.365
v -1.317 -0.1097 -1.747
v -1.177 -0.2013 -2.545
v -1.335 -0.1286 -1.495
v -1.415 -0.1036 -0.4697
v -1.396 -0.1401 0.7569
v -1.507 -0.03677 -0.4717
v -1.565 0.06092 -1.252
v -1.608 0.02298 -0.4707
v -1.683 0.07048 -0.844
v -1.704 0.0664 -0.5583
v -1.772 0.06527 -0.5881
v -1.796 0.06375 -0.5141
v -1.804 0.06568 -0.7098
v -1.761 0.147 -0.5446
v -1.788 0.1163 -0.6455
v -1.931 0.1086 -0.4805
v -1.949 0.08643 -0.5331
v -1.933 0.05963 -0.4846
v -1.953 0.05983 -0.5461
v -1.954 0.06173 -0.5482
v -1.807 0.07558 -0.7226
v -1.987 0.06465 -0.5186
v -1.987 0.05849 -0.5087
v -2.199 0.05172 -0.2771
v -2.186 0.04971 -0.2534
v -2.274 0.04717 -0.1919
v -2.191 0.06674 -0.2605
v -2.188 0.07271 -0.2539
v -1.985 0.08434 -0.4905
v -2.01 0.1142 -0.3572
v -2.004 0.05662 -0.3505
v -1.978 0.05723 -0.4017
v -2.27 0.04757 -0.05637
v -2.272 0.06791 -0.1561
v -2.263 0.1082 -0.03954
v -2.248 0.1424 0.1634
v -1.785 0.1476 -0.4938
v -1.678 0.1874 -0.3863
v -1.686 0.2541 0.4885
v -4.886 0.01011 3.367
v -3.725 0.05328 1.785
v -2.921 0.07848 0.7936
v -2.843 0.08307 0.7068
v -2.74 0.01927 0.9616
v -2.648 0.02436 0.8584
v -2.775 0.01921 0.7229
v -2.806 0.01794 0.6895
v -2.566 0.03042 0.4527
v -2.887 0.01357 0.633
v -2.872 0.04024 0.648
v -2.265 0.07366 -0.02817
v -2.255 0.1175 0.05608
v -2.654 0.02637 0.3734
v -2.652 0.02651 0.3707
v -2.574 0.06556 0.4106
v -2.618 0.02839 0.3325
v -2.529 0.03244 0.4118
v -2.145 0.0521 0.296
v -1.731 0.0585 -0.1057
v -1.98 0.1061 -0.4246
v -1.917 0.1204 -0.4451
v -1.878 0.1317 -0.4333
v -1.839 0.1385 -0.4591
v -1.785 0.1476 -0.4951
v -1.683 0.1585 -0.6028
v -1.558 0.2437 -0.4026
v -1.501 0.3243 0.4884
v -1.664 0.2833 1.533
v -1.625 0.2667 2.554
v -2.877 0.1194 3.846
v -5.17 -0.0006028 3.887
v -5.28 -0.006383 3.889
v -1.557 0.03671 3.822
v -2.875 -0.004231 3.845
v -5.167 -0.07546 3.885
v -5.279 -0.07891 3.887
v -4.71 -0.08931 3.163
v -5.279 -0.1183 3.307
v -5.201 -0.114 3.22
v -5.279 -0.0923 3.33
v -5.201 -0.088 3.243
v -4.333 -0.04025 2.277
v -4.572 -0.07936 2.517
v -4.535 -0.07734 2.476
v -4.344 -0.06681 2.263
v -4.277 -0.06315 2.334
v -4.28 -0.001127 2.297
v -5.201 -0.05507 3.316
v -5.201 -0.03586 3.406
v -5.279 -0.05964 3.402
v -5.279 -0.04057 3.492
v -4.205 0.003303 2.214
v -4.226 -0.03435 2.157
v -4.16 -0.0567 2.203
v -4.24 -0.06105 2.146
v -4.138 -0.05543 2.032
v -2.978 0.0344 0.7662
v -2.923 0.01149 0.8203
v -2.991 0.007831 0.7493
v -3.214 -0.004475 0.9988
v -3.125 -0.0004259 1.078
v -3.17 0.03269 1.077
v -3.25 -0.006492 1.04
v -3.711 -0.03186 1.554
v -3.622 -0.02781 1.633
v -3.483 -0.02016 1.478
v -3.162 -0.002443 1.119
v -2.887 0.01303 0.8482
v -2.923 0.007596 0.8203
v -2.924 0.02598 0.8208
v -2.742 0.03502 0.9613
v -2.807 0.03241 0.69
v -2.65 0.04011 0.8579
v -2.806 0.01404 0.6895
v -1.75 0.03954 0.7579
v -1.612 -0.009441 0.7586
v -1.487 -0.07703 0.7584
v -1.345 -0.09869 2.316
v -1.228 -0.03904 3.824
v -1.004 0.0847 5.68
v -0.933 0.02605 5.682
v -0.7656 0.08446 5.764
v -0.6832 0.02667 5.763
v -0.6317 0.01015 5.762
v -0.5871 -0.004135 5.761
v -0.5871 -0.004142 5.761
v -0.6124 -0.008317 4.179
v -0.5114 -0.007903 4.177
v -0.4861 -0.003727 5.76
v -0.4155 0.02369 4.175
v -0.3903 0.02786 5.758
v -0.3902 0.02787 5.758
v -0.3341 0.08338 4.174
v -0.3088 0.08756 5.757
v -0.2498 0.1695 5.756
v -0.2685 0.1435 5.756
v -0.2772 0.192 5.957
v -0.2775 0.131 5.756
v -0.3362 0.1101 5.959
v -0.3074 0.08709 5.757
v -0.3892 0.02711 5.758
v -0.4852 -0.004952 5.76
v -0.3988 0.06421 5.96
v -0.4947 0.03263 5.961
v -0.2485 0.1695 5.756
v -0.2498 0.1695 5.756
v -0.2751 0.1653 4.173
v -0.7085 0.02249 4.18
v -0.7904 0.08151 4.181
v -0.8501 0.163 4.182
v -0.8817 0.2589 4.182
v -0.8821 0.3598 4.182
v -0.8513 0.456 4.181
v -0.7923 0.5379 4.18
v -0.7109 0.5976 4.178
v -0.615 0.6292 4.177
v -0.514 0.6296 4.175
v -0.4179 0.5988 4.174
v -0.4888 0.6338 5.758
v -0.5897 0.6334 5.76
v -0.5906 0.6346 5.76
v -0.4892 0.635 5.758
v -0.6878 0.7696 5.761
v -0.5399 0.7936 5.759
v -0.5413 0.8028 5.674
v -0.3904 0.7795 5.672
v -0.3919 0.7708 5.756
v -0.2581 0.7033 5.754
v -0.3926 0.6045 5.757
v -0.4352 0.6166 5.757
v -0.4887 0.6338 5.758
v -0.4009 0.5676 5.958
v -0.497 0.5984 5.96
v -0.3926 0.603 5.757
v -0.3103 0.5452 5.756
v -0.3107 0.544 5.756
v -0.1518 0.5979 5.753
v -0.3107 0.544 5.756
v -0.3078 0.54 5.756
v -0.3062 0.5379 5.756
v -0.251 0.4625 5.755
v -0.336 0.5398 4.173
v -0.6856 0.6018 5.761
v -0.6856 0.6018 5.761
v -0.6867 0.6026 5.761
v -0.6375 0.6176 5.761
v -0.8209 0.701 5.763
v -0.9264 0.5947 5.765
v -0.9354 0.5999 5.681
v -0.8278 0.7084 5.679
v -0.9556 0.6277 5.322
v -0.9792 0.6552 4.817
v -1.061 0.5457 4.821
v -1.076 0.5636 4.456
v -0.9874 0.6688 4.453
v -1.075 0.5638 3.505
v -0.9826 0.6584 3.504
v -1.073 0.5659 2.554
v -0.9711 0.6484 2.554
v -0.8631 0.7482 3.504
v -0.8635 0.7654 4.454
v -0.8543 0.7562 4.82
v -0.692 0.7783 5.676
v -0.5434 0.8442 4.82
v -0.7146 0.8142 4.82
v -0.722 0.824 4.454
v -0.7211 0.8118 3.504
v -0.5488 0.8487 4.455
v -0.3933 0.8466 4.455
v -0.3848 0.8378 4.82
v -0.4489 0.817 5.525
v -0.3532 0.7864 5.56
v -0.3275 0.7478 5.671
v -0.3048 0.7364 5.67
v -0.3127 0.7651 5.569
v -0.3001 0.8004 5.304
v -0.2901 0.7529 5.562
v -0.2784 0.7354 5.67
v -0.3047 0.7363 5.67
v -0.254 0.7107 5.67
v -0.1465 0.6041 5.668
v -0.1456 0.6032 5.668
v -0.1456 0.6032 5.668
v -0.08323 0.4647 5.752
v -0.2501 0.4638 5.755
v -0.2782 0.4408 5.957
v -0.2184 0.3674 5.755
v -0.2194 0.3666 5.755
v -0.2194 0.3666 5.755
v -0.2443 0.2615 4.172
v -0.2447 0.3625 4.172
v -0.8261 0.4602 5.764
v -0.7671 0.5421 5.763
v -0.2763 0.4584 4.172
v -0.7685 0.5426 5.763
v -0.8077 0.4856 5.764
v -0.9939 0.4609 5.767
v -1.004 0.4636 5.682
v -1.031 0.5139 5.326
v -1.106 0.4246 4.823
v -1.132 0.4518 4.457
v -1.198 0.398 3.504
v -1.163 0.4907 2.554
v -1.257 0.4222 2.554
v -1.245 0.2721 4.456
v -1.354 0.269 3.822
v -1.357 0.3609 2.554
v -1.473 0.3086 2.554
v -1.42 0.3533 2.066
v -1.425 0.361 1.846
v -1.481 0.3457 1.533
v -1.362 0.4177 0.4885
v -1.352 0.4212 1.533
v -1.33 0.4167 1.847
v -1.33 0.3364 1.908
v -1.325 0.329 2.003
v -1.325 0.4096 2.066
v -1.385 0.3743 2.066
v -1.223 0.5076 1.53
v -1.106 0.5889 1.528
v -1.145 0.5931 0.4884
v -1.258 0.5041 0.4885
v -1.349 0.428 -0.4187
v -1.435 0.3327 -0.4122
v -1.387 0.3663 -0.7273
v -1.344 0.4281 -0.7343
v -1.327 0.4222 -0.9863
v -1.257 0.5252 -1.007
v -1.23 0.5285 -1.18
v -1.19 0.5897 -1.182
v -1.191 0.5047 -1.37
v -1.175 0.5415 -1.385
v -1.169 0.4803 -1.486
v -1.164 0.5038 -1.496
v -1.149 0.4496 -1.592
v -1.153 0.4702 -1.597
v -1.066 0.3652 -1.896
v -1.073 0.381 -1.927
v -0.913 0.2606 -2.313
v -0.9306 0.2702 -2.32
v -1.108 0.3964 -1.951
v -1.147 0.4298 -1.953
v -1.168 0.4974 -1.599
v -1.168 0.4624 -1.953
v -1.154 0.3739 -2.475
v -1.176 0.4141 -2.476
v -1.135 0.3906 -2.942
v -1.142 0.468 -2.942
v -1.079 0.4134 -3.197
v -1.091 0.4678 -3.195
v -1.021 0.3952 -3.464
v -1.057 0.3691 -3.198
v -0.9941 0.3507 -3.463
v -0.7705 0.2708 -4.272
v -0.7851 0.3157 -4.273
v -0.7106 0.2811 -4.604
v -0.7916 0.3705 -4.273
v -0.7165 0.3405 -4.605
v -0.6707 0.2599 -4.783
v -0.6739 0.2831 -4.783
v -0.6461 0.2432 -4.924
v -0.6501 0.3132 -4.924
v -0.5921 0.1919 -5.269
v -0.5926 0.2716 -5.27
v -0.5439 0.231 -5.601
v -0.5787 0.3517 -5.27
v -0.5141 0.3119 -5.601
v -0.439 0.2313 -6.099
v -0.3705 0.3522 -6.11
v -0.4535 0.4128 -5.601
v -0.3713 0.5249 -5.601
v -0.5205 0.4362 -5.27
v -0.5985 0.4465 -4.924
v -0.6398 0.3833 -4.924
v -0.6705 0.373 -4.784
v -0.6767 0.3278 -4.784
v -0.7228 0.3717 -4.691
v -0.7224 0.2854 -4.691
v 0.7086 0.2913 -4.689
v 0.6604 0.2886 -4.781
v 0.7083 0.3776 -4.689
v 0.6562 0.3784 -4.782
v 0.6629 0.3334 -4.782
v 0.6368 0.3186 -4.922
v 0.6259 0.3885 -4.922
v 0.5807 0.2764 -5.268
v 0.5661 0.3565 -5.268
v 0.5332 0.2354 -5.599
v 0.5028 0.3161 -5.599
v 0.4298 0.2349 -6.097
v 0.3604 0.3553 -6.109
v 0.3471 0.131 -6.69
v 0.2644 0.253 -6.704
v 0.277 0.06301 -7.063
v 0.3004 -0.05197 -7.05
v 0.3764 -0.01315 -6.674
v 0.2778 -0.1671 -7.037
v 0.3481 -0.1575 -6.658
v 0.2126 -0.2649 -7.027
v 0.2663 -0.28 -6.644
v 0.1437 -0.3622 -6.635
v 0.2504 -0.3444 -6.044
v 0.1573 -0.3872 -6.04
v 0.08708 -0.4042 -6.039
v -0.001204 -0.3914 -6.632
v -0.001985 -0.415 -6.038
v -0.09113 -0.4049 -6.039
v -0.09687 -0.422 -5.598
v -0.1614 -0.3885 -6.04
v -0.1709 -0.4037 -5.598
v -0.2549 -0.3465 -6.045
v -0.2506 -0.3601 -5.599
v -0.3522 -0.2523 -6.053
v -0.2696 -0.2823 -6.645
v -0.3523 -0.1604 -6.659
v -0.2149 -0.2666 -7.027
v -0.2809 -0.1694 -7.038
v -0.1534 -0.2442 -7.41
v -0.2005 -0.1747 -7.418
v -0.08837 -0.2188 -7.794
v -0.1253 -0.1313 -7.803
v -0.01914 -0.1897 -8.178
v -0.02725 -0.1704 -8.18
v 0.0003715 -0.182 -8.285
v -0.0193 -0.1511 -8.182
v 5.873E-05 -0.1431 -8.183
v -0.001047 -0.006823 -7.817
v -0.08909 -0.04351 -7.813
v -0.08475 0.1064 -7.449
v -0.1547 0.05954 -7.444
v -0.2012 -0.01035 -7.436
v -0.2173 -0.09261 -7.427
v -0.3044 -0.05447 -7.051
v -0.3818 -0.01629 -6.675
v -0.4727 0.01057 -6.078
v -0.4373 -0.124 -6.065
v -0.3885 -0.1957 -5.604
v -0.328 -0.2829 -5.6
v -0.254 -0.3667 -5.208
v -0.3123 -0.2973 -5.206
v -0.2687 -0.3758 -4.27
v -0.1894 -0.432 -4.27
v -0.2106 -0.393 -5.209
v -0.177 -0.4133 -5.209
v -0.111 -0.4569 -4.27
v -0.1586 -0.4179 -5.209
v -0.101 -0.4322 -5.209
v -0.003093 -0.4421 -5.211
v -0.002565 -0.4319 -5.598
v 0.09166 -0.4212 -5.598
v 0.1655 -0.4023 -5.598
v 0.2449 -0.358 -5.598
v 0.1705 -0.4119 -5.209
v 0.09473 -0.4314 -5.209
v -0.002565 -0.4319 -5.597
v 0.1021 -0.456 -4.269
v 0.1803 -0.4305 -4.269
v 0.2472 -0.3647 -5.208
v 0.3216 -0.2802 -5.599
v 0.3469 -0.2494 -6.052
v 0.3815 -0.1925 -5.603
v 0.4309 -0.1204 -6.064
v 0.4653 0.01446 -6.077
v 0.467 0.1357 -6.088
v 0.5307 0.1491 -5.599
v 0.5808 0.1967 -5.268
v 0.6333 0.2485 -4.922
v 0.6574 0.2654 -4.781
v 0.702 0.3464 -4.602
v 0.6721 0.3347 -4.739
v 0.685 0.4058 -4.603
v 0.6549 0.455 -4.603
v 0.5841 0.4514 -4.922
v 0.5072 0.4405 -5.268
v 0.4414 0.4165 -5.6
v 0.3582 0.5279 -5.6
v 0.2616 0.4523 -6.118
v 0.236 0.3626 -6.451
v 0.2095 0.4151 -6.338
v 0.1789 0.3965 -6.453
v 0.1807 0.4183 -6.376
v 0.1558 0.425 -6.385
v 0.1341 0.4308 -6.392
v 0.1341 0.4243 -6.391
v 0.1805 0.436 -6.255
v 0.1807 0.4257 -6.377
v 0.2094 0.4329 -6.293
v 0.2095 0.429 -6.339
v 0.2094 0.4296 -6.293
v 0.2094 0.4321 -6.285
v 0.1833 0.4885 -6.168
v 0.1804 0.4549 -6.277
v 0.1804 0.4622 -6.257
v 0.1337 0.437 -6.241
v 0.08727 0.4253 -6.377
v 0.08724 0.434 -6.378
v 0.05828 0.4426 -6.341
v -0.00501 0.4369 -6.378
v 0.05696 0.4536 -6.293
v -0.005405 0.4843 -6.244
v -0.02731 0.4682 -6.299
v -0.0464 0.5052 -6.214
v -0.03302 0.468 -6.299
v -0.0271 0.3822 -6.202
v -0.02723 0.4638 -6.34
v -0.01401 0.4616 -6.317
v -0.0149 0.4259 -6.426
v -0.02702 0.4369 -6.407
v -0.02682 0.3817 -6.388
v -0.02673 0.3815 -6.453
v -0.2091 0.3808 -6.453
v -0.1084 0.4185 -6.456
v -0.04182 0.4189 -6.456
v -0.06786 0.3907 -6.575
v -0.04182 0.4189 -6.456
v -0.03428 0.4368 -6.407
v -0.004821 0.4191 -6.456
v 0.09874 0.4194 -6.455
v 0.1411 0.3343 -6.713
v 0.05881 0.3912 -6.575
v -0.004186 0.3586 -6.716
v -0.1493 0.3331 -6.713
v -0.1884 0.3949 -6.454
v -0.2451 0.3606 -6.451
v -0.2242 0.3993 -6.43
v -0.2233 0.4588 -6.341
v -0.2478 0.4279 -6.341
v -0.2646 0.4242 -6.215
v -0.272 0.2508 -6.704
v -0.3536 0.1281 -6.691
v -0.2819 0.0607 -7.064
v -0.2168 0.1586 -7.074
v -0.1189 0.2242 -7.082
v -0.003183 0.2476 -7.084
v 0.1127 0.2252 -7.081
v -0.002125 0.1231 -7.451
v 0.08063 0.1071 -7.449
v 0.08729 -0.04278 -7.813
v 0.1509 0.06081 -7.443
v 0.2111 0.1603 -7.074
v 0.198 -0.008696 -7.436
v 0.2148 -0.09082 -7.427
v 0.1986 -0.1731 -7.418
v 0.1521 -0.2429 -7.41
v 0.1148 -0.3304 -7.02
v -0.0007919 -0.3537 -7.017
v -0.1166 -0.3313 -7.02
v -0.1463 -0.3634 -6.636
v -0.08313 -0.2904 -7.405
v -0.0004162 -0.3064 -7.403
v 0.08216 -0.2897 -7.405
v 0.08797 -0.2181 -7.794
v -5.952E-05 -0.2548 -7.79
v -0.009433 -0.1936 -8.177
v 0.0002752 -0.1976 -8.177
v 0.009952 -0.1935 -8.177
v 0.01963 -0.1895 -8.178
v 0.1242 -0.1303 -7.803
v 0.02758 -0.1702 -8.18
v 0.01948 -0.151 -8.182
v -0.4754 0.1318 -6.089
v -0.5407 0.1447 -5.6
v -0.5248 0.06774 -5.602
v -0.4976 0.001677 -5.601
v -0.4477 -0.09007 -5.6
v -0.4707 -0.0457 -5.263
v -0.4072 -0.151 -5.266
v -0.3677 -0.2097 -5.266
v -0.362 -0.2052 -4.928
v -0.3241 -0.2967 -4.27
v -0.2803 -0.3884 -3.215
v -0.2074 -0.447 -3.216
v -0.1255 -0.4757 -3.217
v -0.004383 -0.4668 -4.269
v -0.00414 -0.4622 -4.446
v -0.004333 -0.4659 -4.306
v 0.1137 -0.4747 -3.217
v 0.1953 -0.4453 -3.216
v 0.2592 -0.3736 -4.269
v 0.3049 -0.2948 -5.205
v 0.3598 -0.2067 -5.265
v 0.3987 -0.1476 -5.265
v 0.4614 -0.04184 -5.261
v 0.4397 -0.08639 -5.599
v 0.4889 0.005763 -5.599
v 0.5155 0.07205 -5.6
v 0.5679 0.1402 -5.268
v 0.6205 0.1973 -4.924
v 0.5387 0.08047 -5.267
v 0.5898 0.1501 -4.925
v 0.6494 0.1926 -4.602
v 0.6756 0.2398 -4.602
v 0.6966 0.2869 -4.602
v 0.7759 0.377 -4.27
v 0.7647 0.4271 -4.271
v 0.7447 0.4728 -4.271
v 0.7111 0.5181 -4.269
v 0.6124 0.5071 -4.603
v 0.5337 0.5044 -4.924
v 0.4497 0.509 -5.269
v 0.5045 0.5425 -4.924
v 0.4298 0.5754 -5.147
v 0.3856 0.6291 -5.148
v 0.2446 0.5932 -5.695
v 0.2225 0.6005 -5.735
v 0.2194 0.6015 -5.74
v 0.2098 0.6046 -5.757
v 0.3554 1.107 -4.613
v 0.255 1.21 -4.658
v 0.1767 0.6274 -5.781
v 0.1011 0.5364 -6.126
v 0.0896 0.6626 -5.808
v -0.006825 0.6753 -5.818
v -0.01108 1.305 -4.701
v -0.1032 0.6618 -5.809
v -0.1507 1.279 -4.69
v -0.19 0.6259 -5.781
v -0.2765 1.208 -4.659
v -0.2005 0.6186 -5.774
v -0.1127 0.5355 -6.126
v -0.005863 0.5532 -6.127
v 0.08917 0.5187 -6.168
v -0.005717 0.5329 -6.169
v -0.1126 0.5173 -6.17
v -0.2029 0.4891 -6.166
v -0.2015 0.5005 -6.123
v -0.2725 0.4501 -6.119
v -0.2579 0.5912 -5.695
v -0.4008 0.6258 -5.149
v -0.4446 0.5717 -5.148
v -0.4635 0.5052 -5.27
v -0.5485 0.5 -4.926
v -0.5197 0.5383 -4.926
v -0.6282 0.502 -4.605
v -0.6703 0.4495 -4.605
v -0.7 0.4001 -4.605
v -0.6861 0.3291 -4.741
v -0.7809 0.4207 -4.273
v -0.9005 0.4428 -3.868
v -1.022 0.4384 -3.464
v -1.091 0.5125 -3.197
v -1.019 0.4764 -3.464
v -1.009 0.5113 -3.464
v -0.8832 0.483 -3.868
v -0.7612 0.4666 -4.273
v -0.728 0.5121 -4.271
v -0.847 0.5211 -3.868
v -0.9881 0.5388 -3.465
v -1.07 0.5625 -3.19
v -1.08 0.5376 -3.21
v -1.264 0.5551 -2.968
v -1.263 0.4839 -2.963
v -1.249 0.4628 -2.949
v -1.246 0.4805 -2.839
v -1.234 0.4703 -2.842
v -1.096 0.4512 -3.148
v -1.174 0.5017 -2.352
v -1.181 0.5135 -2.319
v -1.246 0.573 -2.844
v -1.249 0.5767 -2.956
v -1.145 0.5822 -2.943
v -1.234 0.583 -2.847
v -1.172 0.6078 -2.355
v -1.181 0.5964 -2.319
v -1.169 0.5915 -1.463
v -1.186 0.5661 -2.601
v -1.172 0.5631 -1.405
v -1.16 0.6216 -1.303
v -1.135 0.6558 -1.183
v -1.116 0.6729 -1.312
v -1.149 0.6244 -1.46
v -1.068 0.6995 -1.313
v -1.081 0.7028 -1.006
v -1.155 0.6387 -1.009
v -1.181 0.6343 -0.744
v -1.273 0.523 -0.7347
v -1.276 0.5196 -0.4228
v -1.183 0.6287 -0.4231
v -1.087 0.7093 -0.7566
v -1.078 0.7111 -0.4231
v -1.031 0.6843 0.4881
v -1 0.665 1.52
v -0.855 0.7336 2.554
v -0.7254 0.7955 2.554
v -0.5847 0.8267 2.554
v -0.5686 0.8413 3.505
v -0.4254 0.8395 3.505
v -0.3785 0.8339 3.505
v -0.3364 0.8391 4.456
v -0.3218 0.8248 4.82
v -0.3738 0.8196 5.305
v -0.2691 0.7812 5.304
v -0.2638 0.7519 5.563
v -0.2033 0.7838 5.671
v -0.2461 0.7025 5.672
v -0.1785 0.7439 5.672
v -0.2318 0.6995 5.977
v -0.1975 0.6703 5.979
v -0.07568 0.4674 5.667
v -0.07568 0.4674 5.667
v -0.05117 0.3166 5.667
v -0.05117 0.3166 5.667
v -0.07444 0.1657 5.668
v -0.05117 0.3166 5.667
v -0.06286 0.4621 6.118
v 0.02398 0.1537 6.119
v 0.0796 0.05818 6.119
v -0.1234 0.05734 6.119
v -0.1233 0.04466 6.083
v 0.0797 0.0455 6.084
v 0.1305 -0.01614 5.962
v -0.1732 -0.0174 5.961
v -0.07569 0.4674 5.667
v -0.2176 0.2661 5.755
v -0.219 0.2657 5.755
v -0.8569 0.364 5.765
v -0.8274 0.4602 5.764
v -0.8261 0.4602 5.764
v -0.7333 0.5206 5.964
v -0.7922 0.4387 5.965
v -0.8583 0.3636 5.765
v -1.017 0.3129 5.767
v -0.8565 0.2631 5.765
v -0.8564 0.263 5.765
v -0.8575 0.2623 5.765
v -0.9926 0.165 5.767
v -0.8257 0.1659 5.765
v -0.7652 0.0857 5.764
v -0.7798 0.1056 5.764
v -0.794 0.125 5.764
v -0.8249 0.1671 5.765
v -0.7652 0.08568 5.764
v -0.5724 0.03231 5.963
v -0.6685 0.06311 5.964
v -0.7316 0.1085 5.965
v -0.7912 0.1899 5.966
v -0.8159 0.3647 5.966
v -0.8155 0.2637 5.966
v -1.003 0.1619 5.683
v -1.027 0.3126 5.683
v -1.027 0.3126 5.683
v -1.064 0.3642 5.327
v -1.087 0.2879 5.326
v -1.137 0.3473 4.824
v -1.174 0.2832 4.823
v -1.158 0.3766 4.457
v -1.193 0.3161 4.458
v -1.232 0.2424 4.824
v -1.326 0.2309 4.456
v -1.345 0.06188 3.822
v -1.31 0.07641 4.865
v -1.398 0.1688 4.345
v -1.414 0.2357 3.822
v -1.481 0.2079 3.822
v -1.498 0.2036 3.822
v -1.557 0.188 3.822
v -1.474 0.1474 4.343
v -2.876 0.1194 3.846
v -2.877 0.0574 3.774
v -2.875 0.01317 3.825
v -1.557 0.1137 3.749
v -1.495 0.03453 3.822
v -1.488 0.0343 3.822
v -1.471 0.05238 4.238
v -1.399 0.05405 4.218
v -1.428 0.02904 3.823
v -1.356 0.1453 3.703
v -1.495 0.03427 3.822
v -2.875 -0.00423 3.845
v -2.875 0.02049 3.845
v -2.876 0.04091 4.723
v -5.088 -0.0457 4.257
v -5.086 -0.003114 4.257
v -5.169 -0.03825 3.845
v -5.093 -0.01658 4.527
v -1.343 0.01845 3.822
v -1.421 0.02848 3.823
v -1.428 0.02845 3.823
v -1.457 -0.03217 2.316
v -1.562 -0.0006099 2.316
v -1.666 0.01892 2.316
v -3.962 -0.0491 2.371
v -4.094 -0.05537 2.475
v -4.484 -0.07531 2.596
v -4.77 -0.09112 2.917
v -4.838 -0.09482 2.992
v -4.874 -0.09684 3.033
v -4.963 -0.1009 2.954
v -4.882 -0.0617 2.991
v -4.926 -0.09887 2.913
v -4.491 -0.04017 2.554
v -4.447 -0.07329 2.555
v -4.277 -0.06315 2.334
v -4.002 -0.05028 2.372
v -4.05 -0.05138 2.111
v -4.057 -0.01624 2.069
v -4.101 -0.05341 1.991
v -3.747 -0.03388 1.595
v -4.013 -0.04936 2.07
v -3.775 -0.03625 1.804
v -4.16 -0.0606 2.203
v -4.276 -0.06704 2.334
v -4.16 -0.04222 2.203
v -4.277 -0.04865 2.334
v -4.095 -0.0396 2.474
v -4.003 -0.03451 2.371
v -3.659 -0.02983 1.674
v -3.642 -0.02892 1.656
v -3.666 0.005309 1.632
v -1.079 0.1097 5.68
v -1.045 0.2301 5.68
v -0.933 0.02608 5.682
v -1.129 0.2256 5.326
v -1.195 0.1898 5.326
v -1.309 0.2074 4.821
v -1.281 0.1662 5.326
v -1.252 0.1345 5.68
v -1.252 0.1136 5.68
v -1.162 0.1152 5.68
v -1.095 0.1785 5.68
v -1.077 0.1968 5.68
v -1.165 0.145 5.68
v -0.2539 0.367 5.957
v -0.2535 0.2661 5.957
v -0.1775 0.658 6.119
v -0.08979 0.7376 5.978
v -0.1177 0.7708 5.977
v -0.08423 0.812 6.477
v -0.05438 0.7895 6.478
v -0.0759 1.087 6.467
v -0.09933 0.8341 6.475
v -0.1216 0.8666 6.473
v -0.1622 0.8249 5.981
v -0.177 0.8054 5.827
v -0.2213 0.7989 5.304
v -0.243 0.779 5.304
v -0.2541 0.8261 4.821
v -0.2726 0.8138 4.822
v -0.2844 0.8267 4.457
v -0.3064 0.8282 4.457
v -0.2918 0.8262 4.156
v -0.3391 0.822 3.506
v -0.3931 0.8255 3.03
v -0.4605 0.8294 2.554
v -0.5989 0.8462 1.521
v -0.7417 0.8058 1.521
v -0.7605 0.8299 0.4886
v -0.9133 0.7636 0.4886
v -0.9489 0.7776 -0.4229
v -0.9567 0.7714 -0.7768
v -0.9535 0.7569 -1.313
v -0.8086 0.8171 -0.7929
v -0.7697 0.8332 -0.4229
v -0.6222 0.8602 -0.4228
v -0.6117 0.8588 0.4885
v -0.4889 0.849 1.521
v -0.3682 0.8229 2.554
v -0.3035 0.8281 3.505
v -0.2715 0.8512 4.155
v -0.2995 0.8432 3.239
v -0.3205 0.833 2.554
v -0.2932 0.8696 2.554
v -0.2987 0.8908 1.522
v -0.2704 0.9501 2.554
v -0.2731 0.9497 1.521
v -0.3231 0.9073 0.4886
v -0.2829 0.9505 0.488
v -0.3643 0.8944 -0.8017
v -0.309 0.9468 -0.8042
v -0.3204 0.9704 -1.311
v -0.371 0.9021 -1.311
v -0.3435 0.9961 -2.03
v -0.2535 1.089 -2.03
v -0.2593 1.107 -2.231
v -0.143 1.174 -2.183
v -0.1411 1.154 -2.03
v -0.2077 1.1 -1.87
v -0.2327 1.037 -1.314
v -0.2271 1.01 -0.806
v -0.2184 1.004 0.4887
v -0.2192 1.005 1.521
v -0.2293 1.005 2.554
v -0.2381 1.005 2.996
v -0.2778 0.9385 2.991
v -0.2917 0.8753 3.059
v -0.3178 0.8688 3.222
v -0.1449 0.9041 3.092
v -0.241 0.8303 3.279
v -0.2894 0.9063 3.425
v -0.2658 0.9598 4.153
v -0.2772 0.9645 3.449
v -0.1814 0.8603 3.307
v -0.1445 0.9222 3.314
v -0.2398 1.012 3.399
v -0.1442 0.9925 3.296
v -0.1763 1.039 3.264
v -0.1983 1.046 3.249
v -0.1757 1.038 3.063
v -0.0216 1.039 3.16
v -0.1633 1.043 4.153
v -0.1827 1.036 3.278
v -0.2247 1.013 4.154
v -0.1936 1.027 5.098
v -0.1376 1.055 5.098
v -0.1044 1.076 5.979
v -0.148 1.051 5.98
v -0.229 0.9832 5.098
v -0.2279 0.8628 5.106
v -0.2086 0.841 5.423
v -0.1774 0.888 5.98
v -0.1767 1.01 5.979
v -0.12 1.066 6.467
v -0.1443 1.025 6.468
v -0.1441 0.9834 6.469
v -0.1439 0.931 6.471
v -0.1319 0.8962 6.472
v -0.0902 1.08 6.467
v 0.05261 1.076 5.98
v 0.02247 1.087 6.467
v 0.04472 1.077 6.467
v 0.06677 1.067 6.467
v 0.07007 0.8674 6.473
v 0.0806 0.8987 6.472
v 0.1124 0.826 5.981
v 0.06835 0.7716 5.977
v 0.1303 0.7452 5.672
v 0.1831 0.7012 5.978
v 0.04106 0.8243 6.476
v 0.1271 0.8893 5.981
v 0.1804 0.8645 5.107
v 0.2269 0.8533 4.156
v 0.2392 0.8289 4.457
v 0.2611 0.8306 4.458
v 0.291 0.8417 4.456
v 0.2755 0.8273 4.821
v 0.3383 0.8408 4.821
v 0.4969 0.8485 4.822
v 0.6435 0.7838 5.678
v 0.8085 0.7631 4.822
v 0.8187 0.7724 4.457
v 0.6684 0.8199 4.822
v 0.6767 0.8298 4.456
v 0.6788 0.8176 3.506
v 0.5034 0.853 4.457
v 0.3479 0.8497 4.457
v 0.336 0.8369 3.506
v 0.2967 0.8246 3.507
v 0.2475 0.8285 4.157
v 0.2611 0.8305 3.506
v 0.254 0.8581 3.272
v 0.2532 0.8719 2.555
v 0.2404 0.9535 3.16
v 0.2298 0.9522 2.555
v 0.2616 0.8931 1.522
v 0.2355 0.9518 1.522
v 0.2889 0.9098 0.4895
v 0.2483 0.9527 0.4888
v 0.334 0.8973 -0.8007
v 0.2782 0.9492 -0.8033
v 0.1834 1.006 0.4893
v 0.1811 1.006 1.522
v 0.1002 1.033 1.522
v 0.1182 1.037 2.554
v -0.01917 1.038 1.522
v -0.01911 1.039 1.478
v -0.0189 1.039 1.333
v -0.01766 1.041 0.4889
v 0.09665 1.03 0.4891
v -0.01584 1.065 -0.805
v -0.1319 1.029 0.4888
v -0.1385 1.033 1.521
v -0.1596 1.036 2.554
v -0.2402 1.058 3.222
v -0.2997 1.028 3.193
v -0.3366 0.9658 3.187
v -0.3369 0.8955 3.204
v -0.02069 1.036 2.554
v 0.1356 1.04 3.16
v 0.1171 1.044 4.153
v 0.0885 1.056 5.098
v 0.1448 1.028 5.098
v 0.09642 1.052 5.981
v 0.1254 1.011 5.98
v 0.1806 0.9849 5.099
v 0.2203 0.9619 4.154
v 0.1788 1.014 4.154
v 0.2006 1.013 3.16
v 0.1882 1.007 2.555
v 0.09146 1.026 6.468
v 0.07305 1.056 6.468
v 0.09167 0.9737 6.47
v 0.09184 0.932 6.472
v -0.1287 1.048 -0.8051
v -0.01522 1.094 -1.313
v -0.01579 1.067 -0.8471
v 0.09719 1.049 -0.8048
v 0.1958 1.011 -0.8054
v 0.291 0.9729 -1.311
v 0.3421 0.9051 -1.31
v 0.316 0.9988 -2.029
v 0.2313 1.084 -2.029
v 0.2315 1.109 -2.23
v 0.3254 1.012 -2.3
v 0.2463 1.251 -3.231
v 0.3449 1.144 -3.27
v 0.2477 1.264 -3.326
v 0.3468 1.157 -3.364
v 0.2566 1.324 -3.96
v 0.3571 1.211 -3.972
v 0.3543 1.218 -4.172
v 0.4191 1.084 -4.161
v 0.4195 1.056 -4.336
v 0.3547 1.186 -4.369
v 0.4199 1.016 -4.489
v 0.3552 1.139 -4.542
v 0.4156 1.002 -4.526
v 0.3553 1.123 -4.577
v 0.2548 1.243 -4.586
v 0.2627 1.218 -4.619
v 0.2549 1.226 -4.622
v 0.1287 1.28 -4.69
v 0.1286 1.297 -4.653
v 0.01573 1.317 -4.662
v -0.01121 1.322 -4.664
v -0.01133 1.339 -4.628
v -0.1508 1.296 -4.654
v -0.1242 1.317 -4.619
v -0.151 1.312 -4.617
v -0.01189 1.399 -4.42
v -0.1515 1.371 -4.414
v -0.2768 1.241 -4.587
v -0.2773 1.294 -4.397
v -0.2831 1.234 -4.584
v -0.3763 1.12 -4.578
v -0.2767 1.224 -4.623
v -0.3762 1.104 -4.614
v -0.2231 0.6028 -5.758
v -0.2347 0.5989 -5.737
v -0.2373 0.5981 -5.732
v -0.4314 0.9846 -4.564
v -0.2945 0.6306 -5.472
v -0.3473 0.6873 -5.151
v -0.3473 0.6873 -5.151
v -0.4436 0.763 -4.563
v -0.4436 0.763 -4.563
v -0.4455 0.8488 -4.505
v -0.4575 0.7753 -4.432
v -0.5116 0.6833 -4.397
v -0.4946 0.6629 -4.605
v -0.5143 0.628 -4.605
v -0.5632 0.5746 -4.605
v -0.6082 0.6112 -4.271
v -0.7152 0.6194 -3.87
v -0.8223 0.6276 -3.468
v -0.9837 0.6317 -2.942
v -1.177 0.5976 -2.604
v -1.008 0.6534 -2.601
v -0.8472 0.7052 -2.601
v -0.8313 0.7948 -1.313
v -0.6272 0.851 -0.8054
v -0.5353 0.8642 -0.4227
v -0.5116 0.8619 0.4886
v -0.4193 0.8651 0.4883
v -0.4011 0.8405 1.521
v -0.3452 0.8492 1.522
v -0.3625 0.8774 0.4883
v -0.4303 0.8735 -0.8047
v -0.5304 0.8599 -0.8053
v -0.5361 0.8423 -1.312
v -0.6349 0.8315 -1.31
v -0.6405 0.749 -2.603
v -0.6437 0.7258 -2.943
v -0.8429 0.6765 -2.942
v -0.625 0.6851 -3.466
v -0.5526 0.7098 -3.465
v -0.5489 0.7528 -2.943
v -0.5329 0.773 -2.603
v -0.5016 0.8143 -2.029
v -0.4311 0.8678 -1.312
v -0.4496 0.8411 -2.03
v -0.4574 0.8371 -2.029
v -0.4796 0.8051 -2.601
v -0.5039 0.7817 -2.942
v -0.5129 0.7482 -3.464
v -0.5476 0.6594 -4.271
v -0.5772 0.6319 -4.271
v -0.5355 0.6487 -4.384
v -0.5256 0.6631 -4.39
v -0.5224 0.6947 -4.271
v -0.4693 0.7551 -4.425
v -0.4714 0.7876 -4.295
v -0.4607 0.8725 -4.429
v -0.4546 0.8317 -4.455
v -0.4531 0.8606 -4.467
v -0.4358 0.9987 -4.527
v -0.3764 1.136 -4.543
v -0.3769 1.183 -4.37
v -0.4402 1.013 -4.49
v -0.4622 0.9156 -4.3
v -0.4626 0.9356 -4.151
v -0.4658 0.9326 -4.006
v -0.4567 0.891 -3.458
v -0.4568 0.8279 -3.561
v -0.4516 0.8409 -3.306
v -0.4125 0.894 -2.384
v -0.3988 0.8938 -2.03
v -0.3982 0.895 -2.03
v -0.3522 1.009 -2.301
v -0.2724 1.248 -3.232
v -0.37 1.141 -3.271
v -0.2736 1.262 -3.327
v -0.1502 1.336 -3.3
v -0.1496 1.322 -3.205
v -0.01341 1.364 -3.291
v -0.01349 1.349 -3.195
v 0.1228 1.324 -3.204
v 0.1145 1.175 -2.182
v -0.01439 1.198 -2.165
v 0.1123 1.155 -2.03
v -0.01451 1.179 -2.03
v -0.02877 1.177 -2.03
v -0.1391 1.137 -1.87
v -0.1385 1.046 -2.021
v -0.2071 1.008 -2.021
v -0.2004 0.9781 -1.729
v -0.2012 1.075 -1.578
v -0.1349 1.009 -1.73
v -0.1355 1.106 -1.578
v -0.1322 1.077 -1.313
v -0.01495 1.126 -1.578
v 0.1019 1.078 -1.312
v 0.2027 1.039 -1.313
v 0.2252 1.091 -2.029
v 0.1788 1.101 -1.87
v 0.1717 1.076 -1.578
v 0.1722 0.9796 -1.728
v 0.1794 1.01 -2.02
v 0.1064 1.01 -1.729
v 0.1057 1.107 -1.578
v -0.01433 1.029 -1.729
v -0.004155 1.124 -1.578
v -0.0149 1.126 -1.578
v -0.01467 1.16 -1.87
v -0.013 1.16 -1.87
v -0.005141 1.159 -1.87
v 0.11 1.138 -1.87
v 0.1106 1.047 -2.021
v -0.01407 1.069 -2.022
v -0.02418 1.159 -1.87
v -0.02574 1.124 -1.578
v -0.02368 1.017 -1.724
v 0.1236 1.337 -3.3
v 0.1302 1.401 -3.952
v -0.01271 1.429 -3.95
v -0.1554 1.4 -3.953
v -0.2811 1.322 -3.961
v -0.2777 1.327 -4.182
v -0.3773 1.215 -4.174
v -0.152 1.404 -4.187
v -0.01237 1.432 -4.189
v 0.1279 1.372 -4.414
v 0.1275 1.405 -4.187
v 0.2538 1.329 -4.181
v 0.2543 1.296 -4.396
v 0.1285 1.314 -4.617
v -0.4406 1.053 -4.337
v -0.441 1.081 -4.163
v -0.3807 1.208 -3.973
v -0.4443 1.074 -3.989
v -0.4349 1.026 -3.41
v -0.4533 0.8843 -3.361
v -0.4568 0.8612 -3.507
v -0.4568 0.8554 -3.516
v -0.4527 0.8685 -3.341
v -0.452 0.8495 -3.317
v -0.4358 0.996 -3.324
v -0.4329 1.014 -3.317
v -0.3777 1.142 -3.369
v -0.3742 1.149 -3.367
v -0.4055 1.103 -3.534
v -0.3717 1.154 -3.365
v -0.4082 1.097 -3.538
v -0.4142 1.086 -3.548
v -0.4224 1.068 -3.54
v -0.004899 1.017 -1.724
v 0.4114 0.9881 -4.563
v 0.3316 0.6901 -5.149
v 0.4255 0.7666 -4.561
v 0.4255 0.7666 -4.561
v 0.4775 0.6669 -4.604
v 0.4937 0.6875 -4.396
v 0.4389 0.779 -4.431
v 0.4265 0.8524 -4.504
v 0.4147 0.959 -4.55
v 0.4135 0.9697 -4.555
v 0.4339 0.8643 -4.466
v 0.4334 0.8684 -4.468
v 0.4413 0.8762 -4.428
v 0.4421 0.9194 -4.298
v 0.4418 0.9393 -4.149
v 0.4447 0.9363 -4.005
v 0.4219 1.077 -3.988
v 0.3904 1.089 -3.547
v 0.3815 1.106 -3.533
v 0.353 1.145 -3.368
v 0.4112 1.03 -3.409
v 0.3988 1.071 -3.539
v 0.4343 0.8947 -3.457
v 0.4523 0.7915 -4.294
v 0.4387 0.7831 -4.432
v 0.504 0.6989 -4.27
v 0.4352 0.8316 -3.56
v 0.4306 0.8879 -3.36
v 0.409 1.018 -3.316
v 0.3869 0.8973 -2.383
v 0.3721 0.897 -2.029
v 0.4234 0.8447 -2.028
v 0.4554 0.8089 -2.599
v 0.4809 0.7858 -2.941
v 0.5261 0.7573 -2.942
v 0.509 0.7773 -2.601
v 0.4756 0.8183 -2.027
v 0.4025 0.8713 -1.31
v 0.4002 0.8769 -0.8035
v 0.3285 0.8803 0.4893
v 0.3085 0.8519 1.523
v 0.2808 0.8355 2.555
v 0.3286 0.8258 2.555
v 0.3521 0.8286 3.031
v 0.3829 0.8428 3.506
v 0.526 0.8459 3.506
v 0.4208 0.833 2.555
v 0.4522 0.8529 1.523
v 0.5621 0.851 1.523
v 0.545 0.8314 2.556
v 0.7052 0.8117 1.524
v 0.8802 0.771 0.4913
v 0.9983 0.6927 0.4911
v 1.114 0.6025 0.4917
v 1.227 0.5144 0.4921
v 1.319 0.4322 1.537
v 1.296 0.4276 1.851
v 1.291 0.4205 2.07
v 1.321 0.372 2.558
v 1.315 0.28 3.826
v 1.285 0.2417 4.46
v 1.191 0.2525 4.828
v 1.132 0.2927 4.827
v 1.086 0.2348 5.33
v 1.043 0.2967 5.329
v 1.095 0.3566 4.828
v 1.001 0.2386 5.683
v 0.9616 0.09285 5.683
v 0.9672 0.09476 5.683
v 1.192 -0.02902 3.828
v 1.094 -0.08835 3.829
v 0.8907 0.03363 5.685
v 1.11 -0.2942 2.318
v 1.093 -0.3466 1.68
v 0.9888 -0.4266 1.756
v 0.9908 -0.4292 1.687
v 1.081 -0.3857 1.213
v 1.102 -0.4098 0.7632
v 1.003 -0.4812 0.7646
v 1.004 -0.5456 -0.4665
v 0.8163 -0.6104 -0.4658
v 0.6347 -0.616 -1.276
v 0.5127 -0.6036 -1.233
v 0.3701 -0.5458 -1.117
v 0.2359 -0.4928 -1.034
v 0.2072 -0.497 -0.7673
v 0.1864 -0.497 -0.7674
v -0.007011 -0.4846 -2.441
v -0.05358 -0.4848 -2.441
v -0.2053 -0.4987 -0.7679
v -0.1736 -0.4843 -2.443
v -0.2345 -0.4852 -1.322
v -0.2488 -0.4741 -1.268
v -0.2523 -0.4621 -1.444
v -0.2667 -0.4502 -1.362
v -0.3182 -0.3683 -1.837
v -0.2285 -0.4508 -2.962
v -0.306 -0.3731 -2.962
v -0.3422 -0.284 -3.11
v -0.3263 -0.2942 -4.039
v -0.3836 -0.1722 -4.271
v -0.4258 -0.1062 -4.928
v -0.4938 -0.001327 -4.925
v -0.4603 -0.01998 -4.271
v -0.4147 -0.1238 -2.963
v -0.3404 -0.317 -2.181
v -0.3504 -0.2942 -2.183
v -0.4305 -0.1188 -2.655
v -0.5259 0.02852 -2.963
v -0.5564 0.0897 -4.271
v -0.6626 0.1872 -4.604
v -0.6017 0.1451 -4.927
v -0.549 0.07596 -5.269
v -0.5787 0.1355 -5.269
v -0.6329 0.1921 -4.925
v -0.6892 0.2341 -4.604
v -0.7361 0.226 -4.272
v -0.9609 0.2521 -2.965
v -0.9352 0.2938 -3.464
v -1.011 0.3167 -3.13
v -1.051 0.2971 -2.94
v -1.117 0.3468 -2.942
v -1.096 0.3308 -2.475
v -0.9659 0.2721 -2.362
v -0.6825 0.1265 -2.964
v -0.711 0.1391 -2.659
v -0.7107 0.1332 -2.633
v -0.6673 0.1117 -2.687
v -0.6693 0.1056 -2.653
v -0.6806 0.09408 -2.635
v -0.6487 0.1019 -2.595
v -0.6374 0.09204 -2.659
v -0.7381 -0.002367 -2.667
v -0.7748 0.01753 -2.651
v -0.717 0.115 -2.618
v -0.9129 0.2181 -2.296
v -0.9501 0.1433 -2.317
v -0.9616 0.1254 -2.315
v -0.9913 0.1222 -2.31
v -1.156 0.2235 -1.888
v -1.201 0.2349 -1.895
v -1.236 0.2629 -1.675
v -1.302 0.264 -1.477
v -1.25 0.2847 -1.546
v -1.259 0.2981 -1.465
v -1.318 0.2885 -1.341
v -1.368 0.2351 -1.339
v -1.342 0.2242 -1.498
v -1.381 0.1605 -1.543
v -1.302 0.148 -1.915
v -1.26 0.05093 -2.332
v -1.241 0.1156 -2.319
v -1.132 0.06087 -2.907
v -1.209 0.1744 -2.308
v -1.276 0.1994 -1.91
v -1.241 0.2278 -1.903
v -1.143 0.1981 -2.302
v -1.112 0.1812 -2.516
v -1.181 0.1956 -2.307
v -1.116 0.1001 -2.9
v -1.095 0.1251 -2.895
v -1.083 0.09135 -2.868
v -1.103 0.04038 -2.876
v -1.023 0.06381 -2.066
v -1.002 0.07838 -2.066
v -1.053 0.1257 -2.868
v -1.081 0.1389 -2.891
v -1.074 0.145 -2.889
v -1.116 0.1755 -2.547
v -1.069 0.163 -2.889
v -1.043 0.1504 -2.901
v -1.014 0.1352 -2.883
v -1.027 0.1486 -3.113
v -1.07 0.1703 -3.066
v -1.098 0.1837 -2.994
v -1.068 0.1778 -3.065
v -1.096 0.1912 -2.994
v -1.025 0.1561 -3.113
v -1.115 0.194 -2.804
v -1.117 0.1865 -2.805
v -1.116 0.1743 -2.518
v -0.9672 0.1294 -3.138
v -0.6802 -0.01766 -3.176
v -0.7091 -0.02474 -2.547
v -0.6018 -0.07482 -3.174
v -0.629 -0.08256 -2.574
v -0.5756 -0.1637 -2.534
v -0.5463 -0.1565 -3.173
v -0.6074 -0.08065 -3.175
v -0.5524 -0.1615 -3.174
v -0.66 -0.07476 -2.437
v -0.6181 -0.1362 -2.439
v -0.2892 0.2521 -0.6838
v -0.2438 0.02569 -0.6694
v -0.5126 -0.3318 -2.127
v -0.408 -0.4614 -2.842
v -0.3836 -0.4818 -3.121
v -0.3842 -0.4966 -2.876
v -0.3403 -0.5452 -3.085
v -0.3768 -0.4772 -3.119
v -0.4884 -0.3513 -2.197
v -0.4128 -0.4843 -2.223
v -0.4128 -0.4843 -2.223
v -0.4078 -0.5001 -2.273
v -0.4083 -0.5029 -2.226
v -0.4272 -0.5068 -1.749
v -0.4365 -0.4869 -1.747
v -0.4393 -0.4695 -1.743
v -0.4873 -0.3297 -2.193
v -0.5691 -0.1635 -2.645
v -0.473 -0.3204 -2.19
v -0.4035 -0.2744 -2.183
v -0.4784 -0.1186 -2.616
v -0.588 -0.1372 -2.662
v -0.4923 -0.08635 -2.632
v -0.488 -0.04636 -2.593
v -0.4783 -0.07622 -2.652
v -0.4498 -0.1145 -2.627
v -0.4669 -0.06714 -2.697
v -0.4969 -0.03299 -2.657
v -0.3749 -0.2713 -2.186
v -0.3263 -0.377 -1.743
v -0.3525 -0.3841 -1.74
v -0.4299 -0.4487 -1.74
v -0.4378 -0.5231 -1.391
v -0.3973 -0.5012 -1.355
v -0.2825 -0.473 -1.235
v -0.254 -0.4948 -1.034
v -0.3707 -0.5109 -1.235
v -0.437 -0.5495 -1.237
v -0.479 -0.5553 -1.342
v -0.4516 -0.5548 -1.748
v -0.5089 -0.5854 -1.748
v -0.5292 -0.608 -1.234
v -0.3875 -0.549 -1.118
v -0.348 -0.5612 -0.7818
v -0.4333 -0.5778 -0.4619
v -0.6043 -0.624 -0.4655
v -0.651 -0.6213 -1.278
v -0.835 -0.6173 -0.4682
v -0.7244 -0.5927 0.7614
v -0.5754 -0.5908 0.7639
v -0.2195 -0.4951 -0.455
v -0.226 -0.4987 -0.768
v -0.6454 -0.6192 -1.749
v -0.6147 -0.5978 -2.542
v -0.6038 -0.5656 -2.89
v -0.776 -0.5485 -2.91
v -0.9317 -0.4722 -2.933
v -0.9146 -0.4475 -2.897
v -0.9726 -0.2824 -2.065
v -0.8367 -0.001039 -0.6808
v -0.8111 0.1862 -0.6781
v -0.6939 0.3159 -0.6751
v -0.9869 0.08948 -2.068
v -0.7182 -0.03208 -2.439
v -0.9696 0.1219 -3.138
v -0.6841 -0.02443 -3.177
v -0.6841 -0.02444 -3.177
v -0.4842 0.3458 -0.6717
v -0.7301 -0.1612 -0.6834
v -0.8933 -0.3706 -2.065
v -0.7688 -0.5189 -2.875
v -0.7823 -0.4269 -2.064
v -0.5522 -0.2306 -0.6761
v -0.6595 -0.4421 -2.064
v -0.6075 -0.5346 -2.858
v -0.4694 -0.5132 -2.845
v -0.5578 -0.4225 -2.064
v -0.3267 -0.1547 -0.6725
v -0.5226 -0.3992 -2.064
v -0.4311 -0.4943 -2.842
v -0.4143 -0.4778 -2.841
v -0.5091 -0.3714 -2.08
v -0.3979 -0.5037 -2.872
v -0.4137 -0.5215 -2.871
v -0.4093 -0.5096 -2.542
v -0.3794 -0.4943 -2.877
v -0.4283 -0.5186 -1.749
v -0.4278 -0.5342 -2.542
v -0.4551 -0.5424 -2.874
v -0.4725 -0.5589 -2.542
v -0.6038 -0.5656 -2.89
v -0.3273 -0.5793 -2.637
v -0.3222 -0.5733 -2.636
v -0.2794 -0.6122 -2.817
v -0.294 -0.5907 -3.002
v -0.3337 -0.5401 -3.084
v -0.2894 -0.5844 -3.001
v -0.2752 -0.6054 -2.816
v -0.2712 -0.6017 -2.936
v -0.2754 -0.6084 -2.937
v -0.277 -0.5962 -2.957
v -1.421 0.09584 -1.602
v -1.441 0.03838 -1.707
v -1.366 -0.03303 -1.73
v -1.391 -0.05762 -1.383
v -1.506 0.08388 -1.292
v -1.557 0.1072 -1.066
v -1.683 0.1017 -0.8441
v -1.57 0.1412 -0.8758
v -1.572 0.1935 -0.6529
v -1.683 0.1219 -0.7656
v -1.496 0.2305 -0.6765
v -1.437 0.2911 -0.7055
v -1.492 0.1807 -0.9052
v -1.422 0.2589 -0.9462
v -1.474 0.1563 -1.111
v -1.4 0.2442 -1.14
v -1.411 0.1796 -1.326
v -1.455 0.1282 -1.312
v -1.347 0.3184 -1.153
v -1.284 0.3181 -1.35
v -1.261 0.3636 -1.354
v -1.206 0.3239 -1.578
v -1.158 0.4254 -1.588
v -1.114 0.256 -1.884
v -1.074 0.3443 -1.893
v -0.9065 0.2335 -2.299
v -1.302 0.3964 -1.165
v -1.374 0.3404 -0.9714
v -1.13 0.234 -1.882
v -1.22 0.297 -1.575
v -1.803 0.09481 -0.7037
v -1.955 0.06912 -0.551
v -1.956 0.06653 -0.5536
v -1.878 0.0608 -0.4633
v -1.674 0.08368 -0.874
v -0.7168 -0.009983 -2.632
v -0.7727 0.1011 -2.185
v -0.7101 0.1705 -2.18
v -0.61 -0.0007978 -2.169
v -0.6088 -0.1093 -2.629
v -0.5355 -0.1272 -2.165
v -0.4736 -0.06904 -2.159
v -0.5493 0.03608 -2.657
v -0.1268 -0.4773 -3.129
v -0.006016 -0.4792 -3.129
v -0.005893 -0.4776 -3.217
v 0.1147 -0.4763 -3.129
v 0.2157 -0.449 -2.961
v 0.2678 -0.3861 -3.214
v 0.3139 -0.2941 -4.269
v 0.353 -0.2023 -4.927
v 0.416 -0.1028 -4.927
v 0.4831 0.002719 -4.924
v 0.543 0.09425 -4.27
v 0.7216 0.232 -4.27
v 0.7556 0.2771 -4.27
v 0.7699 0.3222 -4.27
v 1.002 0.4036 -3.461
v 1.003 0.4468 -3.461
v 0.883 0.4501 -3.866
v 0.8654 0.4903 -3.866
v 0.8288 0.5281 -3.865
v 0.5905 0.6162 -4.27
v 0.5468 0.5792 -4.603
v 0.4975 0.6322 -4.603
v 0.3316 0.6901 -5.15
v 0.5178 0.6531 -4.383
v 0.5092 0.6654 -4.387
v 0.5295 0.6638 -4.27
v 0.4917 0.7524 -3.463
v 0.4292 0.8445 -3.305
v 0.5317 0.7143 -3.464
v 0.6211 0.7311 -2.941
v 0.6167 0.7542 -2.601
v 0.6066 0.8366 -1.308
v 0.5078 0.8466 -1.31
v 0.5004 0.8642 -0.8037
v 0.5041 0.8685 -0.4212
v 0.3854 0.8685 0.4895
v 0.3644 0.8436 1.523
v 0.4777 0.866 0.4901
v 0.5779 0.8638 0.4903
v 0.7269 0.836 0.4908
v 0.9184 0.7853 -0.4201
v 1.048 0.7199 -0.42
v 1.154 0.6384 -0.4196
v 1.248 0.53 -0.419
v 1.152 0.6439 -0.7406
v 1.058 0.7182 -0.7534
v 1.127 0.6482 -1.006
v 1.052 0.7116 -1.003
v 0.9273 0.7792 -0.774
v 1.041 0.7082 -1.31
v 0.9258 0.7646 -1.311
v 0.7789 0.8237 -0.7906
v 0.8034 0.8016 -1.311
v 0.5973 0.8561 -0.8036
v 0.591 0.8653 -0.421
v 0.7388 0.8394 -0.4207
v 0.8238 0.7122 -2.599
v 0.9851 0.6617 -2.598
v 1.154 0.6073 -2.601
v 1.148 0.6174 -2.351
v 1.089 0.682 -1.309
v 1.108 0.665 -1.18
v 1.163 0.5994 -1.179
v 1.134 0.6311 -1.299
v 1.123 0.6339 -1.457
v 1.158 0.6061 -2.316
v 1.225 0.5833 -2.84
v 1.158 0.5232 -2.315
v 1.143 0.6011 -1.459
v 1.147 0.5727 -1.401
v 1.144 0.507 -1.595
v 1.145 0.4719 -1.949
v 1.124 0.4392 -1.949
v 1.133 0.3833 -2.472
v 1.076 0.3398 -2.472
v 1.086 0.4055 -1.948
v 0.9453 0.2801 -2.359
v 0.9423 0.26 -2.962
v 0.6649 0.1321 -2.962
v 0.5091 0.03281 -2.962
v 0.4478 -0.01622 -4.27
v 0.3724 -0.1691 -4.27
v 0.3993 -0.1204 -2.962
v 0.414 -0.1153 -2.654
v 0.5315 0.04055 -2.656
v 0.6924 0.1449 -2.657
v 0.9099 0.2778 -2.318
v 0.8924 0.2681 -2.311
v 0.6921 0.139 -2.631
v 0.649 0.1171 -2.685
v 0.651 0.1111 -2.652
v 0.6192 0.09724 -2.657
v 0.6303 0.1072 -2.594
v 0.6624 0.09964 -2.633
v 0.6985 0.1209 -2.616
v 0.7573 0.02388 -2.649
v 0.7207 0.003675 -2.664
v 0.6994 -0.004118 -2.629
v 0.753 0.1074 -2.182
v 0.5912 0.004178 -2.167
v 0.5922 -0.1044 -2.627
v 0.5177 -0.1228 -2.163
v 0.4708 -0.04238 -2.591
v 0.4553 -0.06519 -2.157
v 0.6899 0.1763 -2.178
v 0.8926 0.2256 -2.294
v 0.8861 0.2409 -2.296
v 1.043 0.3739 -1.893
v 1.05 0.3898 -1.924
v 1.128 0.4797 -1.593
v 1.139 0.5133 -1.493
v 1.149 0.5512 -1.381
v 1.166 0.5145 -1.366
v 1.144 0.4898 -1.483
v 1.125 0.459 -1.588
v 1.134 0.4349 -1.585
v 1.237 0.374 -1.35
v 1.277 0.4071 -1.161
v 1.204 0.5385 -1.176
v 1.23 0.5354 -1.003
v 1.246 0.5334 -0.731
v 1.321 0.439 -0.4148
v 1.331 0.4288 0.4925
v 1.448 0.3579 1.537
v 1.391 0.3727 1.85
v 1.296 0.3473 1.912
v 1.291 0.3398 2.007
v 1.386 0.3649 2.07
v 1.438 0.3207 2.558
v 1.376 0.2472 3.826
v 1.319 0.1564 3.707
v 1.443 0.22 3.826
v 1.359 0.1802 4.349
v 1.269 0.08709 4.868
v 1.31 0.1314 3.826
v 1.307 0.02942 3.826
v 1.36 0.06548 4.222
v 1.307 0.02944 3.826
v 1.384 0.0401 3.827
v 1.451 0.04647 3.827
v 1.391 0.04072 3.827
v 1.52 0.1265 3.754
v 1.458 0.04676 3.827
v 1.52 0.04944 3.827
v 1.433 0.06441 4.242
v 1.52 0.04945 3.827
v 2.838 0.01943 3.854
v 2.84 0.08107 3.783
v 4.676 -0.05043 3.177
v 1.634 0.03259 2.321
v 1.519 0.2008 3.826
v 2.839 0.1431 3.854
v 2.839 0.1431 3.854
v 5.133 0.04207 3.902
v 5.243 0.0372 3.905
v 4.85 0.05044 3.381
v 5.244 0.003013 3.507
v 5.166 0.007081 3.421
v 5.166 -0.01213 3.331
v 5.244 -0.01606 3.418
v 5.166 -0.04507 3.258
v 5.244 -0.04872 3.346
v 5.167 -0.07108 3.235
v 4.302 -0.004482 2.289
v 4.54 -0.04162 2.53
v 4.929 -0.05992 2.968
v 4.893 -0.05821 2.927
v 4.672 -0.04867 2.858
v 4.804 -0.05489 3.006
v 4.841 -0.0566 3.047
v 5.244 -0.07474 3.323
v 5.242 -0.03533 3.903
v 5.131 -0.0328 3.901
v 3.98 -0.006578 3.877
v 5.133 0.004422 3.86
v 5.051 -0.003701 4.272
v 5.048 0.03886 4.272
v 1.59 0.28 2.558
v 1.458 0.0465 3.827
v 1.391 0.04012 3.827
v 1.425 -0.02023 2.32
v 1.314 -0.08768 2.32
v 1.036 0.1184 5.683
v 1.052 0.1873 5.683
v 1.152 0.1995 5.33
v 1.122 0.1545 5.683
v 1.119 0.1246 5.683
v 1.209 0.1238 5.683
v 1.209 0.1447 5.683
v 1.238 0.1766 5.33
v 1.267 0.2181 4.824
v 1.217 -0.1618 2.32
v 1.167 -0.3328 0.7618
v 1.095 -0.3624 1.475
v 1.197 -0.3769 -0.03671
v 1.27 -0.2253 0.759
v 1.31 -0.2356 -0.466
v 1.203 -0.3784 -0.4645
v 1.165 -0.356 -1.748
v 1.251 -0.2152 -1.747
v 1.094 -0.3538 -2.54
v 1.035 -0.5018 -1.747
v 1.115 -0.474 -0.4637
v 1.107 -0.473 -0.2434
v 0.865 -0.5874 -1.746
v 0.6304 -0.6139 -1.747
v 0.4936 -0.5812 -1.747
v 0.4623 -0.5514 -1.34
v 0.4361 -0.5511 -1.747
v 0.4209 -0.5196 -1.39
v 0.4125 -0.5151 -1.747
v 0.4145 -0.5308 -2.541
v 0.3958 -0.5063 -2.541
v 0.4013 -0.5181 -2.87
v 0.3853 -0.5005 -2.871
v 0.4014 -0.4744 -2.84
v 0.3949 -0.4581 -2.84
v 0.3715 -0.4934 -2.875
v 0.3716 -0.4786 -3.119
v 0.3287 -0.5425 -3.084
v 0.322 -0.5374 -3.083
v 0.2778 -0.582 -3.001
v 0.2825 -0.5884 -3.002
v 0.3146 -0.5766 -2.636
v 0.2675 -0.6099 -2.816
v 0.2734 -0.5971 -2.97
v 0.2639 -0.6062 -2.937
v 0.2596 -0.5995 -2.935
v 0.2633 -0.6032 -2.815
v 0.3094 -0.5707 -2.635
v 0.3982 -0.4809 -2.222
v 0.3934 -0.4968 -2.272
v 0.3647 -0.4741 -3.118
v 0.5379 -0.157 -3.172
v 0.5317 -0.152 -3.171
v 0.4726 -0.3473 -2.195
v 0.4204 -0.4833 -1.745
v 0.4113 -0.5033 -1.747
v 0.3938 -0.4996 -2.225
v 0.3667 -0.4912 -2.876
v 0.4231 -0.4659 -1.742
v 0.4713 -0.3258 -2.192
v 0.553 -0.1589 -2.643
v 0.4569 -0.3166 -2.189
v 0.4135 -0.4452 -1.739
v 0.3356 -0.3812 -1.739
v 0.3802 -0.498 -1.354
v 0.2648 -0.4707 -1.235
v 0.3093 -0.3743 -1.742
v 0.2492 -0.448 -1.361
v 0.2312 -0.4721 -1.267
v 0.2351 -0.4601 -1.443
v 0.3014 -0.3657 -1.836
v 0.2926 -0.3707 -2.961
v 0.3285 -0.2812 -3.109
v 0.3154 -0.2915 -4.038
v 0.3242 -0.3142 -2.18
v 0.334 -0.2913 -2.182
v 0.3584 -0.2683 -2.185
v 0.4333 -0.1108 -2.625
v 0.4615 -0.07233 -2.65
v 0.4502 -0.06334 -2.696
v 0.4798 -0.02894 -2.656
v 0.4755 -0.08234 -2.63
v 0.4619 -0.1147 -2.614
v 0.387 -0.2712 -2.182
v 0.5717 -0.1324 -2.661
v 0.2172 -0.4834 -1.321
v 0.1595 -0.4829 -2.443
v 0.03956 -0.4844 -2.441
v 0.3533 -0.5079 -1.234
v 0.4199 -0.546 -1.236
v 0.5592 -0.159 -2.532
v 0.5866 -0.0699 -3.172
v 0.5922 -0.07568 -3.173
v 0.6684 -0.01884 -3.175
v 0.6644 -0.0121 -3.174
v 0.6915 -0.01894 -2.545
v 0.612 -0.07742 -2.572
v 0.9719 0.1304 -2.307
v 0.9501 0.1373 -3.135
v 0.9525 0.1298 -3.136
v 0.9526 0.1298 -3.136
v 0.7004 -0.0262 -2.437
v 0.9958 0.1435 -2.88
v 0.9625 0.1346 -3.131
v 1.01 0.1571 -3.11
v 1.025 0.1589 -2.898
v 1.051 0.1718 -2.886
v 1.056 0.1538 -2.886
v 1.035 0.1343 -2.865
v 0.967 0.09758 -2.065
v 0.4581 0.3498 -0.6704
v 0.2639 0.2543 -0.683
v 0.6426 -0.06937 -2.435
v 0.6012 -0.1311 -2.437
v 0.4963 -0.3276 -2.125
v 0.2204 0.02762 -0.6687
v 0.4931 -0.3672 -2.079
v 0.5067 -0.3949 -2.063
v 0.4183 -0.4908 -2.841
v 0.4428 -0.5387 -2.873
v 0.4593 -0.555 -2.541
v 0.6019 -0.5928 -2.54
v 0.5917 -0.5606 -2.888
v 0.8032 -0.5756 -2.54
v 0.7639 -0.5421 -2.907
v 0.919 -0.4645 -2.93
v 0.7563 -0.5126 -2.873
v 0.5951 -0.5296 -2.856
v 0.7667 -0.4205 -2.062
v 0.644 -0.4367 -2.062
v 0.4567 -0.5094 -2.844
v 0.5917 -0.5606 -2.888
v 0.5421 -0.4179 -2.063
v 0.3047 -0.1521 -0.6716
v 0.5309 -0.2261 -0.6745
v 0.7082 -0.1553 -0.6813
v 0.8772 -0.3632 -2.062
v 0.9558 -0.2744 -2.062
v 0.9016 -0.44 -2.894
v 1.005 -0.3233 -2.9
v 1.029 -0.34 -2.937
v 1.061 -0.2696 -2.935
v 1.1 -0.1833 -2.932
v 1.161 -0.1916 -2.541
v 1.191 -0.03824 -2.541
v 1.112 -0.1036 -2.924
v 1.071 -0.1766 -2.896
v 1.006 -0.1627 -2.062
v 0.8134 0.005796 -0.6784
v 1.025 -0.03907 -2.063
v 1.096 -0.01407 -2.88
v 1.127 -0.009806 -2.915
v 1.086 0.04944 -2.872
v 1.003 0.07221 -2.063
v 1.066 0.1003 -2.865
v 1.098 0.1093 -2.897
v 1.077 0.1341 -2.892
v 0.9826 0.0866 -2.063
v 0.7862 0.1929 -0.6758
v 0.668 0.3215 -0.6731
v 1.097 0.1847 -2.544
v 1.096 0.1834 -2.515
v 1.099 0.1956 -2.802
v 1.08 0.1927 -2.991
v 1.053 0.1791 -3.063
v 1.007 0.1646 -3.11
v 0.9763 0.1498 -3.123
v 1.093 0.1903 -2.513
v 1.123 0.2075 -2.298
v 1.179 0.2448 -1.892
v 1.134 0.233 -1.884
v 0.9421 0.1333 -2.312
v 0.9304 0.1511 -2.314
v 1.051 0.3531 -1.89
v 1.093 0.2652 -1.881
v 1.109 0.2433 -1.879
v 1.196 0.307 -1.572
v 1.183 0.3338 -1.575
v 1.26 0.3286 -1.346
v 1.322 0.3295 -1.149
v 1.348 0.3516 -0.9674
v 1.302 0.433 -0.9824
v 1.317 0.4391 -0.7304
v 1.361 0.3777 -0.7232
v 1.412 0.3029 -0.7013
v 1.408 0.3444 -0.408
v 1.472 0.3366 0.4928
v 1.632 0.297 1.538
v 1.657 0.2679 0.4934
v 1.532 0.2565 -0.398
v 1.471 0.2428 -0.6721
v 1.468 0.193 -0.9008
v 1.398 0.2706 -0.9421
v 1.451 0.1685 -1.106
v 1.376 0.2557 -1.136
v 1.388 0.1912 -1.322
v 1.345 0.2464 -1.335
v 1.359 0.1719 -1.539
v 1.32 0.2352 -1.494
v 1.281 0.1587 -1.911
v 1.241 0.06129 -2.328
v 1.222 0.1258 -2.316
v 1.193 0.03135 -2.575
v 1.272 0.01503 -2.361
v 1.163 -0.004018 -2.767
v 1.141 0.01084 -2.824
v 1.145 -0.007124 -2.836
v 1.142 -0.02359 -2.822
v 1.227 -0.05863 -2.272
v 1.246 -0.02732 -2.308
v 1.247 0.01518 -1.803
v 1.275 -0.001343 -2.272
v 1.322 0.01177 -2.071
v 1.42 0.05023 -1.703
v 1.399 0.1075 -1.598
v 1.433 0.1402 -1.307
v 1.483 0.09626 -1.287
v 1.534 0.12 -1.061
v 1.547 0.1542 -0.8711
v 1.547 0.2064 -0.6483
v 1.658 0.1724 -0.5978
v 1.653 0.2012 -0.3814
v 2.221 0.1609 0.17
v 3.693 0.084 1.796
v 3.693 0.08399 1.796
v 4.173 0.038 2.226
v 4.248 0.0342 2.31
v 4.062 -0.02159 2.487
v 3.97 -0.01727 2.383
v 4.128 -0.02627 2.215
v 3.971 -0.001489 2.383
v 4.128 -0.02237 2.215
v 4.129 -0.007889 2.215
v 4.245 -0.03175 2.346
v 4.245 -0.01335 2.346
v 4.245 -0.02785 2.346
v 4.063 -0.005811 2.486
v 3.93 -0.01641 2.382
v 4.415 -0.03659 2.568
v 4.245 -0.02785 2.346
v 4.503 -0.0399 2.489
v 4.313 -0.03096 2.275
v 4.459 -0.003103 2.567
v 4.451 -0.0383 2.609
v 1.722 0.05392 0.763
v 1.53 0.01219 2.32
v 1.584 0.003793 0.7634
v 1.46 -0.06482 0.7628
v 1.37 -0.1287 0.761
v 1.392 -0.09198 -0.4656
v 1.311 -0.1323 -1.448
v 1.279 -0.1412 -1.735
v 1.243 -0.1039 -2.065
v 1.234 -0.09805 -1.802
v 1.22 -0.03628 -1.803
v 1.296 -0.04732 -1.348
v 1.307 0.03207 -1.804
v 1.356 0.001758 -1.804
v 1.379 0.009839 -1.719
v 1.381 -0.003576 -1.554
v 1.36 -0.05931 -1.378
v 1.543 0.07379 -1.248
v 1.659 0.1155 -0.8392
v 1.659 0.1357 -0.7607
v 1.984 0.1307 -0.3513
v 2.237 0.1269 -0.03289
v 2.246 0.08662 -0.1494
v 2.244 0.06627 -0.0497
v 2.249 0.0659 -0.1852
v 2.163 0.09073 -0.2475
v 1.961 0.1007 -0.4847
v 2.174 0.06984 -0.2706
v 2.161 0.06772 -0.247
v 1.962 0.07485 -0.5029
v 1.954 0.07352 -0.3959
v 1.659 0.08432 -0.8391
v 1.679 0.08041 -0.5533
v 1.584 0.0362 -0.466
v 1.483 -0.02438 -0.4673
v 1.705 0.07274 -0.1006
v 1.979 0.07311 -0.3446
v 1.955 0.1224 -0.4188
v 1.962 0.08101 -0.5127
v 1.65 0.09745 -0.8691
v 2.118 0.06976 0.3023
v 2.62 0.04618 0.8662
v 2.712 0.04185 0.9697
v 3.097 0.02535 1.087
v 2.859 0.03682 0.8567
v 2.895 0.03169 0.8289
v 2.896 0.05008 0.8294
v 2.779 0.05554 0.6983
v 2.778 0.03717 0.6978
v 2.747 0.04208 0.731
v 2.815 0.1065 0.7151
v 2.621 0.06194 0.8657
v 2.714 0.05762 0.9693
v 2.893 0.1026 0.8022
v 2.229 0.1361 0.0627
v 2.239 0.09231 -0.02151
v 2.844 0.06392 0.6564
v 2.859 0.03737 0.6415
v 2.778 0.04107 0.6978
v 2.539 0.05157 0.4602
v 2.503 0.05328 0.4192
v 2.591 0.04997 0.3402
v 2.628 0.04825 0.3812
v 2.547 0.08677 0.4181
v 2.607 0.04924 0.3576
v 4.195 0.0005321 2.17
v 4.128 -0.02237 2.215
v 4.209 -0.02606 2.158
v 4.107 -0.02128 2.044
v 4.018 -0.01796 2.123
v 4.026 0.01724 2.081
v 3.982 -0.01625 2.082
v 3.742 -0.004995 1.813
v 3.629 0.0003552 1.685
v 3.613 0.001081 1.668
v 3.592 0.002069 1.644
v 3.437 0.009343 1.47
v 3.133 0.02363 1.128
v 3.141 0.05883 1.086
v 3.186 0.02203 1.008
v 2.895 0.03559 0.8289
v 2.95 0.05895 0.7749
v 2.963 0.03249 0.7581
v 3.222 0.02032 1.049
v 3.681 -0.001246 1.565
v 3.636 0.03556 1.643
v 3.717 -0.002961 1.606
v 4.071 -0.01956 2.003
v 1.377 -0.02435 -1.574
v 1.382 -0.0004158 -1.57
v 1.374 -0.02861 -1.427
v 1.375 -0.04998 -1.44
v 1.386 -0.06843 -1.596
v 1.38 -0.05763 -1.757
v 1.344 -0.112 -1.756
v 1.354 -0.117 -1.596
v 1.279 -0.1223 -1.805
v 1.312 -0.1331 -1.589
v 1.327 -0.1209 -1.444
v 1.311 -0.1339 -1.433
v 1.292 -0.1494 -1.588
v 1.337 -0.101 -1.368
v 1.341 -0.09962 -1.397
v 1.359 -0.07408 -1.396
v 1.361 -0.05875 -1.369
v 1.444 0.2197 3.826
v 1.435 0.1595 4.347
v 2.837 0.06457 4.731
v 5.054 0.02544 4.542
v 1.115 0.07017 -2.904
v 1.19 0.1843 -2.305
v 1.161 0.2054 -2.303
v 1.22 0.238 -1.9
v 1.279 0.2747 -1.474
v 1.213 0.273 -1.671
v 1.227 0.295 -1.543
v 1.236 0.3084 -1.461
v 1.294 0.2993 -1.337
v 1.254 0.2099 -1.907
v 1.096 0.2031 -2.801
v 1.078 0.2002 -2.991
v 1.05 0.1866 -3.062
v 0.9675 -0.4899 -2.54
v 4.848 -0.0214 3.005
v 0.9177 0.3015 -3.461
v 0.9762 0.3588 -3.461
v 1.038 0.3778 -3.195
v 1.06 0.4222 -3.194
v 1.071 0.4767 -3.192
v 1.071 0.5214 -3.194
v 1 0.4848 -3.461
v 0.9901 0.5196 -3.461
v 0.9686 0.5469 -3.462
v 0.6963 0.6253 -3.868
v 0.6043 0.6901 -3.464
v 0.5593 0.6366 -4.27
v 0.5218 0.6567 -4.344
v 0.8207 0.6834 -2.94
v 0.9618 0.6397 -2.94
v 0.8021 0.6344 -3.466
v 1.05 0.5712 -3.187
v 1.124 0.5916 -2.939
v 1.228 0.5869 -2.952
v 1.212 0.5931 -2.843
v 1.243 0.5655 -2.964
v 1.06 0.5465 -3.207
v 1.243 0.4942 -2.959
v 1.225 0.4907 -2.835
v 1.213 0.4805 -2.839
v 1.152 0.5114 -2.349
v 1.122 0.4774 -2.939
v 1.229 0.4731 -2.945
v 1.076 0.4602 -3.144
v 1.115 0.3999 -2.939
v 1.155 0.4238 -2.473
v 1.164 0.5758 -2.598
v 1.098 0.356 -2.939
v 0.9919 0.325 -3.127
v 1.032 0.3058 -2.937
v -0.1321 1.045 6.467
v -0.8798 0.7476 1.521
v -0.2923 0.8131 4.824
v -0.2365 0.4582 -6.216
v -0.2073 0.463 -6.3
v -0.2045 0.4723 -6.234
v -0.2045 0.4761 -6.216
v -0.1932 0.4824 -6.213
v -0.1125 0.4974 -6.213
v -0.2095 0.3814 -6.203
v -0.2092 0.3809 -6.389
v -0.2096 0.4631 -6.341
v -0.2093 0.4208 -6.407
v -0.2024 0.4208 -6.407
v 0.06916 0.4912 -6.213
v 0.07757 0.521 -6.292
v 0.06598 0.4973 -6.292
v 0.05747 0.499 -6.308
v 0.05754 0.4755 -6.292
v 0.05766 0.4497 -6.304
v 0.05772 0.4474 -6.333
v 0.05752 0.4967 -6.337
v 0.07758 0.529 -6.325
v 0.07769 0.5157 -6.357
v 0.07784 0.4862 -6.375
v 0.109 0.491 -6.395
v 0.1088 0.5311 -6.37
v 0.1585 0.4912 -6.395
v 0.1583 0.5314 -6.37
v 0.1895 0.5161 -6.357
v 0.1894 0.5294 -6.325
v 0.1581 0.5495 -6.327
v 0.1893 0.5215 -6.291
v 0.1581 0.5412 -6.292
v 0.1431 0.5203 -6.124
v 0.1202 0.5274 -6.129
v 0.1086 0.5409 -6.292
v 0.106 0.5283 -6.138
v 0.1087 0.5493 -6.327
v 0.1622 0.5081 -6.137
v 0.201 0.4978 -6.292
v 0.2097 0.4997 -6.308
v 0.2097 0.4761 -6.292
v 0.2099 0.4503 -6.304
v 0.2026 0.4543 -6.29
v 0.1907 0.4691 -6.211
v 0.1902 0.4318 -6.285
v 0.1897 0.4313 -6.284
v 0.1898 0.418 -6.316
v 0.2099 0.448 -6.333
v 0.1898 0.426 -6.35
v 0.1897 0.4522 -6.372
v 0.1586 0.4443 -6.391
v 0.1587 0.4086 -6.36
v 0.1092 0.4441 -6.391
v 0.1093 0.4084 -6.36
v 0.07805 0.4256 -6.35
v 0.07797 0.4518 -6.372
v 0.05764 0.4709 -6.349
v 0.07803 0.4176 -6.316
v 0.07793 0.4309 -6.284
v 0.07778 0.4604 -6.266
v 0.1896 0.4866 -6.375
v 0.2098 0.4715 -6.349
v 0.2097 0.4974 -6.337
v 0.1902 0.5021 -6.122
v 0.08705 0.4356 -6.255
v 0.08687 0.4799 -6.259
v 0.1335 0.4849 -6.245
v 0.05834 0.4284 -6.339
v 0.05826 0.4323 -6.293
v -0.7228 0.3529 -4.655
v -0.7225 0.3028 -4.655
v 0.7085 0.3088 -4.653
v 0.7083 0.3589 -4.653
v -0.3379 0.5222 5.958
v -0.5747 0.5981 5.961
v -0.6706 0.5665 5.963
v 0.6251 0.06846 5.966
v 0.5292 0.03687 5.964
v 0.3554 0.06734 5.961
v 0.4515 0.03655 5.963
v 0.5269 0.6027 5.963
v 0.08977 0.4467 6.194
v 0.03719 0.4651 5.751
v 0.07996 0.2949 6.19
v 0.02066 0.3162 5.752
v 0.03505 0.3612 5.752
v 0.05331 0.4182 5.752
v 0.07759 0.494 5.752
v 0.09586 0.551 5.753
v 0.1102 0.5959 5.753
v 0.1685 0.5715 6.191
v 0.1336 0.4678 6.025
v 0.1455 0.5049 6.025
v 0.1239 0.5114 6.148
v 0.1031 0.4771 6.148
v 0.1016 0.3681 6.025
v 0.1135 0.4052 6.025
v 0.08002 0.3746 6.147
v 0.0831 0.4145 6.148
v 0.2907 0.5248 5.959
vn -0.01056 0.01424 0.9998
vn 0.5757 0.8024 -0.1572
vn 0.5787 0.8058 -0.1259
vn 0.5751 0.8016 -0.1632
vn 0.578 0.805 -0.1337
vn 0.007551 0.01427 0.9999
vn 0.007301 -0.9858 -0.1676
vn 0.007294 -0.9858 -0.1676
vn 0.007301 -0.9858 -0.1676
vn 0.007302 -0.9858 -0.1676
vn 0.006331 -0.9932 -0.1158
vn 0.006382 -0.993 -0.1183
vn 0.006353 -0.9933 -0.1155
vn 0.006441 -0.9926 -0.1209
vn -0.5856 0.7952 0.1572
vn 0.9415 -0.301 -0.1517
vn -0.9415 0.301 0.1517
vn -0.01894 0.002462 0.9998
vn -0.01896 0.00245 0.9998
vn -0.7891 -0.5815 -0.1978
vn -0.7891 -0.5815 -0.198
vn 0.311 -0.934 -0.1758
vn 0.3111 -0.9342 -0.1748
vn 0.5726 0.8001 0.1791
vn 0.5726 0.8001 0.1791
vn 0.5726 0.8001 0.1791
vn 0.5726 0.8 0.1791
vn -0.9325 -0.3089 -0.1871
vn -0.9325 -0.3089 -0.1871
vn -0.9325 -0.3089 -0.1871
vn -0.9325 -0.3089 -0.1871
vn -0.9361 -0.3098 -0.1666
vn -0.9413 -0.3113 -0.1303
vn -0.9354 -0.3096 -0.1707
vn -0.9399 -0.3109 -0.141
vn -0.9793 -0.004569 -0.2022
vn -0.9795 -0.004576 -0.2014
vn 0.7961 0.5806 -0.1707
vn 0.7961 0.5806 -0.1709
vn 0.9863 0.003652 -0.1651
vn 0.9862 0.003654 -0.1653
vn -0.939 -0.308 0.1532
vn -0.939 -0.308 0.1532
vn -0.939 -0.308 0.1532
vn -0.939 -0.308 0.1532
vn -0.5792 0.7944 -0.1832
vn -0.01895 0.002505 0.9998
vn -0.01895 0.0025 0.9998
vn -0.0008551 0.985 -0.1727
vn -0.0008534 0.985 -0.1727
vn -0.0008551 0.985 -0.1727
vn -0.0008663 0.985 -0.1727
vn -0.5816 0.797 -0.1627
vn -0.5774 0.7923 -0.1973
vn -0.581 0.7964 -0.1679
vn -0.5771 0.7919 -0.1996
vn -0.794 0.574 -0.2002
vn -0.794 0.574 -0.2001
vn 0.935 -0.3002 0.1887
vn 0.935 -0.3002 0.1887
vn 0.935 -0.3002 0.1887
vn 0.935 -0.3002 0.1887
vn 0.5731 0.7991 -0.1815
vn -0.8005 0.5741 -0.172
vn -0.8006 0.5741 -0.1718
vn -0.5851 0.7944 -0.163
vn 0.006793 -0.9849 0.1727
vn 0.006796 -0.9849 0.1727
vn 0.006794 -0.9849 0.1727
vn 0.006796 -0.9849 0.1727
vn -0.3105 0.9331 -0.1816
vn -0.3105 0.933 -0.1818
vn -0.5851 0.7944 -0.163
vn -0.5851 0.7944 -0.163
vn -0.5851 0.7944 -0.163
vn 0.01595 0.002654 0.9999
vn 0.01601 0.002662 0.9999
vn 0.01602 0.002593 0.9999
vn 0.01594 0.002604 0.9999
vn 0.001362 -0.9858 -0.1677
vn 0.001362 -0.9858 -0.1677
vn 0.001361 -0.9858 -0.1676
vn 0.00137 -0.9858 -0.1676
vn -0.3028 -0.9366 -0.1763
vn -0.3028 -0.9365 -0.1767
vn 0.5785 0.8 0.1589
vn 0.5785 0.8 0.1589
vn 0.5785 0.8 0.1589
vn 0.5785 0.8 0.1589
vn 0.5797 -0.7953 -0.1774
vn 0.5797 -0.7953 -0.1774
vn 0.5797 -0.7953 -0.1774
vn 0.5797 -0.7953 -0.1774
vn 0.7947 -0.5751 -0.1944
vn 0.7946 -0.575 -0.1947
vn 0.2969 0.9356 -0.191
vn 0.2969 0.9355 -0.1914
vn 0.7898 0.5806 -0.1979
vn 0.7899 0.5806 -0.1974
vn 0.9798 0.003547 -0.1999
vn 0.9798 0.003548 -0.2
vn 0.9331 0.3079 -0.1859
vn 0.9331 0.3079 -0.1859
vn 0.9331 0.3079 -0.1859
vn 0.9331 0.3079 -0.1859
vn -0.9356 0.3011 0.1844
vn -0.9356 0.3011 0.1844
vn -0.9356 0.3011 0.1844
vn -0.9356 0.3011 0.1844
vn -0.9858 -0.004516 -0.1678
vn -0.9859 -0.00452 -0.1674
vn -0.941 0.3002 -0.156
vn -0.941 0.3002 -0.156
vn -0.941 0.3002 -0.156
vn -0.941 0.3002 -0.156
vn -1 -0.005234 -0.001643
vn 1 0.003058 0.00131
vn -0.9539 0.2997 0.01765
vn -0.1638 0.7083 -0.6867
vn 0.6085 -0.7368 0.2947
vn -0.6032 -0.7419 0.2929
vn 0.1599 0.7096 -0.6862
vn 0.9512 0.3078 0.02047
vn -0.1595 0.9784 -0.1315
vn 0.9385 0.3088 0.1544
vn 0.9385 0.3088 0.1544
vn 0.9385 0.3088 0.1544
vn 0.9385 0.3088 0.1544
vn -0.7957 -0.5815 -0.1696
vn -0.7956 -0.5815 -0.17
vn 0.3046 -0.9341 -0.1864
vn 0.3046 -0.9341 -0.1864
vn 0.5731 0.7991 -0.1815
vn 0.5731 0.7991 -0.1815
vn 0.5731 0.7991 -0.1815
vn -0.3041 0.9331 -0.1918
vn -0.3041 0.9331 -0.1921
vn 0.3033 0.9356 -0.1809
vn 0.3033 0.9356 -0.1809
vn 0.579 0.7992 -0.1613
vn 0.579 0.7992 -0.1613
vn 0.579 0.7992 -0.1613
vn 0.579 0.7992 -0.1613
vn -0.5792 0.7944 -0.1832
vn -0.5792 0.7944 -0.1832
vn -0.5792 0.7944 -0.1832
vn -0.2964 -0.9366 -0.1868
vn -0.2964 -0.9367 -0.1862
vn 0.9397 -0.3004 -0.1634
vn 0.9399 -0.3005 -0.1623
vn 0.9443 -0.3019 -0.1309
vn 0.9393 -0.3003 -0.1659
vn 0.801 -0.5749 -0.1669
vn 0.801 -0.5749 -0.1668
vn -0.5856 0.7952 0.1572
vn -0.5856 0.7952 0.1572
vn -0.5856 0.7952 0.1572
vn 0.01183 -0.999 0.04371
vn 0.1405 -0.9889 0.04902
vn 0.1405 -0.9889 0.04903
vn 0.01188 -0.999 0.04372
vn 0.01183 -0.999 0.04371
vn 0.08599 -0.9943 0.06309
vn 0.1011 -0.9929 0.0622
vn 0.1402 -0.9881 0.06286
vn 0.1404 -0.9889 0.04908
vn 0.1405 -0.9889 0.04903
vn 0.1404 -0.9889 0.04908
vn 0.1402 -0.9889 0.04914
vn 0.1401 -0.9889 0.04899
vn 0.01188 -0.999 0.04372
vn 0.01179 -0.9964 0.08347
vn -0.08643 -0.9924 0.08743
vn -0.2281 -0.9709 0.0729
vn -0.2284 -0.9724 0.04807
vn -0.1938 -0.9799 0.04644
vn -1.469E-05 -0.9987 0.05187
vn 0.08599 -0.9943 0.06309
vn 0.01183 -0.999 0.04371
vn 0.1403 -0.9889 0.04901
vn 0.1424 -0.9886 0.04966
vn 0.1416 -0.9859 0.08876
vn 0.01179 -0.9964 0.08347
vn 0.01188 -0.999 0.04372
vn -0.08643 -0.9924 0.08743
vn 0.01179 -0.9964 0.08347
vn 0.1416 -0.9859 0.08876
vn 0.1952 -0.976 0.09658
vn 0.1946 -0.9741 0.1155
vn 0.1573 -0.9805 0.1177
vn -0.08624 -0.9904 0.1081
vn -0.2281 -0.9709 0.0729
vn -0.08643 -0.9924 0.08743
vn -0.08624 -0.9904 0.1081
vn -0.1535 -0.9818 0.1114
vn -0.1885 -0.9759 0.1101
vn -0.3254 -0.941 0.09336
vn -0.3258 -0.9426 0.07314
vn -0.2284 -0.9724 0.04807
vn -0.2281 -0.9709 0.0729
vn -0.3258 -0.9426 0.07314
vn -0.3128 -0.9469 0.0744
vn -0.3133 -0.9489 0.03794
vn -0.3724 -0.9273 0.0378
vn -0.3254 -0.941 0.09336
vn -0.2389 -0.9661 0.09762
vn -0.2396 -0.9682 0.07174
vn -0.3128 -0.9469 0.0744
vn -0.3258 -0.9426 0.07314
vn -0.3133 -0.9489 0.03794
vn -0.3128 -0.9469 0.0744
vn -0.2396 -0.9682 0.07174
vn 0.004014 -0.9971 0.07589
vn 0.004076 -0.9991 0.04242
vn 0.004077 -0.9991 0.04242
vn -0.3296 -0.9434 0.03586
vn -0.2389 -0.9661 0.09762
vn -0.09818 -0.9906 0.0954
vn 0.003983 -0.9954 0.09616
vn 0.004017 -0.9971 0.07589
vn -0.2396 -0.9682 0.07174
vn 0.004072 -0.9991 0.04242
vn 0.004017 -0.9971 0.07589
vn 0.004016 -0.9971 0.07589
vn 0.004069 -0.9991 0.04242
vn 0.003982 -0.9954 0.09616
vn 0.003974 -0.9954 0.09616
vn 0.004015 -0.9971 0.07589
vn 0.00402 -0.9971 0.07589
vn 0.004016 -0.9971 0.07589
vn 0.003981 -0.9954 0.09616
vn 0.1061 -0.9897 0.0957
vn 0.2466 -0.9641 0.09834
vn 0.2474 -0.9662 0.07246
vn 0.00397 -0.9954 0.09616
vn -0.001539 0.01709 0.9999
vn 0.003981 -0.9954 0.09616
vn 0.003982 -0.9954 0.09616
vn -0.001539 0.01708 0.9999
vn 0.00397 -0.9954 0.09616
vn 0.007648 0.0142 0.9999
vn 0.02289 -0.000567 0.9997
vn -0.001543 0.01709 0.9999
vn -0.02592 -0.0008476 0.9997
vn -0.0107 0.01414 0.9998
vn 0.003983 -0.9954 0.09616
vn -0.09817 -0.9906 0.0954
vn -0.02598 -0.0008948 0.9997
vn -0.001551 0.01708 0.9999
vn 0.003982 -0.9954 0.09616
vn -0.09818 -0.9906 0.0954
vn -0.02592 -0.0008476 0.9997
vn -0.09817 -0.9906 0.0954
vn -0.3254 -0.941 0.09336
vn -0.1885 -0.9759 0.1101
vn -0.0106 0.01422 0.9998
vn -0.02586 -0.0008004 0.9997
vn -0.09818 -0.9906 0.0954
vn -0.2389 -0.9661 0.09762
vn -0.01049 0.0143 0.9998
vn -0.1885 -0.9759 0.1101
vn -0.1535 -0.9818 0.1114
vn -0.1535 -0.9822 0.1082
vn -0.4496 -0.8873 0.1024
vn 0.1573 -0.9805 0.1177
vn 0.1575 -0.9809 0.1142
vn -0.1535 -0.9822 0.1082
vn -0.1535 -0.9818 0.1114
vn -0.08624 -0.9904 0.1081
vn 0.1946 -0.9741 0.1155
vn 0.4395 -0.8904 0.1182
vn 0.4528 -0.8836 0.1195
vn 0.4523 -0.8838 0.1195
vn 0.1575 -0.9809 0.1142
vn 0.1573 -0.9805 0.1177
vn 0.1952 -0.976 0.09658
vn 0.4308 -0.8967 0.102
vn 0.4401 -0.892 0.1033
vn 0.4395 -0.8904 0.1182
vn 0.1946 -0.9741 0.1155
vn 0.1424 -0.9886 0.04966
vn 0.4575 -0.8874 0.05598
vn 0.4324 -0.9004 0.04891
vn 0.4308 -0.8967 0.102
vn 0.1952 -0.976 0.09658
vn 0.1416 -0.9859 0.08876
vn 0.1402 -0.9889 0.04914
vn 0.1402 -0.9889 0.04865
vn 0.4335 -0.8996 0.0527
vn 0.4606 -0.8854 0.06222
vn 0.4606 -0.8863 0.04916
vn 0.4575 -0.8874 0.05598
vn 0.1424 -0.9886 0.04966
vn 0.1401 -0.9889 0.04899
vn 0.1402 -0.9881 0.06286
vn 0.1921 -0.9795 0.06087
vn 0.1402 -0.9889 0.04865
vn 0.1402 -0.9889 0.04914
vn 0.1402 -0.9889 0.04914
vn 0.1011 -0.9929 0.0622
vn 0.01525 -0.9988 0.04704
vn 0.003877 -0.9982 0.06018
vn 0.1857 -0.9805 0.06449
vn 0.1898 -0.9795 0.06698
vn 0.1921 -0.9795 0.06087
vn 0.1402 -0.9881 0.06286
vn 0.08599 -0.9943 0.06309
vn -1.469E-05 -0.9987 0.05187
vn 0.01525 -0.9988 0.04704
vn 0.1011 -0.9929 0.0622
vn -0.1938 -0.9799 0.04644
vn -0.1868 -0.9816 0.04016
vn -0.003914 -0.9987 0.0515
vn 0.003877 -0.9982 0.06018
vn 0.01525 -0.9988 0.04704
vn -1.469E-05 -0.9987 0.05187
vn -0.2284 -0.9724 0.04807
vn -0.3724 -0.9273 0.0378
vn -0.372 -0.9281 0.0187
vn -0.3063 -0.9519 0.01257
vn -0.2527 -0.9675 0.01218
vn -0.187 -0.9821 0.02135
vn -0.1868 -0.9816 0.04016
vn -0.1938 -0.9799 0.04644
vn -0.3133 -0.9489 0.03794
vn -0.3296 -0.9434 0.03586
vn -0.3296 -0.9439 0.01863
vn -0.372 -0.9281 0.0187
vn -0.3724 -0.9273 0.0378
vn 0.004077 -0.9991 0.04242
vn 0.004137 -0.9999 0.01614
vn -0.3882 -0.9215 0.01106
vn -0.3296 -0.9439 0.01863
vn -0.3296 -0.9434 0.03586
vn 0.004081 -0.9991 0.04242
vn 0.004124 -0.9999 0.01523
vn -0.003863 -0.9999 0.01599
vn 0.004119 -0.9999 0.01614
vn 0.004077 -0.9991 0.04242
vn 0.004072 -0.9991 0.04242
vn 0.004064 -0.9991 0.04242
vn 0.004108 -0.9999 0.01523
vn 0.004124 -0.9999 0.01523
vn 0.004081 -0.9991 0.04242
vn 0.004081 -0.9991 0.04242
vn 0.004129 -0.9999 0.01614
vn 0.01209 -0.9998 0.01602
vn 0.004108 -0.9999 0.01523
vn 0.004064 -0.9991 0.04242
vn 0.004018 -0.9971 0.07589
vn 0.2474 -0.9662 0.07246
vn 0.3204 -0.9443 0.07533
vn 0.3211 -0.9462 0.03888
vn 0.3373 -0.9407 0.03685
vn 0.004081 -0.9991 0.04242
vn 0.2466 -0.9641 0.09834
vn 0.3329 -0.9382 0.09433
vn 0.3333 -0.9399 0.07411
vn 0.3204 -0.9443 0.07533
vn 0.2474 -0.9662 0.07246
vn 0.3211 -0.9462 0.03888
vn 0.3204 -0.9443 0.07533
vn 0.3333 -0.9399 0.07411
vn 0.2359 -0.969 0.07359
vn 0.2363 -0.9705 0.04876
vn 0.3799 -0.9242 0.03891
vn 0.3329 -0.9382 0.09433
vn 0.1962 -0.9743 0.1107
vn 0.1613 -0.9805 0.1119
vn 0.09412 -0.9896 0.1084
vn 0.09438 -0.9917 0.08769
vn 0.2359 -0.969 0.07359
vn 0.3333 -0.9399 0.07411
vn 0.2363 -0.9705 0.04876
vn 0.2359 -0.969 0.07359
vn 0.09438 -0.9917 0.08769
vn -0.003786 -0.9965 0.08344
vn -0.003711 -0.999 0.04369
vn -0.07794 -0.995 0.06284
vn 0.008138 -0.9986 0.05188
vn 0.2018 -0.9783 0.04703
vn 0.09412 -0.9896 0.1084
vn -0.1496 -0.9818 0.1172
vn -0.1869 -0.9756 0.1149
vn -0.1874 -0.9776 0.09602
vn -0.1336 -0.9871 0.08835
vn -0.003786 -0.9965 0.08344
vn 0.09438 -0.9917 0.08769
vn -0.003736 -0.999 0.0437
vn -0.003786 -0.9965 0.08344
vn -0.1336 -0.9871 0.08835
vn -0.1343 -0.9897 0.04925
vn -0.1323 -0.99 0.04862
vn -0.1874 -0.9776 0.09602
vn -0.4236 -0.9002 0.1008
vn -0.425 -0.9039 0.04764
vn -0.4503 -0.8912 0.05464
vn -0.1343 -0.9897 0.04925
vn -0.1336 -0.9871 0.08835
vn -0.1321 -0.99 0.04859
vn -0.1343 -0.9897 0.04925
vn -0.4503 -0.8912 0.05464
vn -0.4533 -0.8901 0.0478
vn -0.403 -0.8242 -0.3979
vn -0.4262 -0.9032 0.05143
vn -0.1322 -0.9901 0.04825
vn -0.1322 -0.99 0.04873
vn -0.425 -0.9039 0.04764
vn -0.4504 -0.8916 0.04606
vn -0.4504 -0.8916 0.04605
vn -0.4534 -0.89 0.0478
vn -0.4533 -0.8901 0.0478
vn -0.4503 -0.8912 0.05464
vn -0.265 -0.5801 -0.7702
vn -0.4533 -0.8901 0.0478
vn -0.4534 -0.89 0.0478
vn -0.403 -0.8242 -0.3979
vn -0.4534 -0.89 0.0478
vn -0.4504 -0.8916 0.04605
vn -0.6227 -0.7811 0.04639
vn -0.6227 -0.781 0.04657
vn -0.6555 -0.7532 0.05524
vn -0.4262 -0.9032 0.05143
vn -0.4534 -0.8892 0.06087
vn -0.6555 -0.7532 0.05524
vn -0.6504 -0.7565 0.06891
vn -0.5783 -0.8147 0.04331
vn -0.428 -0.9025 0.047
vn -0.1322 -0.9901 0.04825
vn -0.4262 -0.9032 0.05143
vn -0.428 -0.9025 0.047
vn -0.4528 -0.8896 0.06018
vn -0.1819 -0.9811 0.06644
vn -0.1841 -0.981 0.06032
vn -0.5783 -0.8147 0.04331
vn -0.5781 -0.8143 0.05206
vn -0.5014 -0.8641 0.04399
vn -0.453 -0.8903 0.04548
vn -0.4528 -0.8896 0.06018
vn -0.428 -0.9025 0.047
vn -0.6504 -0.7565 0.06891
vn -0.7567 -0.6503 0.06777
vn -0.7569 -0.6506 0.06206
vn -0.6665 -0.744 0.04779
vn -0.5781 -0.8143 0.05206
vn -0.5783 -0.8147 0.04331
vn -0.5014 -0.8641 0.04399
vn -0.5781 -0.8143 0.05206
vn -0.6665 -0.744 0.04779
vn -0.7104 -0.7037 0.009731
vn -0.7304 -0.6825 0.02735
vn -0.5352 -0.8445 0.02184
vn -0.7569 -0.6506 0.06206
vn -0.7175 -0.6937 0.0631
vn -0.8219 -0.5689 0.02943
vn -0.7953 -0.6062 0.01027
vn -0.7104 -0.7037 0.009731
vn -0.6665 -0.744 0.04779
vn -0.7304 -0.6825 0.02735
vn -0.7104 -0.7037 0.009731
vn -0.7953 -0.6062 0.01027
vn -0.7945 -0.6062 -0.03626
vn -0.7398 -0.6719 -0.03566
vn -0.7299 -0.6828 -0.0333
vn -0.5352 -0.8445 0.02184
vn -0.7304 -0.6825 0.02735
vn -0.7299 -0.6828 -0.0333
vn -0.5358 -0.8441 -0.01722
vn -0.7398 -0.6719 -0.03566
vn -0.7381 -0.6709 -0.0712
vn -0.7254 -0.6843 -0.07463
vn -0.4541 -0.8893 -0.05397
vn -0.4415 -0.8959 -0.04962
vn -0.4421 -0.8967 -0.02103
vn -0.5358 -0.8441 -0.01722
vn -0.7299 -0.6828 -0.0333
vn -0.7945 -0.6062 -0.03626
vn -0.8497 -0.5248 -0.05027
vn -0.8482 -0.5235 -0.08095
vn -0.7381 -0.6709 -0.0712
vn -0.7398 -0.6719 -0.03566
vn -0.7254 -0.6843 -0.07463
vn -0.7381 -0.6709 -0.0712
vn -0.8482 -0.5235 -0.08095
vn -0.9133 -0.39 -0.1173
vn -0.9087 -0.3883 -0.1536
vn -0.897 -0.4106 -0.1635
vn -0.7197 -0.6792 -0.1438
vn -0.8497 -0.5248 -0.05027
vn -0.8822 -0.4681 -0.05094
vn -0.9211 -0.3773 -0.09552
vn -0.9192 -0.3758 -0.1175
vn -0.9133 -0.39 -0.1173
vn -0.8482 -0.5235 -0.08095
vn -0.8219 -0.5689 0.02943
vn -0.8627 -0.5049 0.03009
vn -0.8618 -0.5043 -0.05516
vn -0.8822 -0.4681 -0.05094
vn -0.8497 -0.5248 -0.05027
vn -0.7945 -0.6062 -0.03626
vn -0.7953 -0.6062 0.01027
vn -0.7175 -0.6937 0.0631
vn -0.7178 -0.6944 0.05012
vn -0.6864 -0.7255 0.05045
vn -0.6877 -0.7259 -0.01095
vn -0.8627 -0.5049 0.03009
vn -0.8219 -0.5689 0.02943
vn -0.7567 -0.6503 0.06777
vn -0.6356 -0.7714 0.03093
vn -0.7902 -0.6105 0.0526
vn -0.6666 -0.7443 0.04107
vn -0.7704 -0.6362 0.04184
vn -0.7178 -0.6944 0.05012
vn -0.7175 -0.6937 0.0631
vn -0.7569 -0.6506 0.06206
vn -0.6227 -0.781 0.04657
vn -0.1719 -0.9821 0.07679
vn -0.6356 -0.7714 0.03093
vn -0.7567 -0.6503 0.06777
vn -0.6504 -0.7565 0.06891
vn -0.6555 -0.7532 0.05524
vn -0.6227 -0.7811 0.0464
vn -0.6199 -0.7834 0.04566
vn -0.6666 -0.7443 0.04107
vn -0.7902 -0.6105 0.0526
vn -0.1719 -0.9821 0.07679
vn -0.6227 -0.781 0.04657
vn -0.6356 -0.7714 0.03093
vn -0.1719 -0.9821 0.07679
vn -0.7902 -0.6105 0.0526
vn -0.7704 -0.6362 0.04184
vn -0.6666 -0.7443 0.04107
vn -0.6199 -0.7834 0.04566
vn -0.6183 -0.7793 0.1014
vn -0.6975 -0.7094 0.1014
vn -0.7675 -0.6345 0.09169
vn -0.7178 -0.6944 0.05012
vn -0.7704 -0.6362 0.04184
vn -0.7675 -0.6345 0.09169
vn -0.5081 -0.8574 0.08227
vn -0.6023 -0.7945 0.07796
vn -0.6035 -0.7963 0.04112
vn -0.6864 -0.7255 0.05045
vn -0.6975 -0.7094 0.1014
vn -0.6953 -0.7085 0.1207
vn -0.6325 -0.7656 0.1179
vn -0.5066 -0.854 0.1181
vn -0.5081 -0.8574 0.08227
vn -0.7675 -0.6345 0.09169
vn -0.6183 -0.7793 0.1014
vn -0.614 -0.7827 0.102
vn -0.6135 -0.7813 0.1152
vn -0.6983 -0.7056 0.1205
vn -0.6953 -0.7085 0.1207
vn -0.6975 -0.7094 0.1014
vn -0.4236 -0.9002 0.1008
vn -0.433 -0.8956 0.102
vn -0.614 -0.7827 0.102
vn -0.6183 -0.7793 0.1014
vn -0.6199 -0.7834 0.04566
vn -0.6227 -0.781 0.0464
vn -0.4504 -0.8916 0.04606
vn -0.425 -0.9039 0.04764
vn -0.4504 -0.8916 0.04606
vn -0.6227 -0.7811 0.0464
vn -0.4504 -0.8916 0.04605
vn -0.1869 -0.9756 0.1149
vn -0.4324 -0.894 0.117
vn -0.433 -0.8956 0.102
vn -0.4236 -0.9002 0.1008
vn -0.1874 -0.9776 0.09602
vn -0.1496 -0.9818 0.1172
vn -0.1497 -0.9822 0.1137
vn -0.4467 -0.8868 0.1182
vn -0.4458 -0.8873 0.1181
vn -0.4324 -0.894 0.117
vn -0.1869 -0.9756 0.1149
vn -0.6135 -0.7813 0.1152
vn -0.614 -0.7827 0.102
vn -0.433 -0.8956 0.102
vn -0.4324 -0.894 0.117
vn -0.4458 -0.8873 0.1181
vn -0.6983 -0.7056 0.1205
vn -0.6135 -0.7813 0.1152
vn -0.4458 -0.8873 0.1181
vn -0.4458 -0.8873 0.1182
vn -0.6982 -0.7055 0.1217
vn -0.4458 -0.8873 0.1182
vn 0.01597 0.002647 0.9999
vn 0.01597 0.002646 0.9999
vn -0.6982 -0.7055 0.1217
vn -0.4458 -0.8873 0.1182
vn -0.4449 -0.8828 0.151
vn -0.4467 -0.8868 0.1182
vn 0.0172 0.002642 0.9998
vn -0.4485 -0.8859 0.1182
vn -0.4461 -0.8822 0.1506
vn 0.5731 0.7991 -0.1815
vn 0.01599 0.00271 0.9999
vn 0.01679 0.002643 0.9999
vn 0.01583 0.002457 0.9999
vn 0.5731 0.7991 -0.1815
vn -0.3495 -0.9194 0.1803
vn -0.4461 -0.8822 0.1506
vn 0.01843 0.002636 0.9998
vn 0.01597 0.002646 0.9999
vn -0.1497 -0.9822 0.1137
vn -0.4485 -0.8859 0.1182
vn 0.006796 -0.9849 0.1727
vn 0.01598 0.002647 0.9999
vn 0.02824 0.006692 0.9996
vn 0.01596 0.003551 0.9999
vn 0.01597 0.002632 0.9999
vn 0.006793 -0.9849 0.1727
vn -0.1497 -0.9822 0.1137
vn 0.1613 -0.9809 0.1087
vn 0.01598 0.002647 0.9999
vn 0.01597 0.002645 0.9999
vn 0.01597 0.00264 0.9999
vn 0.1613 -0.9809 0.1087
vn 0.4566 -0.8836 0.1038
vn 0.01596 0.002627 0.9999
vn 0.4566 -0.8836 0.1038
vn 0.1613 -0.9809 0.1087
vn 0.1613 -0.9805 0.1119
vn 0.1962 -0.9743 0.1107
vn 0.007506 0.0143 0.9999
vn 0.09412 -0.9896 0.1084
vn 0.1613 -0.9805 0.1119
vn 0.1613 -0.9809 0.1087
vn -0.1497 -0.9822 0.1137
vn -0.1496 -0.9818 0.1172
vn -0.4455 -0.8825 0.1508
vn -0.3495 -0.9194 0.1803
vn 0.351 0.9215 -0.166
vn 0.5814 0.8088 -0.08892
vn 0.7551 0.6334 -0.1694
vn -0.7533 -0.6315 0.1836
vn -0.6936 -0.7036 0.1545
vn 0.351 0.9215 -0.166
vn -0.3495 -0.9194 0.1803
vn 0.4954 0.677 0.5443
vn 0.351 0.9215 -0.166
vn -0.8413 0.5406 -0.0006069
vn 0.5637 0.7877 -0.2485
vn 0.5745 0.7935 0.2008
vn 0.5757 0.8024 -0.1573
vn 0.9287 -0.3698 0.02614
vn 0.5638 0.7877 -0.2484
vn 0.1985 0.2571 0.9458
vn 0.5721 0.7982 -0.1886
vn -0.8413 0.5406 -0.0006069
vn 0.381 0.8986 0.2178
vn 0.5792 0.801 0.1515
vn 0.5638 0.7877 -0.2484
vn 0.381 0.8986 0.2178
vn -0.8413 0.5406 -0.0006069
vn 0.9287 -0.3698 0.02614
vn 0.5792 0.801 0.1515
vn 0.381 0.8986 0.2178
vn 0.5639 0.7876 -0.2484
vn 0.5792 0.801 0.1515
vn 0.9287 -0.3698 0.02614
vn 0.779 -0.6266 -0.0234
vn 0.5638 0.7877 -0.2484
vn 0.5814 0.8088 -0.08891
vn 0.5716 0.7975 -0.1927
vn -0.6442 0.7633 0.04827
vn 0.5638 0.7877 -0.2484
vn 0.5813 0.8088 -0.08891
vn 0.5751 0.8016 -0.1633
vn 0.5638 0.7877 -0.2484
vn -0.6442 0.7633 0.04827
vn 0.5792 0.801 0.1515
vn 0.7357 0.6431 0.2128
vn 0.5792 0.801 0.1515
vn -0.6442 0.7633 0.04827
vn 0.5639 0.7876 -0.2484
vn 0.5792 0.801 0.1515
vn 0.7357 0.6431 0.2128
vn 0.779 -0.6266 -0.0234
vn 0.779 -0.6266 -0.0234
vn 0.7357 0.6431 0.2128
vn 0.7551 0.6334 -0.1694
vn 0.5814 0.8088 -0.08893
vn -0.7533 -0.6315 0.1836
vn 0.7551 0.6334 -0.1694
vn -0.6936 -0.7036 0.1545
vn -0.7533 -0.6315 0.1836
vn 0.01597 0.002643 0.9999
vn 0.01596 0.002645 0.9999
vn -0.877 -0.4642 0.1241
vn -0.6982 -0.7055 0.1217
vn -0.4449 -0.8828 0.151
vn -0.6936 -0.7036 0.1545
vn 0.1962 -0.9743 0.1107
vn 0.007487 0.01432 0.9999
vn 0.1962 -0.9743 0.1107
vn 0.2466 -0.9641 0.09834
vn 0.106 -0.9897 0.0957
vn 0.02282 -0.0004998 0.9997
vn 0.007558 0.01427 0.9999
vn 0.1962 -0.9743 0.1107
vn 0.3329 -0.9382 0.09433
vn 0.1061 -0.9897 0.0957
vn 0.02289 -0.000567 0.9997
vn 0.106 -0.9897 0.0957
vn 0.003984 -0.9954 0.09616
vn -0.001551 0.01709 0.9999
vn 0.02296 -0.0006342 0.9997
vn 0.1061 -0.9897 0.0957
vn 0.01596 0.002627 0.9999
vn 0.4566 -0.8836 0.1038
vn 0.7075 -0.6997 0.09926
vn 0.01597 0.002635 0.9999
vn 0.01596 0.002628 0.9999
vn 0.7075 -0.6997 0.09926
vn 0.4566 -0.8836 0.1037
vn 0.01597 0.002635 0.9999
vn 0.7075 -0.6997 0.09926
vn 0.8892 -0.4474 0.0957
vn 0.01596 0.002629 0.9999
vn 0.01597 0.002637 0.9999
vn -0.8811 0.446 0.1573
vn -0.8906 0.4483 -0.07649
vn 0.8906 -0.4483 0.07649
vn 0.8892 -0.4474 0.0957
vn 0.8892 -0.4474 0.0957
vn 0.7075 -0.6997 0.09926
vn -0.9343 0.3554 -0.02812
vn -0.8382 0.5445 0.02959
vn -0.8921 0.4502 0.03815
vn 0.01596 0.002629 0.9999
vn 0.8892 -0.4474 0.0957
vn 0.9841 -0.1512 0.09339
vn 0.01597 0.00264 0.9999
vn 0.01585 -0.01207 0.9998
vn -0.8921 0.4502 0.03815
vn -0.9071 0.4204 0.02332
vn -0.9862 0.1649 0.01734
vn -0.8938 0.4417 -0.0769
vn 0.9844 -0.1503 0.09169
vn 0.8892 -0.4474 0.09569
vn 0.8906 -0.4483 0.07649
vn -0.8906 0.4483 -0.07649
vn -0.9732 0.1509 0.1738
vn -0.9859 0.1516 -0.07016
vn 0.9859 -0.1516 0.07016
vn 0.9844 -0.1503 0.0917
vn 0.9847 -0.1494 0.08998
vn 0.8906 -0.4483 0.07649
vn -0.8906 0.4483 -0.07649
vn -0.8811 0.446 0.1573
vn -0.9532 0.3009 -0.02808
vn 0.9843 -0.1506 0.09226
vn 0.9828 0.1598 0.09261
vn 0.01597 0.002626 0.9999
vn 0.01597 0.002641 0.9999
vn -0.9862 0.1649 0.01734
vn -0.001466 0.00257 1
vn -0.9913 -0.1304 0.01636
vn -0.9532 0.3009 -0.02808
vn -0.9071 0.4204 0.02332
vn -0.8928 0.4505 -0.002492
vn -0.8549 0.4881 -0.1759
vn -0.001478 0.002569 1
vn -0.9862 0.1649 0.01734
vn -0.8382 0.5445 0.02959
vn -0.7559 0.6144 -0.226
vn -0.001464 -0.002765 1
vn 0.004141 -1 0.002575
vn -0.8928 0.4505 -0.002492
vn -0.9071 0.4204 0.02332
vn -0.8921 0.4502 0.03815
vn -0.9343 0.3554 -0.02812
vn 0.004045 -0.9981 0.06145
vn 0.003285 -0.9267 0.3758
vn -0.7559 0.6144 -0.226
vn -0.8382 0.5445 0.02959
vn 0.004043 -0.9981 0.06145
vn -0.9343 0.3554 -0.02812
vn 0.003285 -0.9267 0.3758
vn 0.004043 -0.9981 0.06145
vn 0.9314 0.3631 -0.02536
vn 0.8336 0.5515 0.03205
vn 0.7515 0.6206 -0.2238
vn 0.003283 -0.9267 0.3758
vn 0.9314 0.3631 -0.02536
vn 0.004042 -0.9981 0.06146
vn 0.8774 0.4535 0.1567
vn 0.8866 0.4553 -0.08107
vn -0.8866 -0.4553 0.08107
vn 0.8882 0.4576 0.04078
vn 0.8336 0.5515 0.03205
vn 0.9314 0.3631 -0.02536
vn -0.7019 -0.7056 0.09717
vn -0.8858 -0.4547 0.09307
vn -0.001464 -0.002763 1
vn 0.7515 0.6206 -0.2238
vn 0.8336 0.5515 0.03205
vn 0.8882 0.4576 0.04078
vn 0.9035 0.4279 0.02599
vn 0.889 0.4579 0.0001535
vn 0.004142 -1 0.002573
vn -0.8858 -0.4547 0.09308
vn -0.9826 -0.1607 0.093
vn 0.8811 0.4661 -0.08034
vn 0.9847 0.1731 0.02025
vn 0.9035 0.4279 0.02599
vn 0.8882 0.4576 0.04078
vn -0.8866 -0.4553 0.08107
vn 0.8866 0.4553 -0.08107
vn -0.8866 -0.4553 0.08107
vn 0.8866 0.4553 -0.08107
vn -0.9826 -0.1607 0.093
vn -0.9821 -0.1591 0.1013
vn 0.9821 0.1591 -0.1013
vn 0.8774 0.4535 0.1567
vn 0.9719 0.159 0.1736
vn 0.9477 0.318 -0.0284
vn 0.9729 0.1591 0.1679
vn 0.8774 0.4535 0.1567
vn -0.9821 -0.1591 0.1013
vn 0.9729 0.1591 0.1679
vn 0.9725 -0.15 0.1782
vn 0.9828 -0.1514 -0.1054
vn -0.9828 0.1514 0.1054
vn 0.9821 0.1591 -0.1013
vn 0.9752 -0.1504 0.1625
vn 0.9738 0.1593 0.1623
vn 0.8785 -0.4442 0.1757
vn 0.9725 -0.15 0.1782
vn -0.9828 0.1514 0.1054
vn 0.9696 -0.1495 0.1939
vn 0.879 -0.4445 0.1724
vn 0.8895 -0.4478 -0.09104
vn -0.8895 0.4478 0.09104
vn -0.9841 0.1525 0.0913
vn 0.9828 -0.1514 -0.1054
vn -0.9844 0.1517 0.08969
vn 0.9841 -0.1516 -0.09291
vn -0.9844 0.1517 0.08969
vn -0.9828 0.1514 0.1054
vn 0.9828 -0.1514 -0.1054
vn -0.9821 -0.1591 0.1013
vn 0.9821 0.1591 -0.1013
vn -0.9831 -0.1593 0.09048
vn 0.9878 -0.1522 -0.03196
vn 0.9879 -0.1523 0.02911
vn 0.9867 0.1606 0.02437
vn 0.9923 -0.1221 0.0193
vn -0.9868 0.05904 0.1511
vn -0.9806 0.1527 0.1226
vn -0.9831 -0.1594 0.09049
vn -0.01895 0.002488 0.9998
vn -0.01894 0.002495 0.9998
vn -0.9842 0.1523 0.09077
vn -0.9826 -0.1607 0.093
vn 0.9841 -0.1516 -0.09291
vn -0.9841 0.1525 0.09131
vn -0.8895 0.4479 0.09076
vn -0.8895 0.4478 0.09104
vn 0.8895 -0.4478 -0.09104
vn 0.8927 -0.4499 -0.02701
vn 0.9085 -0.4173 0.02344
vn 0.9879 -0.1523 0.02911
vn -0.8895 0.4478 0.09104
vn 0.8895 -0.4478 -0.09104
vn 0.8896 -0.4479 -0.08907
vn -0.7069 0.7025 0.08232
vn 0.7069 -0.7025 -0.08232
vn 0.8796 -0.4447 0.1691
vn 0.7011 -0.7002 0.1348
vn -0.8898 0.4475 0.08992
vn 0.7011 -0.7002 0.1348
vn 0.879 -0.4445 0.1724
vn 0.7092 -0.7042 -0.03271
vn -0.7069 0.7025 0.08232
vn 0.7069 -0.7025 -0.08232
vn 0.7011 -0.7002 0.1348
vn -0.7098 0.7041 -0.01997
vn 0.8927 -0.4499 -0.02701
vn 0.7341 -0.6784 0.02826
vn 0.7089 -0.7053 0.002876
vn -0.7069 0.7025 0.08232
vn 0.7069 -0.7025 -0.08232
vn -0.7099 0.7033 0.03686
vn -0.8897 0.4476 0.0902
vn -0.9844 0.1517 0.0897
vn -0.2853 -0.3775 0.881
vn -0.01894 0.002492 0.9998
vn -0.8897 0.4476 0.0902
vn 0.9085 -0.4173 0.02344
vn 0.8923 -0.4501 0.03515
vn 0.7341 -0.6784 0.02826
vn 0.7562 -0.6523 0.05208
vn -0.02343 -0.0009139 0.9997
vn -0.001518 0.01008 0.9999
vn -0.001494 0.003883 1
vn 0.9879 -0.1523 0.02911
vn 0.9085 -0.4173 0.02344
vn -0.001495 0.003881 1
vn -0.001492 0.002552 1
vn 0.9923 -0.1221 0.0193
vn -0.001519 0.01008 0.9999
vn 0.02048 -0.0007352 0.9998
vn -0.7509 -0.6585 0.04985
vn -0.7286 -0.6845 0.0261
vn -0.8886 -0.4575 0.03251
vn -0.9051 -0.4248 0.02076
vn -0.001495 0.003881 1
vn -0.001517 0.01008 0.9999
vn -0.001411 -0.01534 0.9999
vn -0.8737 -0.4748 0.1061
vn -0.5245 0.8385 0.1478
vn 0.02048 -0.0007352 0.9998
vn -0.001519 0.01008 0.9999
vn -0.02343 -0.0009139 0.9997
vn 0.5171 0.8428 0.1494
vn 0.8772 -0.4676 0.1087
vn -0.001409 -0.01534 0.9999
vn -0.001517 0.01008 0.9999
vn -0.8737 -0.4748 0.1061
vn 5.728E-05 -0.3496 0.9369
vn 0.004073 -0.9961 0.08782
vn -0.1945 -0.974 0.1161
vn -0.6017 -0.7887 0.1261
vn -0.7379 -0.6668 0.1043
vn -0.7626 -0.6365 0.115
vn 0.8772 -0.4676 0.1087
vn 0.7675 -0.6302 0.1173
vn 0.7431 -0.6606 0.1065
vn 0.6078 -0.7837 0.1279
vn 0.2022 -0.9724 0.1167
vn 0.003997 -0.9961 0.08783
vn 0.001915 -0.7121 0.702
vn 0.002034 -0.7371 0.6757
vn 0.003997 -0.9961 0.08783
vn 0.003978 -0.9961 0.08783
vn 0.004073 -0.9961 0.08782
vn -0.001136 -0.08778 0.9961
vn 0.003978 -0.9961 0.08783
vn -0.1945 -0.974 0.1161
vn 0.004026 -0.9961 0.08782
vn 0.003997 -0.9961 0.08783
vn 0.2022 -0.9724 0.1167
vn -0.008911 0.03807 0.9992
vn 0.005694 0.03813 0.9993
vn 0.6078 -0.7837 0.1279
vn 0.009702 0.03808 0.9992
vn -0.001632 0.03881 0.9992
vn -0.008911 0.03807 0.9992
vn 0.2022 -0.9724 0.1167
vn 0.005694 0.03813 0.9993
vn -0.008911 0.03807 0.9992
vn -0.0008311 -0.151 0.9885
vn -0.004111 0.9998 -0.02189
vn -0.001633 0.03881 0.9992
vn 0.009702 0.03808 0.9992
vn 0.05399 0.03973 0.9978
vn -0.2993 -0.6305 0.7162
vn 0.4198 0.9076 0.006264
vn 0 0.9998 -0.02164
vn -0.0008311 -0.151 0.9885
vn 0.7431 -0.6606 0.1065
vn 0.8284 -0.5505 0.1035
vn 0.054 0.03973 0.9978
vn 0.009702 0.03808 0.9992
vn 0.6078 -0.7837 0.1279
vn 0.7675 -0.6302 0.1173
vn 0.7431 -0.6606 0.1065
vn 0.5171 0.8428 0.1494
vn 0.5158 0.8434 0.1505
vn 0.005337 0.02349 0.9997
vn 0.7675 -0.6302 0.1173
vn 0.8772 -0.4676 0.1087
vn 0.7562 -0.6523 0.05208
vn 0.5158 0.8434 0.1505
vn 0.5171 0.8428 0.1494
vn -0.02343 -0.0009139 0.9997
vn 0.7076 -0.7055 0.03846
vn 0.655 -0.7552 0.02475
vn 0.01722 0.03309 0.9993
vn 0.005337 0.02349 0.9997
vn 0.5158 0.8434 0.1505
vn 0.7562 -0.6523 0.05208
vn 0.7341 -0.6784 0.02826
vn -0.003906 0.05001 0.9987
vn 0.02477 0.02226 0.9994
vn -0.006368 0.005565 1
vn 0.5145 0.8568 0.03441
vn 0.655 -0.7552 0.02475
vn 0.7089 -0.7053 0.002876
vn -0.7095 0.7025 0.05581
vn -0.4569 0.8841 0.09787
vn -0.8332 0.5307 0.1552
vn -0.7077 0.7002 0.09358
vn -0.01825 0.00456 0.9998
vn -0.03273 -0.007812 0.9994
vn -0.8894 0.4479 0.09076
vn -0.8866 0.4457 0.124
vn -0.4569 0.8841 0.09787
vn -0.7077 0.7002 0.09358
vn -0.01893 0.002494 0.9998
vn -0.01891 0.002532 0.9998
vn -0.4569 0.8841 0.09783
vn -0.4577 0.8836 0.09879
vn -0.006399 0.1058 0.9944
vn -0.2514 0.9541 0.1628
vn -0.193 0.9703 0.1458
vn -0.171 0.9815 0.08609
vn -0.1616 0.9814 0.1032
vn -0.4576 0.8837 0.09864
vn -0.01888 0.00257 0.9998
vn 0.01562 -0.1873 0.9822
vn -0.008871 0.1612 0.9869
vn -0.458 0.8834 0.09923
vn -0.4504 0.8676 0.2106
vn -0.5137 0.8352 0.1964
vn -0.0458 0.9866 0.1563
vn -0.006399 0.1058 0.9944
vn -0.0458 0.9866 0.1563
vn -0.04743 0.9866 0.1561
vn 0.5348 0.8431 0.05651
vn 0.02477 0.02226 0.9994
vn -0.5137 0.8352 0.1964
vn -0.5061 0.8516 0.1365
vn -0.5306 0.8371 0.1328
vn -0.04794 0.9926 0.1116
vn -0.04743 0.9866 0.1561
vn -0.0458 0.9866 0.1563
vn 0.5348 0.8431 0.05651
vn -0.04743 0.9866 0.1561
vn -0.04794 0.9926 0.1116
vn -0.09355 0.9895 0.1103
vn 0.523 0.851 0.04765
vn 0.02477 0.02226 0.9994
vn 0.5348 0.8431 0.05651
vn 0.523 0.851 0.04765
vn 0.6685 0.7409 0.06515
vn 0.8238 0.563 0.06579
vn 0.8368 -0.5037 0.2144
vn 0.8334 -0.5099 0.2132
vn -0.006368 0.005565 1
vn -0.09355 0.9895 0.1103
vn -0.09389 0.9937 0.06163
vn 0.02245 0.997 0.07409
vn 0.5445 0.8333 0.09538
vn 0.6672 0.7395 0.08927
vn 0.6685 0.7409 0.06515
vn 0.523 0.851 0.04765
vn 0.8238 0.563 0.06579
vn 0.6685 0.7409 0.06515
vn 0.6672 0.7395 0.08927
vn 0.9918 0.1026 0.07573
vn 0.9936 0.07265 0.08647
vn 0.8368 -0.5037 0.2144
vn 0.8238 0.563 0.06579
vn 0.9936 0.07265 0.08647
vn 0.992 0.09074 0.08795
vn 0.7624 -0.6281 0.1558
vn 0.9918 0.1026 0.07573
vn 0.9839 0.1627 0.07365
vn 0.9978 -0.02472 0.06155
vn 0.9713 -0.2253 0.07679
vn 0.992 0.09074 0.08795
vn 0.9936 0.07265 0.08647
vn 0.5445 0.8333 0.09538
vn 0.5465 0.836 0.04903
vn 0.5259 0.8492 0.04729
vn 0.9259 0.3757 0.04082
vn 0.9839 0.1627 0.07365
vn 0.9918 0.1026 0.07573
vn 0.6672 0.7395 0.08927
vn 0.02245 0.997 0.07409
vn 0.02632 0.9987 0.0427
vn -0.07539 0.9966 0.0329
vn 0.5465 0.836 0.04903
vn 0.5445 0.8333 0.09538
vn -0.09389 0.9937 0.06163
vn -0.373 0.9268 0.04302
vn -0.3756 0.9266 0.02053
vn -0.3475 0.9373 0.02474
vn 0.02632 0.9987 0.0427
vn 0.02245 0.997 0.07409
vn -0.5306 0.8371 0.1328
vn -0.5353 0.8445 0.01746
vn -0.373 0.9268 0.04302
vn -0.09389 0.9937 0.06163
vn -0.09355 0.9895 0.1103
vn -0.04794 0.9926 0.1116
vn -0.5061 0.8516 0.1365
vn -0.4449 0.8849 0.1381
vn -0.2593 0.9602 0.1041
vn -0.2595 0.9651 0.0367
vn -0.5353 0.8445 0.01746
vn -0.5306 0.8371 0.1328
vn -0.4504 0.8676 0.2106
vn -0.4273 0.8796 0.2093
vn -0.4449 0.8849 0.1381
vn -0.5061 0.8516 0.1365
vn -0.5137 0.8352 0.1964
vn -0.457 0.8841 0.09789
vn -0.4514 0.8696 0.2002
vn -0.4273 0.8796 0.2093
vn -0.4504 0.8676 0.2106
vn -0.4569 0.8841 0.09781
vn -0.1616 0.9814 0.1032
vn -0.1611 0.9691 0.1866
vn -0.262 0.9545 0.1426
vn -0.4514 0.8696 0.2002
vn -0.457 0.8841 0.09789
vn -0.2593 0.9602 0.1041
vn -0.4449 0.8849 0.1381
vn -0.4273 0.8796 0.2093
vn -0.4514 0.8696 0.2002
vn -0.262 0.9545 0.1426
vn -0.2772 0.9554 0.102
vn -0.2595 0.9651 0.0367
vn -0.2593 0.9602 0.1041
vn -0.2772 0.9554 0.102
vn -0.08012 0.9961 0.03575
vn -0.2106 0.9771 0.03172
vn -0.1611 0.9691 0.1866
vn 0.06692 0.9966 0.0487
vn -0.04831 0.9983 0.033
vn -0.08012 0.9961 0.03575
vn -0.2772 0.9554 0.102
vn -0.262 0.9545 0.1426
vn -0.171 0.9815 0.08607
vn 0.1494 0.9827 0.1091
vn 0.1512 0.9873 0.04868
vn 0.06692 0.9966 0.0487
vn -0.1611 0.9691 0.1866
vn -0.1616 0.9814 0.1032
vn -0.16 0.9777 0.1361
vn -0.1741 0.9814 0.08036
vn 0.1596 -0.9861 0.04578
vn -0.193 0.9703 0.1458
vn 0.09745 -0.6819 0.7249
vn -0.01895 0.002491 0.9998
vn 0.1494 0.9827 0.1091
vn -0.1616 0.9814 0.1032
vn 0.1465 0.979 0.1419
vn 0.2445 0.9538 0.1745
vn 0.1494 0.9827 0.1091
vn -0.01894 0.002494 0.9998
vn -0.01894 0.002491 0.9998
vn 0.4455 0.8879 0.115
vn 0.1494 0.9827 0.1091
vn 0.007297 -0.9858 -0.1676
vn -0.01895 0.002492 0.9998
vn -0.01895 0.002524 0.9998
vn -0.01896 0.00256 0.9998
vn 0.007296 -0.9858 -0.1676
vn -0.01896 0.002672 0.9998
vn -0.01889 0.002615 0.9998
vn -0.01896 0.002488 0.9998
vn -0.01896 0.00256 0.9998
vn 0.007301 -0.9858 -0.1676
vn 0.2963 0.9365 0.1873
vn -0.305 -0.9523 -0.003404
vn 0.004129 -1 0.002571
vn 0.004131 -1 0.002571
vn -0.01896 0.002635 0.9998
vn -0.01894 0.002519 0.9998
vn -0.01122 0.008138 0.9999
vn 0.2631 -0.9647 0.007388
vn 0.004131 -1 0.002571
vn -0.01896 0.002783 0.9998
vn -0.01892 0.002548 0.9998
vn -0.01893 0.002766 0.9998
vn 0.00413 -1 0.002571
vn 0.2881 -0.9576 0.007844
vn 0.311 -0.934 -0.1758
vn -0.01134 0.008059 0.9999
vn -0.003697 0.01356 0.9999
vn 0.2964 -0.955 0.007995
vn -0.2514 0.9541 0.1628
vn 0.2512 -0.9565 -0.1485
vn 0.005593 -0.9972 -0.07492
vn -0.2449 -0.9562 -0.1603
vn 0.2445 0.9538 0.1745
vn 0.1465 0.979 0.1419
vn -0.1765 0.9741 0.141
vn 0.2512 -0.9565 -0.1485
vn -0.2514 0.9541 0.1628
vn 0.005622 -0.9972 -0.07493
vn 0.2512 -0.9565 -0.1485
vn -0.9689 -0.2463 0.02226
vn 0.008538 -0.972 -0.2348
vn 0.005619 -0.9972 -0.07493
vn 0.006353 -0.9933 -0.1155
vn 0.005604 -0.9972 -0.07492
vn 0.008516 -0.972 -0.2348
vn 0.9984 0.05709 0.006154
vn 0.006265 -0.9939 -0.11
vn -0.9983 0.04872 -0.03165
vn 0.008504 -0.972 -0.2348
vn 0.005585 -0.9972 -0.07492
vn 0.006278 -0.9935 -0.1133
vn 0.005569 -0.9972 -0.07493
vn 0.008491 -0.972 -0.2348
vn 0.9694 -0.2382 0.05896
vn 0.00633 -0.9933 -0.1158
vn -0.2449 -0.9562 -0.1603
vn 0.005571 -0.9972 -0.07492
vn 0.2445 0.9538 0.1745
vn -0.2449 -0.9562 -0.1603
vn -0.16 0.9777 0.1361
vn 0.1465 0.979 0.1419
vn 0.008504 -0.972 -0.2348
vn 0.9694 -0.2382 0.05896
vn 0.001006 -0.9862 0.1653
vn -0.2189 -0.9496 0.2244
vn 0.001006 -0.9862 0.1653
vn 0.9694 -0.2382 0.05896
vn 0.008517 -0.972 -0.2348
vn 0.001006 -0.9862 0.1653
vn -0.2189 -0.9496 0.2244
vn -0.9983 0.04872 -0.03165
vn -0.9983 0.04872 -0.03165
vn -0.2189 -0.9496 0.2244
vn -0.9689 -0.2463 0.02226
vn 0.008516 -0.972 -0.2348
vn 0.0009824 -0.9862 0.1653
vn 0.9984 0.05709 0.006154
vn 0.2182 -0.9478 0.2327
vn 0.0009824 -0.9862 0.1653
vn 0.008494 -0.972 -0.2348
vn -0.9689 -0.2463 0.02226
vn 0.0009824 -0.9862 0.1653
vn 0.2182 -0.9478 0.2327
vn 0.2182 -0.9478 0.2327
vn 0.9984 0.05709 0.006154
vn 0.311 -0.934 -0.1758
vn -0.0189 0.002474 0.9998
vn 0.3129 -0.9498 0.008295
vn 0.311 -0.934 -0.1758
vn -0.5856 0.7952 0.1572
vn -0.01887 0.00243 0.9998
vn -0.01891 0.002532 0.9998
vn -0.01879 0.002291 0.9998
vn -0.5856 0.7952 0.1572
vn -0.5856 0.7952 0.1572
vn -0.01893 0.002494 0.9998
vn -0.01885 0.002765 0.9998
vn -0.019 0.002587 0.9998
vn 0.311 -0.934 -0.1758
vn -0.019 0.002587 0.9998
vn 0.591 -0.8066 0.01321
vn 0.3129 -0.9498 0.008295
vn -0.01884 0.002291 0.9998
vn -0.01723 0.007664 0.9998
vn 0.6265 -0.4582 0.6306
vn 0.591 -0.8066 0.01321
vn -0.01921 0.002883 0.9998
vn -0.01894 0.002488 0.9998
vn -0.01893 0.002491 0.9998
vn 0.591 -0.8066 0.01321
vn 0.8113 -0.5844 0.01683
vn -0.8009 0.5749 0.1674
vn 0.7716 -0.559 0.3034
vn -0.01882 0.002402 0.9998
vn -0.8009 0.5749 0.1674
vn -0.01733 0.007381 0.9998
vn 0.1743 -0.1364 0.9752
vn -0.01895 0.002472 0.9998
vn -0.8009 0.5749 0.1674
vn 0.801 -0.5749 -0.167
vn -0.8009 0.5749 0.1674
vn 0.9415 -0.301 -0.1517
vn -0.02239 -8.443E-05 0.9997
vn -0.03273 -0.007812 0.9994
vn -0.01865 0.00228 0.9998
vn -0.01815 0.00224 0.9998
vn -0.8868 0.4452 0.1238
vn -0.02584 -0.002661 0.9997
vn -0.8895 0.4479 0.09076
vn 0.9415 -0.301 -0.1517
vn -0.01825 0.002275 0.9998
vn -0.5182 -0.7449 -0.4202
vn -0.01894 0.002495 0.9998
vn -0.01815 0.00224 0.9998
vn 0.9415 -0.301 -0.1517
vn -0.9415 0.301 0.1517
vn 0.9415 -0.301 -0.1517
vn 0.9415 -0.301 -0.1517
vn -0.9415 0.301 0.1517
vn -0.8009 0.5749 0.1674
vn 0.8113 -0.5844 0.01683
vn 0.8113 -0.5844 0.01683
vn 0.9522 -0.305 0.0188
vn -0.01822 0.002263 0.9998
vn -0.0184 0.002053 0.9998
vn -0.4833 -0.6667 0.5674
vn 0.9836 0.00452 0.1804
vn 0.9522 -0.305 0.0188
vn -0.01835 0.00231 0.9998
vn -0.01893 0.002486 0.9998
vn -0.01895 0.002485 0.9998
vn -0.01896 0.002483 0.9998
vn 0.9522 -0.305 0.0188
vn 0.8113 -0.5844 0.01683
vn -0.01894 0.002514 0.9998
vn -0.01896 0.002483 0.9998
vn 0.9522 -0.305 0.0188
vn 0.9998 0.004176 0.01893
vn -0.01894 0.002487 0.9998
vn -0.01789 0.002532 0.9998
vn -0.01894 0.002437 0.9998
vn -0.01893 0.002498 0.9998
vn -0.01894 0.00248 0.9998
vn 0.3129 -0.9498 0.008295
vn 0.591 -0.8065 0.01321
vn 0.3129 -0.9498 0.008295
vn 0.004127 -1 0.002571
vn -0.305 -0.9523 -0.003404
vn -0.01893 0.002738 0.9998
vn -0.0189 0.002669 0.9998
vn -0.01892 0.002533 0.9998
vn -0.01895 0.002499 0.9998
vn -0.0189 0.002669 0.9998
vn -0.2986 -0.9544 -0.003279
vn -0.5843 -0.8115 -0.009047
vn -0.305 -0.9523 -0.003404
vn -0.305 -0.9523 -0.003405
vn 0.2963 0.9365 0.1873
vn -0.01902 0.002193 0.9998
vn 0.2963 0.9365 0.1873
vn -0.01224 -0.008071 0.9999
vn -0.2954 -0.9554 -0.003216
vn -0.01919 0.001601 0.9998
vn 0.2963 0.9365 0.1873
vn -0.2963 -0.9365 -0.1873
vn 0.5726 0.8001 0.1791
vn -0.01964 0.001514 0.9998
vn -0.01565 -0.003011 0.9999
vn -0.01894 0.002493 0.9998
vn -0.2858 -0.9583 -0.003026
vn -0.5843 -0.8115 -0.009046
vn -0.01995 0.001075 0.9998
vn -0.005291 -0.01774 0.9998
vn 0.5726 0.8 0.1791
vn 0.3213 -0.947 -0.007116
vn -0.01985 0.001221 0.9998
vn -0.01894 0.002492 0.9998
vn 0.5726 0.8001 0.1791
vn -0.7892 -0.5815 -0.1975
vn -0.8016 -0.5891 -0.1024
vn -0.5843 -0.8115 -0.009047
vn -0.02026 0.0006366 0.9998
vn 0.2155 -0.6731 0.7075
vn -0.7728 -0.5709 -0.2772
vn 0.827 0.5312 0.1843
vn 0.878 0.4521 0.1571
vn 0.08403 -0.2985 0.9507
vn 0.8816 0.4553 0.1243
vn 0.6978 0.7061 0.1202
vn -0.01894 0.002493 0.9998
vn -0.7892 -0.5815 -0.1975
vn -0.01893 0.002475 0.9998
vn -0.1672 -0.1385 -0.9762
vn -0.8064 -0.5912 -0.0138
vn -0.9496 -0.313 -0.01721
vn -0.0208 0.001895 0.9998
vn -0.01818 -0.1924 0.9811
vn -0.5893 -0.4429 -0.6757
vn -0.7892 -0.5815 -0.1975
vn -0.7892 -0.5815 -0.1975
vn -0.2142 -0.1727 -0.9614
vn -0.7892 -0.5815 -0.1975
vn 0.6127 0.4382 -0.6577
vn -0.01892 0.002477 0.9998
vn -0.7892 -0.5815 -0.1975
vn -0.7949 -0.5851 -0.1602
vn -0.0184 -0.08859 0.9959
vn -0.7891 -0.5815 -0.1978
vn -0.7892 -0.5815 -0.1975
vn -0.01861 -0.02334 0.9996
vn -0.01895 0.002491 0.9998
vn 0.9666 0.1947 0.1665
vn 0.8816 0.4553 0.1243
vn -0.9325 -0.3089 -0.1871
vn -0.01807 -0.134 0.9908
vn -0.01997 0.002158 0.9998
vn -0.01894 0.002486 0.9998
vn -0.9325 -0.3089 -0.1871
vn 0.9793 0.004558 0.2025
vn -0.9569 -0.004704 -0.2904
vn -0.9496 -0.313 -0.01721
vn -0.01997 0.002158 0.9998
vn -0.01912 0.002506 0.9998
vn -0.01874 0.002485 0.9998
vn -0.9998 -0.004189 -0.01893
vn -0.9496 -0.313 -0.01721
vn -0.01894 0.002503 0.9998
vn -0.01904 0.002496 0.9998
vn -0.9496 -0.313 -0.01721
vn -0.8064 -0.5912 -0.0138
vn -0.01893 0.002493 0.9998
vn -0.01893 0.002471 0.9998
vn -0.01895 0.002488 0.9998
vn -0.01894 0.002492 0.9998
vn -0.5843 -0.8115 -0.009047
vn -0.8064 -0.5912 -0.0138
vn -0.01893 0.002471 0.9998
vn 0.311 -0.934 -0.1758
vn 0.311 -0.934 -0.1758
vn 0.311 -0.934 -0.1758
vn 0.311 -0.9338 -0.1767
vn -0.01894 0.002506 0.9998
vn -0.01894 0.002493 0.9998
vn 0.6978 0.7061 0.1202
vn 0.4455 0.8879 0.115
vn 0.6978 0.7061 0.1202
vn 0.6999 0.7077 0.09629
vn 0.661 0.7468 0.07343
vn 0.6216 0.7807 0.06433
vn 0.4483 0.8915 0.06476
vn 0.4455 0.8879 0.115
vn 0.6978 0.7061 0.1202
vn 0.8816 0.4553 0.1243
vn 0.8806 0.4549 0.1327
vn 0.8238 0.5593 0.09203
vn 0.6999 0.7077 0.09629
vn 0.6978 0.7061 0.1202
vn 0.661 0.7468 0.07343
vn 0.6999 0.7077 0.09629
vn 0.8238 0.5593 0.09203
vn 0.8244 0.5594 0.08604
vn 0.7934 0.6044 0.07211
vn 0.8806 0.4549 0.1327
vn 0.9694 0.2212 0.1064
vn 0.969 0.2211 0.1106
vn 0.9293 0.3607 0.07988
vn 0.8244 0.5594 0.08604
vn 0.8238 0.5593 0.09203
vn 0.7934 0.6044 0.07211
vn 0.8244 0.5594 0.08604
vn 0.9293 0.3607 0.07988
vn 0.928 0.3605 0.09386
vn 0.888 0.4557 0.06142
vn 0.794 0.6045 0.06468
vn 0.661 0.7468 0.07343
vn 0.7934 0.6044 0.07211
vn 0.794 0.6045 0.06468
vn 0.7585 0.6502 0.04346
vn 0.622 0.7817 0.04494
vn 0.6216 0.7807 0.06433
vn 0.888 0.4557 0.06142
vn 0.8891 0.4561 0.03908
vn 0.7973 0.6035 0.001387
vn 0.7598 0.6501 0.001338
vn 0.7585 0.6502 0.04346
vn 0.794 0.6045 0.06468
vn 0.622 0.7817 0.04494
vn 0.7585 0.6502 0.04346
vn 0.7598 0.6501 0.001338
vn 0.7114 0.7027 -0.009078
vn 0.6085 0.7935 -0.009874
vn 0.6082 0.7929 0.03724
vn 0.7973 0.6035 0.001387
vn 0.797 0.6032 0.03088
vn 0.6346 0.7728 0.002316
vn 0.7114 0.7028 0.002245
vn 0.7114 0.7027 -0.009078
vn 0.7598 0.6501 0.001338
vn 0.6085 0.7935 -0.009874
vn 0.7114 0.7027 -0.009078
vn 0.7114 0.7028 0.002245
vn 0.6242 0.7812 -0.01392
vn 0.5939 0.8044 -0.01389
vn 0.5939 0.8044 -0.01298
vn 0.6346 0.7728 0.002316
vn 0.6336 0.7719 0.05201
vn 0.5647 0.8244 0.03874
vn 0.6236 0.7807 0.03983
vn 0.6242 0.7812 -0.01392
vn 0.7114 0.7028 0.002245
vn 0.5939 0.8044 -0.01389
vn 0.6242 0.7812 -0.01392
vn 0.6236 0.7807 0.03983
vn 0.5753 0.8173 0.03122
vn 0.5845 0.8108 0.03139
vn 0.5848 0.811 -0.01566
vn 0.5939 0.8044 -0.01298
vn 0.5939 0.8044 -0.01389
vn 0.5848 0.811 -0.01566
vn 0.4234 0.9058 -0.01624
vn 0.4016 0.9157 -0.01265
vn 0.4015 0.9157 -0.01553
vn 0.5845 0.8108 0.03139
vn 0.558 0.8294 0.02637
vn 0.4232 0.9057 0.0238
vn 0.4234 0.9058 -0.01624
vn 0.5848 0.811 -0.01566
vn 0.4016 0.9157 -0.01265
vn 0.4234 0.9058 -0.01624
vn 0.4232 0.9057 0.0238
vn 0.3805 0.9246 0.01642
vn 0.2084 0.9779 0.01375
vn 0.2085 0.9779 -0.01518
vn 0.558 0.8294 0.02637
vn 0.5579 0.8292 0.0337
vn 0.5524 0.8329 0.03264
vn 0.3804 0.9244 0.02801
vn 0.3805 0.9246 0.01642
vn 0.4232 0.9057 0.0238
vn 0.5753 0.8173 0.03122
vn 0.5751 0.8174 0.03402
vn 0.5579 0.8292 0.0337
vn 0.558 0.8294 0.02637
vn 0.5845 0.8108 0.03139
vn 0.5647 0.8244 0.03874
vn 0.5651 0.8246 0.0265
vn 0.616 0.7872 0.02841
vn 0.5751 0.8174 0.03402
vn 0.5753 0.8173 0.03122
vn 0.6236 0.7807 0.03983
vn 0.6336 0.7719 0.05201
vn 0.5807 0.8126 0.04946
vn 0.5236 0.8502 0.05437
vn 0.5677 0.8222 0.0409
vn 0.5471 0.8355 0.05167
vn 0.5482 0.8362 0.0176
vn 0.6136 0.7894 0.02015
vn 0.5651 0.8246 0.0265
vn 0.5647 0.8244 0.03874
vn 0.797 0.6032 0.03088
vn 0.5804 0.8122 0.05875
vn 0.5807 0.8126 0.04946
vn 0.6336 0.7719 0.05201
vn 0.6346 0.7728 0.002316
vn 0.7973 0.6035 0.001387
vn 0.8891 0.4561 0.03908
vn 0.9412 0.3341 0.0497
vn 0.8604 0.5072 0.05003
vn 0.6358 0.7686 0.07083
vn 0.6828 0.7278 0.0632
vn 0.5804 0.8122 0.05875
vn 0.797 0.6032 0.03088
vn 0.5807 0.8126 0.04946
vn 0.5804 0.8122 0.05875
vn 0.6828 0.7278 0.0632
vn 0.4441 0.8929 0.07423
vn 0.5146 0.855 0.06442
vn 0.515 0.8556 0.05299
vn 0.5236 0.8502 0.05437
vn 0.6358 0.7686 0.07083
vn 0.6344 0.7661 0.1031
vn 0.5641 0.821 0.0877
vn 0.4474 0.8899 0.08888
vn 0.4479 0.891 0.0749
vn 0.4441 0.8929 0.07423
vn 0.6828 0.7278 0.0632
vn 0.8604 0.5072 0.05003
vn 0.8577 0.5059 0.09157
vn 0.6344 0.7661 0.1031
vn 0.6358 0.7686 0.07083
vn 0.9412 0.3341 0.0497
vn 0.9391 0.3336 0.08217
vn 0.8587 0.5043 0.0911
vn 0.8577 0.5059 0.09157
vn 0.8604 0.5072 0.05003
vn 0.928 0.3605 0.09386
vn 0.9216 0.3765 0.0946
vn 0.9391 0.3336 0.08217
vn 0.9412 0.3341 0.0497
vn 0.8891 0.4561 0.03908
vn 0.888 0.4557 0.06142
vn 0.969 0.2211 0.1106
vn 0.9183 0.3758 0.1249
vn 0.9216 0.3765 0.0946
vn 0.928 0.3605 0.09386
vn 0.9293 0.3607 0.07988
vn 0.9694 0.2212 0.1064
vn 0.9792 0.1599 0.1251
vn 0.9471 0.2886 0.1406
vn 0.9481 0.2891 0.1321
vn 0.9183 0.3758 0.1249
vn 0.969 0.2211 0.1106
vn 0.9787 0.1584 -0.1305
vn 0.9789 0.1599 0.1269
vn 0.8816 0.4553 0.1243
vn 0.8816 0.4553 0.1243
vn 0.8806 0.4549 0.1327
vn 0.9694 0.2212 0.1064
vn 0.9792 0.1599 0.1251
vn 0.9802 -0.1511 0.1277
vn 0.977 0.213 0.01039
vn 0.9471 0.2886 0.1406
vn 0.9792 0.1599 0.1251
vn 0.9732 0.23 0.0003022
vn 0.9787 0.1584 -0.1305
vn 0.9677 0.2165 -0.129
vn 0.9489 -0.289 -0.1265
vn 0.9787 0.1584 -0.1305
vn 0.04123 -0.01683 0.999
vn 0.08607 -0.02094 0.9961
vn 0.975 -0.2224 0.0006218
vn 0.9732 0.23 0.0003472
vn 0.9489 -0.289 -0.1265
vn 0.9677 0.2165 -0.129
vn 0.979 -0.1989 0.04338
vn -0.01894 0.002494 0.9998
vn -0.01894 0.002502 0.9998
vn 0.8854 -0.4473 0.1266
vn 0.9799 0.05939 0.1907
vn 0.9315 0.1533 0.3298
vn 0.9802 -0.1511 0.1278
vn -0.01875 0.001888 0.9998
vn -0.02079 -0.003452 0.9998
vn 0.8436 0.1401 0.5183
vn 0.9739 0.1617 0.1594
vn 0.935 -0.3002 0.1887
vn -0.019 0.002505 0.9998
vn -0.01837 0.002296 0.9998
vn -0.01887 0.002265 0.9998
vn -0.01894 0.002495 0.9998
vn -0.3156 -0.003757 -0.9489
vn -0.9522 0.3051 -0.0188
vn -0.01837 0.002296 0.9998
vn -0.01843 0.0009037 0.9998
vn -0.5391 0 0.8423
vn 0.794 -0.574 0.2005
vn -0.8095 0.5821 0.07648
vn -0.9522 0.305 -0.0188
vn -0.019 0.002505 0.9998
vn -0.01941 0.002875 0.9998
vn -0.01882 0.002487 0.9998
vn -0.9522 0.305 -0.0188
vn -0.9998 -0.00418 -0.01893
vn -0.01894 0.002499 0.9998
vn 0.7893 0.001665 -0.614
vn -0.5391 0 0.8423
vn 0.9793 0.00463 0.2025
vn -0.019 0.002536 0.9998
vn -0.9792 -0.004562 -0.2031
vn 0.9793 0.004607 0.2025
vn 0.9793 0.004561 0.2025
vn -0.01856 0.001316 0.9998
vn -0.5391 0 0.8423
vn -0.01898 0.002633 0.9998
vn 0.9793 0.004702 0.2025
vn -0.9325 -0.3089 -0.1871
vn -0.01914 0.00242 0.9998
vn -0.019 0.002504 0.9998
vn -0.01956 0.0005096 0.9998
vn 0.9739 0.1613 0.1595
vn -0.01956 0.0005126 0.9998
vn 0.8436 0.1401 0.5183
vn 0.827 0.5312 0.1843
vn -0.8295 -0.532 -0.1701
vn -0.9453 -0.3122 -0.09463
vn -0.9825 -0.05998 -0.1765
vn 0.9799 0.05939 0.1907
vn 0.9739 0.1613 0.1595
vn 0.878 0.4521 0.1571
vn 0.878 0.4521 0.1571
vn 0.974 0.1609 0.1596
vn -0.8295 -0.532 -0.1701
vn 0.827 0.5312 0.1843
vn -0.9453 -0.3123 -0.09464
vn -0.8295 -0.532 -0.1701
vn -0.5342 0.8449 0.02778
vn -0.918 -0.3045 -0.254
vn -0.9453 -0.3122 -0.09463
vn -0.9354 -0.3096 -0.171
vn -0.9453 -0.3122 -0.09462
vn -0.918 -0.3046 -0.254
vn 0.3629 -0.9318 -0.003416
vn -0.9299 -0.308 -0.2009
vn -0.2619 0.9649 -0.01999
vn -0.918 -0.3045 -0.254
vn -0.9453 -0.3123 -0.09464
vn -0.9361 -0.3098 -0.1669
vn -0.9453 -0.3122 -0.09462
vn -0.918 -0.3046 -0.254
vn 0.07246 -0.9964 0.04386
vn -0.9295 -0.3078 -0.2033
vn -0.9825 -0.05998 -0.1765
vn -0.9452 -0.3124 -0.09459
vn 0.9799 0.05939 0.1907
vn -0.9825 -0.05998 -0.1765
vn -0.2619 0.9649 -0.01999
vn -0.918 -0.3046 -0.254
vn -0.94 -0.3084 0.1458
vn -0.9741 -0.08897 0.208
vn 0.07246 -0.9964 0.04386
vn -0.94 -0.3084 0.1458
vn -0.918 -0.3047 -0.254
vn -0.9741 -0.08897 0.208
vn -0.94 -0.3084 0.1458
vn 0.07246 -0.9964 0.04386
vn -0.2619 0.9649 -0.01999
vn -0.9741 -0.08897 0.208
vn -0.5342 0.8449 0.02778
vn -0.918 -0.3046 -0.254
vn -0.94 -0.3084 0.1458
vn 0.3629 -0.9318 -0.003416
vn -0.8373 -0.5041 0.2116
vn -0.94 -0.3084 0.1458
vn -0.918 -0.3047 -0.254
vn -0.5342 0.8449 0.02778
vn -0.94 -0.3084 0.1458
vn -0.8373 -0.5041 0.2116
vn -0.8373 -0.5041 0.2116
vn 0.3629 -0.9318 -0.003416
vn 0.9793 0.004561 0.2025
vn -0.9793 -0.004569 -0.2022
vn 0.9998 0.004171 0.01893
vn 0.9496 0.313 0.01721
vn -0.01893 0.002498 0.9998
vn -0.01862 0.002502 0.9998
vn 0.9862 0.003649 -0.1653
vn 0.9882 0.003672 -0.1534
vn 0.9496 0.313 0.01721
vn -0.01911 0.002412 0.9998
vn -0.01908 0.002527 0.9998
vn -0.9806 -0.004545 -0.196
vn 0.9862 0.003627 -0.1653
vn -0.01894 0.002471 0.9998
vn 0.9496 0.313 0.01721
vn 0.8064 0.5912 0.0138
vn -0.01892 0.002488 0.9998
vn -0.01894 0.002504 0.9998
vn -0.01847 0.002632 0.9998
vn -0.01765 -0.01117 0.9998
vn 0.8262 0.5632 0.01643
vn 0.9496 0.313 0.01721
vn -0.01894 0.002488 0.9998
vn 0.8197 0.5726 0.01556
vn 0.5843 0.8115 0.009046
vn -0.01894 0.002502 0.9998
vn -0.01894 0.002505 0.9998
vn 0.7962 0.5806 -0.1704
vn 0.8325 0.5537 0.0173
vn -0.01818 -0.02741 0.9995
vn 0.7962 0.5806 -0.1703
vn -0.01909 0.002077 0.9998
vn -0.01934 0.001915 0.9998
vn 0.5843 0.8115 0.009045
vn 0.8064 0.5912 0.0138
vn -0.01893 0.002521 0.9998
vn 0.7962 0.5806 -0.1704
vn 0.7961 0.5806 -0.1706
vn 0.7962 0.5806 -0.1703
vn 0.7962 0.5806 -0.1703
vn 0.7961 0.5806 -0.1707
vn -0.8858 -0.4547 0.09306
vn -0.01877 -0.01674 0.9997
vn -0.01894 0.002491 0.9998
vn -0.9831 -0.1594 0.09049
vn -0.8858 -0.4547 0.09308
vn -0.939 -0.308 0.1532
vn -0.01895 0.002488 0.9998
vn -0.01894 0.002491 0.9998
vn -0.01779 -0.04237 0.9989
vn -0.01783 0.002852 0.9998
vn -0.939 -0.308 0.1532
vn -0.01911 0.002412 0.9998
vn -0.01901 0.002525 0.9998
vn -0.01894 0.002522 0.9998
vn -0.01895 0.002484 0.9998
vn -0.01783 0.002852 0.9998
vn -0.939 -0.308 0.1532
vn 0.9862 0.003643 -0.1653
vn -0.01899 0.002506 0.9998
vn -0.3547 0.0009474 0.935
vn 0.9863 0.00365 -0.1649
vn 0.9862 0.003645 -0.1653
vn 0.9862 0.00366 -0.1653
vn 0.8639 0.004857 0.5036
vn -0.003785 0.02391 0.9997
vn 0.9862 0.003649 -0.1653
vn 0.9863 0.003652 -0.1651
vn -0.001463 0.002575 1
vn 0.9847 0.1731 0.02025
vn 0.9477 0.318 -0.0284
vn 0.9923 -0.1221 0.0193
vn -0.001477 0.002557 1
vn -0.7019 -0.7056 0.09717
vn -0.01895 0.002492 0.9998
vn -0.01895 0.002477 0.9998
vn -0.8858 -0.4547 0.09306
vn 0.579 0.7992 -0.1613
vn -0.01895 0.002481 0.9998
vn -0.01909 0.002055 0.9998
vn -0.01903 0.00235 0.9998
vn 0.579 0.7992 -0.1613
vn -0.01543 -0.001746 0.9999
vn -0.01895 0.002492 0.9998
vn -0.01873 0.002786 0.9998
vn 0.579 0.7992 -0.1613
vn -0.4496 -0.8873 0.1024
vn -0.01894 0.002493 0.9998
vn -0.01895 0.002503 0.9998
vn -0.7019 -0.7056 0.09717
vn -0.0008492 0.985 -0.1727
vn -0.01894 0.00248 0.9998
vn -0.01894 0.002511 0.9998
vn -0.01894 0.002557 0.9998
vn -0.4496 -0.8873 0.1024
vn -0.1535 -0.9822 0.1082
vn -0.01894 0.002481 0.9998
vn -0.01894 0.002481 0.9998
vn -0.0008663 0.985 -0.1727
vn -0.01894 0.002671 0.9998
vn -0.01403 0.001202 0.9999
vn -0.01894 0.002481 0.9998
vn -0.01894 0.002557 0.9998
vn -0.000855 0.985 -0.1727
vn -0.1535 -0.9822 0.1082
vn 0.1575 -0.9809 0.1141
vn -0.01894 0.002482 0.9998
vn -0.01894 0.002482 0.9998
vn 0.3565 -0.9165 0.1813
vn -0.01894 0.002484 0.9998
vn 0.1575 -0.9809 0.1142
vn 0.4511 -0.8844 0.1195
vn -0.0115 0.002584 0.9999
vn 0.4487 -0.8804 0.1533
vn -0.4496 -0.8873 0.1024
vn -0.7019 -0.7056 0.09717
vn 0.4502 -0.8797 0.1528
vn 0.452 -0.884 0.1195
vn -0.01522 0.002532 0.9999
vn 0.4528 -0.8835 0.1195
vn 0.7036 -0.6997 0.1238
vn -0.01894 0.002493 0.9998
vn -0.01894 0.002487 0.9998
vn 0.4528 -0.8836 0.1195
vn -0.5792 0.7944 -0.1832
vn -0.01708 0.002509 0.9999
vn -0.01956 0.004456 0.9998
vn -0.0197 0.003545 0.9998
vn -0.5792 0.7944 -0.1832
vn -0.01947 0.00321 0.9998
vn -0.03407 -0.005733 0.9994
vn -0.01893 0.002494 0.9998
vn -0.0197 0.003545 0.9998
vn -0.5792 0.7944 -0.1832
vn -0.3041 0.9331 -0.1921
vn -0.01947 0.00321 0.9998
vn -0.591 0.8066 -0.01321
vn -0.3129 0.9498 -0.008295
vn -0.01928 0.00355 0.9998
vn -0.8113 0.5844 -0.01683
vn -0.591 0.8066 -0.01321
vn -0.01923 0.002876 0.9998
vn -0.08983 -0.0211 0.9957
vn -0.7173 0.5113 0.4733
vn -0.01894 0.002488 0.9998
vn -0.3129 0.9498 -0.008295
vn -0.591 0.8066 -0.01321
vn -0.01893 0.002505 0.9998
vn -0.01894 0.002485 0.9998
vn -0.591 0.8066 -0.01321
vn -0.8113 0.5844 -0.01683
vn -0.01894 0.002495 0.9998
vn -0.01892 0.002502 0.9998
vn -0.3024 0.9531 -0.008105
vn -0.004141 1 -0.002571
vn -0.01894 0.002354 0.9998
vn -0.01894 0.002389 0.9998
vn -0.004131 1 -0.002571
vn 0.305 0.9523 0.003404
vn -0.01894 0.002373 0.9998
vn -0.01896 0.00231 0.9998
vn 0.5843 0.8115 0.009046
vn -0.01894 0.002436 0.9998
vn -0.01894 0.002441 0.9998
vn 0.3088 0.9511 0.003477
vn -0.01894 0.002492 0.9998
vn -0.8113 0.5844 -0.01683
vn -0.9522 0.305 -0.0188
vn -0.01893 0.002494 0.9998
vn -0.01893 0.002499 0.9998
vn 0.5843 0.8115 0.009045
vn -0.01903 0.00235 0.9998
vn -0.005141 -0.01542 0.9999
vn 0.3162 0.9487 0.003625
vn 0.5843 0.8115 0.009046
vn 0.3033 0.9356 -0.1806
vn -0.009654 -0.009156 0.9999
vn 0.3106 0.9505 0.003514
vn 0.3033 0.9356 -0.1806
vn 0.305 0.9523 0.003404
vn -0.004122 1 -0.002572
vn -0.01894 0.002671 0.9998
vn -0.01894 0.002557 0.9998
vn -0.01876 0.003106 0.9998
vn 0.305 0.9523 0.003404
vn 0.3033 0.9356 -0.1806
vn 0.0009125 -0.003389 1
vn -0.26 0.9656 -0.007332
vn -0.004131 1 -0.002571
vn -0.01894 0.002784 0.9998
vn -0.01928 0.00355 0.9998
vn -0.3129 0.9498 -0.008295
vn -0.3041 0.9331 -0.1921
vn -0.01921 0.003326 0.9998
vn -0.304 0.9331 -0.1921
vn -0.3129 0.9497 -0.008296
vn -0.0202 0.006507 0.9998
vn -0.3042 0.9331 -0.192
vn -0.3041 0.9331 -0.192
vn -0.2866 0.958 -0.007817
vn -0.01315 0.003175 0.9999
vn 0.3565 -0.9165 0.1813
vn 0.4502 -0.8797 0.1528
vn 0.6983 -0.6985 0.1563
vn 0.758 -0.6252 0.1859
vn -0.7598 0.6271 -0.1716
vn -0.5878 0.8039 -0.09064
vn -0.3581 0.9186 -0.1671
vn 0.699 -0.6978 0.1566
vn 0.4517 -0.8791 0.1523
vn 0.699 -0.6978 0.1566
vn 0.7026 -0.7007 0.1238
vn -0.02168 -0.00597 0.9997
vn 0.7015 -0.7018 0.1238
vn 0.6977 -0.6992 0.1559
vn 0.758 -0.6252 0.1859
vn 0.6977 -0.6992 0.1559
vn -0.02169 -0.005967 0.9997
vn -0.01894 0.002508 0.9998
vn 0.8854 -0.4473 0.1267
vn 0.7015 -0.7018 0.1238
vn -0.7598 0.6271 -0.1716
vn 0.758 -0.6252 0.1859
vn -0.4644 0.6186 0.6338
vn -0.7598 0.6271 -0.1716
vn -0.5553 0.7491 0.3612
vn -0.5851 0.8009 -0.1274
vn -0.7737 -0.633 -0.02569
vn -0.5697 0.7829 -0.2501
vn 0.6377 0.7686 0.05016
vn -0.5698 0.7828 -0.2501
vn -0.07424 0.07804 0.9942
vn -0.5816 0.7971 -0.1625
vn -0.5696 0.7829 -0.2501
vn -0.5862 0.7962 0.1498
vn 0.6377 0.7686 0.05016
vn -0.5698 0.7828 -0.2501
vn -0.7737 -0.633 -0.02569
vn -0.7416 0.637 0.2106
vn -0.5862 0.7962 0.1498
vn -0.5696 0.7829 -0.2501
vn 0.6377 0.7686 0.05016
vn -0.5862 0.7962 0.1498
vn -0.7416 0.637 0.2106
vn -0.7416 0.637 0.2106
vn -0.7737 -0.633 -0.02569
vn 0.8368 0.5476 0.001874
vn -0.5698 0.7828 -0.2501
vn -0.5877 0.804 -0.09063
vn -0.581 0.7964 -0.1679
vn -0.5878 0.8039 -0.09064
vn -0.5843 0.8 -0.1361
vn -0.9257 -0.3775 0.0234
vn -0.5697 0.7829 -0.2501
vn 0.8368 0.5476 0.001874
vn -0.5697 0.7829 -0.2501
vn -0.5862 0.7962 0.1498
vn -0.3891 0.8954 0.2166
vn -0.9257 -0.3775 0.0234
vn -0.5862 0.7962 0.1498
vn -0.5696 0.7829 -0.2501
vn -0.3891 0.8954 0.2166
vn -0.5862 0.7962 0.1498
vn -0.9257 -0.3775 0.0234
vn 0.8368 0.5476 0.001874
vn -0.3891 0.8954 0.2166
vn -0.3581 0.9186 -0.1671
vn -0.5877 0.804 -0.09066
vn 0.3565 -0.9165 0.1813
vn -0.3581 0.9186 -0.1671
vn 0.935 -0.3002 0.1887
vn -0.01894 0.002502 0.9998
vn -0.01887 0.002455 0.9998
vn -0.01963 0.002714 0.9998
vn -0.01894 0.002495 0.9998
vn 0.935 -0.3002 0.1887
vn 0.794 -0.574 0.2005
vn -0.03629 -0.003693 0.9993
vn -0.8056 0.5814 -0.1139
vn -0.01901 0.002552 0.9998
vn -0.01941 0.002875 0.9998
vn -0.6059 0.4437 -0.6603
vn 0.794 -0.574 0.2005
vn -0.01901 0.002552 0.9998
vn 0.794 -0.574 0.2005
vn -0.794 0.574 -0.2002
vn -0.794 0.574 -0.2002
vn 0.794 -0.574 0.2005
vn 0.9802 -0.1511 0.1277
vn 0.8922 -0.4496 -0.04188
vn 0.7036 -0.6997 0.1238
vn 0.7037 -0.6998 0.1226
vn 0.7008 -0.7027 0.1228
vn 0.6385 -0.7603 0.1197
vn -0.33 0.4226 0.8441
vn 0.8859 -0.4458 -0.1285
vn 0.7026 -0.7007 0.1238
vn 0.4528 -0.8835 0.1195
vn 0.4528 -0.8836 0.1195
vn 0.6196 -0.7762 0.117
vn 0.7037 -0.6998 0.1226
vn 0.7036 -0.6997 0.1238
vn 0.7008 -0.7027 0.1228
vn 0.7037 -0.6998 0.1226
vn 0.6196 -0.7762 0.117
vn 0.6202 -0.7776 0.1039
vn 0.6245 -0.7742 0.1033
vn 0.703 -0.7036 0.1035
vn 0.4395 -0.8904 0.1182
vn 0.4401 -0.892 0.1033
vn 0.6202 -0.7776 0.1039
vn 0.6196 -0.7762 0.117
vn 0.4528 -0.8836 0.1195
vn 0.4308 -0.8967 0.102
vn 0.4324 -0.9004 0.04891
vn 0.4577 -0.8879 0.0474
vn 0.629 -0.7759 0.04825
vn 0.6262 -0.7782 0.0475
vn 0.6245 -0.7742 0.1033
vn 0.6202 -0.7776 0.1039
vn 0.4401 -0.892 0.1033
vn 0.4575 -0.8874 0.05598
vn 0.4606 -0.8863 0.04916
vn 0.4606 -0.8863 0.04916
vn 0.4577 -0.8879 0.0474
vn 0.4577 -0.8879 0.0474
vn 0.4324 -0.9004 0.04891
vn 0.4606 -0.8854 0.06222
vn 0.4606 -0.8863 0.04916
vn 0.4606 -0.8863 0.04916
vn 0.4335 -0.8996 0.0527
vn 0.4354 -0.899 0.04828
vn 0.5849 -0.8099 0.04503
vn 0.6564 -0.7511 0.07084
vn 0.6615 -0.7477 0.05718
vn 0.4606 -0.8854 0.06222
vn 0.1402 -0.9889 0.04865
vn 0.1921 -0.9795 0.06087
vn 0.1898 -0.9795 0.06698
vn 0.46 -0.8858 0.06153
vn 0.4354 -0.899 0.04828
vn 0.4335 -0.8996 0.0527
vn 0.1857 -0.9805 0.06449
vn 0.1863 -0.9818 0.03623
vn 0.3261 -0.9449 0.03013
vn 0.4603 -0.8865 0.04682
vn 0.46 -0.8858 0.06153
vn 0.1898 -0.9795 0.06698
vn 0.003877 -0.9982 0.06018
vn -0.003914 -0.9987 0.0515
vn -0.004258 -0.9996 0.02669
vn 0.03761 -0.999 0.02271
vn 0.1863 -0.9818 0.03623
vn 0.1857 -0.9805 0.06449
vn -0.1868 -0.9816 0.04016
vn -0.187 -0.9821 0.02135
vn -0.004258 -0.9996 0.02669
vn -0.003914 -0.9987 0.0515
vn -0.2527 -0.9675 0.01218
vn -0.2529 -0.9675 0.004553
vn -0.104 -0.9945 -0.01011
vn 0.0374 -0.9993 -0.001585
vn 0.03761 -0.999 0.02271
vn -0.004258 -0.9996 0.02669
vn -0.187 -0.9821 0.02135
vn -0.3063 -0.9519 0.01257
vn -0.3057 -0.9515 0.03357
vn -0.2182 -0.9759 0.009285
vn -0.2529 -0.9675 0.004553
vn -0.2527 -0.9675 0.01218
vn -0.372 -0.9281 0.0187
vn -0.3296 -0.9439 0.01863
vn -0.3882 -0.9215 0.01106
vn -0.3876 -0.9214 0.02944
vn -0.3057 -0.9515 0.03357
vn -0.3063 -0.9519 0.01257
vn -0.2182 -0.9759 0.009285
vn -0.3057 -0.9515 0.03357
vn -0.3876 -0.9214 0.02944
vn -0.4485 -0.8938 -0.000323
vn -0.4531 -0.8893 -0.06274
vn -0.4105 -0.908 -0.08339
vn -0.4336 -0.897 -0.08574
vn 0.004155 -0.9999 0.01614
vn 0.004087 -0.9999 0.01171
vn -0.4485 -0.8938 -0.000323
vn -0.3876 -0.9214 0.02944
vn -0.3882 -0.9215 0.01106
vn 0.004119 -0.9999 0.01614
vn -0.003863 -0.9999 0.01599
vn 0.004112 -0.9999 0.01171
vn 0.004155 -0.9999 0.01614
vn 0.004124 -0.9999 0.01523
vn 0.004108 -0.9999 0.01523
vn 0.01209 -0.9998 0.01602
vn 0.004127 -0.9999 0.01171
vn 0.004155 -1 -0.007922
vn 0.004154 -1 -0.007922
vn 0.004125 -0.9999 0.01171
vn -0.003863 -0.9999 0.01599
vn 0.00412 -0.9999 0.01614
vn 0.004153 -0.9999 0.01171
vn 0.01209 -0.9998 0.01602
vn 0.004087 -0.9991 0.04242
vn 0.3373 -0.9407 0.03685
vn 0.3374 -0.9412 0.01961
vn 0.3958 -0.9183 0.01222
vn 0.00412 -0.9999 0.01614
vn 0.3211 -0.9462 0.03888
vn 0.3799 -0.9242 0.03891
vn 0.3796 -0.9249 0.01981
vn 0.3374 -0.9412 0.01961
vn 0.3373 -0.9407 0.03685
vn 0.3958 -0.9183 0.01222
vn 0.3374 -0.9412 0.01961
vn 0.3796 -0.9249 0.01981
vn 0.3141 -0.9493 0.01349
vn 0.3135 -0.949 0.0345
vn 0.3951 -0.9181 0.03061
vn 0.2363 -0.9705 0.04876
vn 0.2018 -0.9783 0.04703
vn 0.1948 -0.98 0.04073
vn 0.1951 -0.9805 0.02192
vn 0.2607 -0.9653 0.01294
vn 0.3141 -0.9493 0.01349
vn 0.3796 -0.9249 0.01981
vn 0.3799 -0.9242 0.03891
vn 0.008138 -0.9986 0.05188
vn -0.00711 -0.9989 0.047
vn 0.00422 -0.9982 0.06019
vn 0.01204 -0.9986 0.05153
vn 0.1948 -0.98 0.04073
vn 0.2018 -0.9783 0.04703
vn -0.07794 -0.995 0.06284
vn -0.0931 -0.9937 0.06192
vn -0.00711 -0.9989 0.047
vn 0.008138 -0.9986 0.05188
vn -0.1819 -0.9811 0.06644
vn -0.1778 -0.982 0.06395
vn 0.00422 -0.9982 0.06019
vn -0.00711 -0.9989 0.047
vn -0.0931 -0.9937 0.06192
vn -0.1322 -0.9893 0.06246
vn -0.1841 -0.981 0.06032
vn -0.07794 -0.995 0.06284
vn -0.003687 -0.999 0.04368
vn -0.1324 -0.99 0.04864
vn -0.1322 -0.9893 0.06246
vn -0.0931 -0.9937 0.06192
vn -0.1322 -0.99 0.04873
vn -0.1322 -0.9901 0.04825
vn -0.1841 -0.981 0.06032
vn -0.1322 -0.9893 0.06246
vn -0.1322 -0.99 0.04873
vn -0.1321 -0.99 0.04866
vn -0.1324 -0.99 0.04865
vn -0.1325 -0.99 0.04863
vn -0.1325 -0.99 0.04863
vn -0.1325 -0.99 0.04859
vn -0.003711 -0.999 0.04369
vn -0.1324 -0.99 0.04862
vn -0.1324 -0.99 0.04861
vn -0.4528 -0.8896 0.06018
vn -0.453 -0.8903 0.04548
vn -0.3183 -0.9475 0.02918
vn -0.1783 -0.9833 0.0357
vn -0.1778 -0.982 0.06395
vn -0.1819 -0.9811 0.06644
vn -0.5014 -0.8641 0.04399
vn -0.5352 -0.8445 0.02184
vn -0.5358 -0.8441 -0.01722
vn -0.4421 -0.8967 -0.02103
vn -0.3183 -0.948 -0.005539
vn -0.3183 -0.9475 0.02918
vn -0.453 -0.8903 0.04548
vn -0.4415 -0.8959 -0.04962
vn -0.104 -0.9943 -0.02393
vn -0.1041 -0.9946 -0.005608
vn -0.08582 -0.9962 -0.01458
vn -0.3183 -0.948 -0.005539
vn -0.4421 -0.8967 -0.02103
vn -0.4541 -0.8893 -0.05397
vn -0.4515 -0.8847 -0.1158
vn -0.4213 -0.8978 -0.1284
vn -0.08667 -0.9912 -0.1005
vn -0.07643 -0.9926 -0.09428
vn -0.07684 -0.9966 -0.02988
vn -0.104 -0.9943 -0.02393
vn -0.4415 -0.8959 -0.04962
vn -0.7254 -0.6843 -0.07463
vn -0.7197 -0.6792 -0.1438
vn -0.7327 -0.6666 -0.1371
vn -0.4515 -0.8847 -0.1158
vn -0.4541 -0.8893 -0.05397
vn -0.897 -0.4106 -0.1635
vn 0.7016 0.3417 -0.6253
vn 0.595 0.501 -0.6284
vn -0.7327 -0.6666 -0.1371
vn -0.7197 -0.6792 -0.1438
vn -0.9087 -0.3883 -0.1536
vn -0.9682 -0.1934 -0.1587
vn -0.9737 -0.1399 -0.1797
vn 0.7511 0.1835 -0.6342
vn 0.7016 0.3417 -0.6253
vn -0.897 -0.4106 -0.1635
vn 0.595 0.501 -0.6284
vn 0.7016 0.3417 -0.6253
vn 0.9042 0.4205 -0.07485
vn 0.9051 0.4186 -0.07449
vn 0.7432 0.6643 -0.08002
vn 0.7511 0.1835 -0.6342
vn 0.983 0.1665 -0.07753
vn 0.9843 0.1589 -0.07633
vn 0.9042 0.4205 -0.07485
vn 0.7016 0.3417 -0.6253
vn 0.9051 0.4186 -0.07449
vn 0.9042 0.4205 -0.07485
vn 0.9843 0.1589 -0.07633
vn 0.9759 0.1573 -0.1514
vn 0.8943 0.4132 -0.1718
vn 0.983 0.1665 -0.07753
vn 0.986 -0.1421 -0.08701
vn 0.9785 -0.185 -0.09113
vn 0.9739 -0.1842 -0.1325
vn 0.9809 -0.1321 -0.1424
vn 0.9759 0.1573 -0.1514
vn 0.9843 0.1589 -0.07633
vn 0.7511 0.1835 -0.6342
vn 0.7511 -0.03429 -0.6593
vn 0.986 -0.1421 -0.08701
vn 0.983 0.1665 -0.07753
vn -0.9737 -0.1399 -0.1797
vn -0.9135 -0.3533 -0.2018
vn -0.9169 0.3301 -0.2245
vn -0.9678 0.1599 -0.1945
vn 0.7304 -0.003163 -0.6831
vn 0.7511 -0.03429 -0.6593
vn 0.7511 0.1835 -0.6342
vn -0.9737 -0.1399 -0.1797
vn -0.8686 -0.4623 -0.1784
vn -0.9018 -0.3695 -0.2241
vn -0.9135 -0.3533 -0.2018
vn -0.9737 -0.1399 -0.1797
vn -0.9682 -0.1934 -0.1587
vn -0.9699 -0.1938 -0.1472
vn -0.7469 -0.6474 -0.1518
vn -0.7868 -0.5881 -0.1874
vn -0.8686 -0.4623 -0.1784
vn -0.9737 -0.1399 -0.1797
vn -0.9018 -0.3695 -0.2241
vn -0.8686 -0.4623 -0.1784
vn -0.7868 -0.5881 -0.1874
vn -0.7598 0.6067 -0.2336
vn -0.8727 0.4356 -0.2204
vn -0.9023 0.3476 -0.255
vn -0.9169 0.3301 -0.2245
vn -0.9135 -0.3533 -0.2018
vn -0.9018 -0.3695 -0.2241
vn -0.9023 0.3476 -0.255
vn -0.9678 0.1599 -0.1945
vn -0.9169 0.3301 -0.2245
vn -0.9023 0.3476 -0.255
vn -0.8727 0.4356 -0.2204
vn -0.9246 0.3102 -0.2212
vn -0.9678 0.1598 -0.1945
vn -0.7598 0.6067 -0.2336
vn -0.7381 0.6367 -0.2231
vn -0.9246 0.3102 -0.2212
vn -0.8727 0.4356 -0.2204
vn -0.7469 -0.6474 -0.1518
vn -0.8471 -0.5149 -0.1317
vn -0.7046 -0.6985 -0.1255
vn -0.7446 0.6357 -0.2035
vn -0.7423 0.6385 -0.2035
vn -0.7499 0.6297 -0.2027
vn -0.7381 0.6367 -0.2231
vn -0.7598 0.6067 -0.2336
vn -0.7868 -0.5881 -0.1874
vn -0.9211 -0.3773 -0.09552
vn -0.8555 -0.508 -0.1006
vn -0.8471 -0.5225 -0.09681
vn -0.8471 -0.5149 -0.1317
vn -0.7469 -0.6474 -0.1518
vn -0.9699 -0.1938 -0.1472
vn -0.9192 -0.3758 -0.1175
vn -0.9133 -0.39 -0.1173
vn -0.9192 -0.3758 -0.1175
vn -0.9699 -0.1938 -0.1472
vn -0.9682 -0.1934 -0.1587
vn -0.9087 -0.3883 -0.1536
vn -0.8822 -0.4681 -0.05094
vn -0.8618 -0.5043 -0.05516
vn -0.8249 -0.563 -0.05083
vn -0.8555 -0.508 -0.1006
vn -0.9211 -0.3773 -0.09552
vn -0.8627 -0.5049 0.03009
vn -0.6877 -0.7259 -0.01095
vn -0.5893 -0.8078 -0.01491
vn -0.5878 -0.8069 -0.05752
vn -0.5904 -0.8051 -0.05664
vn -0.8249 -0.563 -0.05083
vn -0.8618 -0.5043 -0.05516
vn -0.6864 -0.7255 0.05045
vn -0.6035 -0.7963 0.04112
vn -0.5707 -0.8201 0.04067
vn -0.5718 -0.8202 -0.01754
vn -0.5893 -0.8078 -0.01491
vn -0.6877 -0.7259 -0.01095
vn -0.5878 -0.8069 -0.05752
vn -0.5893 -0.8078 -0.01491
vn -0.5718 -0.8202 -0.01754
vn -0.5094 -0.8603 -0.01987
vn -0.5086 -0.8582 -0.06978
vn -0.5904 -0.8051 -0.05664
vn -0.5878 -0.8069 -0.05752
vn -0.5086 -0.8582 -0.06978
vn -0.2939 -0.9538 -0.06254
vn -0.9608 -0.004673 -0.2773
vn -0.3994 0.8936 -0.2047
vn -0.4654 0.8635 -0.1945
vn -0.4517 0.8765 -0.1664
vn -0.7063 -0.69 -0.1581
vn -0.6094 -0.7867 -0.09872
vn -0.5094 -0.8603 -0.01987
vn -0.4768 -0.8787 -0.02457
vn -0.3472 -0.9374 -0.02574
vn -0.3828 -0.923 -0.03914
vn -0.3811 -0.9236 -0.04126
vn -0.2939 -0.9538 -0.06254
vn -0.5086 -0.8582 -0.06978
vn -0.9608 -0.004673 -0.2773
vn -0.2939 -0.9538 -0.06254
vn -0.3811 -0.9236 -0.04126
vn 0.02209 -0.9997 -0.01265
vn 0.02755 -0.9996 -0.01075
vn -0.4892 -0.7347 -0.47
vn -0.3828 -0.923 -0.03914
vn 0.02141 -0.9996 -0.01615
vn 0.01992 -0.9996 -0.0183
vn 0.02235 -0.9997 -0.01324
vn 0.02209 -0.9997 -0.01265
vn -0.3811 -0.9236 -0.04126
vn -0.915 0.2749 -0.2951
vn -0.9657 -0.01338 0.2594
vn 0.02755 -0.9996 -0.01075
vn 0.02209 -0.9997 -0.01265
vn 0.02235 -0.9997 -0.01324
vn 0.02885 -0.9995 -0.0111
vn 0.02235 -0.9997 -0.01324
vn 0.01992 -0.9996 -0.0183
vn 0.06974 -0.996 0.05545
vn 0.02702 -0.9995 -0.01409
vn 0.02827 -0.9995 -0.01107
vn -0.915 0.2749 -0.2951
vn -0.8818 0.2153 -0.4195
vn -0.5571 0.2622 -0.7879
vn -0.5023 0.338 -0.7959
vn 0.02755 -0.9996 -0.01075
vn 0.02827 -0.9995 -0.01107
vn 0.02643 -0.9996 -0.01176
vn -0.4892 -0.7347 -0.47
vn -0.9795 0.005336 0.2015
vn -0.967 -0.006398 0.2545
vn -0.9657 -0.01321 0.2595
vn -0.4892 -0.7347 -0.47
vn -0.2925 0.9335 -0.2073
vn -0.9657 -0.01354 0.2592
vn -0.915 0.2749 -0.2951
vn -0.8817 0.2154 -0.4197
vn -0.4923 0.836 -0.2426
vn -0.2422 0.9625 -0.1224
vn -0.2856 0.9379 -0.1972
vn -0.289 0.9343 -0.2084
vn -0.2329 0.9649 -0.1213
vn -0.2912 0.9333 -0.2103
vn -0.3208 0.917 -0.2369
vn -0.3398 0.9077 -0.2462
vn -0.967 -0.006398 0.2545
vn -0.9657 -0.01338 0.2594
vn -0.2925 0.9335 -0.2073
vn -0.289 0.9343 -0.2084
vn -0.3499 0.8991 -0.2631
vn -0.3398 0.9077 -0.2462
vn -0.3541 0.8963 -0.2669
vn -0.3462 0.9015 -0.2598
vn -0.2618 0.9424 -0.2082
vn -0.2856 0.9379 -0.1972
vn -0.289 0.9343 -0.2084
vn -0.3499 0.8991 -0.2631
vn -0.3558 0.8975 -0.2605
vn 0.9495 -0.004279 -0.3136
vn 0.9284 0.001254 -0.3715
vn 0.9495 -0.004279 -0.3136
vn -0.3499 0.8991 -0.2631
vn -0.3398 0.9077 -0.2462
vn -0.5785 0.6721 -0.4622
vn -0.5715 0.6747 -0.467
vn -0.5716 0.6823 -0.4557
vn -0.3558 0.8975 -0.2605
vn 0.9424 0.02325 -0.3336
vn 0.9424 0.02332 -0.3337
vn 0.9517 0.008944 -0.307
vn 0.02643 -0.9996 -0.01176
vn 0.9517 0.008944 -0.307
vn 0.9495 -0.004279 -0.3136
vn 0.9284 0.001254 -0.3715
vn 0.3149 0.4584 -0.8311
vn 0.02721 -0.9995 -0.01398
vn 0.02646 -0.9996 -0.01177
vn 0.0274 -0.9995 -0.01388
vn 0.02702 -0.9995 -0.01409
vn 0.02768 -0.9996 -0.01104
vn -0.4892 -0.7347 -0.47
vn -0.4892 -0.7347 -0.47
vn 0.9424 0.02332 -0.3337
vn 0.9517 0.008944 -0.307
vn 0.02643 -0.9996 -0.01176
vn -0.4892 -0.7347 -0.47
vn 0.02646 -0.9996 -0.01177
vn -0.4893 -0.7346 -0.47
vn 0.9425 0.02327 -0.3334
vn -0.4893 -0.7346 -0.47
vn -0.4892 -0.7347 -0.47
vn -0.9795 0.005336 0.2015
vn -0.6062 0.618 -0.5006
vn -0.4892 -0.7347 -0.47
vn -0.614 0.6145 -0.4954
vn -0.637 0.5589 -0.5308
vn -0.4892 -0.7347 -0.47
vn -0.5634 0.6868 -0.4592
vn -0.5716 0.6823 -0.4557
vn -0.5716 0.6747 -0.467
vn -0.4893 -0.7347 -0.47
vn -0.9988 0.04759 0.008108
vn -0.9988 0.04759 0.008108
vn -0.4892 -0.7347 -0.47
vn 0.02646 -0.9996 -0.01177
vn 0.0274 -0.9995 -0.01388
vn 0.02632 -0.9996 -0.0138
vn -0.4892 -0.7347 -0.47
vn -0.03844 -0.9972 -0.06437
vn -0.9969 -0.001762 0.07822
vn -0.02232 -0.9971 -0.07303
vn -0.5223 0.7421 -0.4201
vn -0.5282 0.7404 -0.4157
vn -0.5634 0.6868 -0.4592
vn -0.4892 -0.7347 -0.47
vn -0.03844 -0.9972 -0.06437
vn 0.8817 0.04898 -0.4693
vn -0.03844 -0.9972 -0.06437
vn 0.02632 -0.9996 -0.0138
vn 0.04251 -0.9991 0.00895
vn -0.4672 -0.04809 -0.8828
vn 0.8817 0.04897 -0.4693
vn -0.02232 -0.9971 -0.07303
vn 0.03045 -0.9995 0.002054
vn 0.04129 -0.9991 0.006649
vn -0.5223 0.7421 -0.4201
vn -0.02232 -0.9971 -0.07303
vn 0.03045 -0.9995 0.002054
vn -0.9975 0.063 0.0309
vn -0.5145 0.7567 -0.4032
vn -0.5223 0.7421 -0.4201
vn 0.8817 0.04898 -0.4693
vn -0.5223 0.7421 -0.4201
vn -0.5282 0.7404 -0.4157
vn 0.8817 0.04897 -0.4693
vn 0.8817 0.04897 -0.4693
vn -0.5223 0.7421 -0.4201
vn -0.5145 0.7567 -0.4032
vn -0.3614 0.8938 -0.2654
vn -0.5282 0.7404 -0.4157
vn -0.3614 0.8938 -0.2655
vn -0.4694 -0.1484 -0.8704
vn -0.4672 -0.04809 -0.8828
vn -0.9988 0.04759 0.008108
vn -0.9969 -0.001762 0.07822
vn -0.9969 0.001279 0.07915
vn -0.3614 0.8938 -0.2655
vn -0.3614 0.8938 -0.2655
vn -0.5282 0.7404 -0.4157
vn -0.5634 0.6868 -0.4592
vn -0.5716 0.6823 -0.4557
vn -0.3558 0.8975 -0.2605
vn -0.3541 0.8963 -0.2669
vn -0.3614 0.8938 -0.2654
vn -0.371 0.8854 -0.2799
vn -0.22 0.9627 -0.1577
vn -0.2267 0.959 -0.1702
vn -0.2618 0.9424 -0.2082
vn -0.3462 0.9015 -0.2598
vn -0.3614 0.8938 -0.2655
vn -0.4694 -0.1484 -0.8704
vn -0.914 -0.1368 -0.382
vn 0.04129 -0.9991 0.006649
vn -0.4672 -0.04809 -0.8828
vn -0.4694 -0.1484 -0.8704
vn -0.914 -0.1368 -0.382
vn -0.8702 -0.2345 -0.4333
vn 0.04251 -0.9991 0.00895
vn 0.04063 -0.9991 0.008017
vn 0.01992 -0.9996 -0.0183
vn 0.02141 -0.9996 -0.01615
vn 0.01904 -0.9997 -0.01351
vn -0.9969 -0.001762 0.07822
vn 0.02721 -0.9995 -0.01398
vn 0.06974 -0.996 0.05545
vn 0.04251 -0.9991 0.00895
vn 0.02632 -0.9996 -0.0138
vn -0.8702 -0.2345 -0.4333
vn -0.9969 0.001279 0.07915
vn -0.9941 0.0887 0.06167
vn -0.9947 0.09548 0.03748
vn -0.9975 0.063 0.0309
vn 0.03045 -0.9995 0.002054
vn 0.04129 -0.9991 0.006649
vn 0.01904 -0.9997 -0.01351
vn 0.02078 -0.9998 0.005479
vn 0.04978 -0.9987 -0.004694
vn -0.5843 0.6464 -0.4908
vn -0.5145 0.7567 -0.4032
vn -0.9975 0.063 0.0309
vn -0.9947 0.09548 0.03748
vn -0.371 0.8854 -0.2799
vn -0.3614 0.8938 -0.2654
vn -0.22 0.9627 -0.1577
vn -0.371 0.8854 -0.2799
vn -0.9947 0.09548 0.03748
vn -0.9941 0.0887 0.06167
vn -0.218 0.965 -0.1458
vn -0.3286 0.9059 -0.2673
vn -0.2759 0.9402 -0.1996
vn -0.1542 0.9843 -0.08633
vn -0.1486 0.9855 -0.08166
vn -0.1516 0.9855 -0.07639
vn -0.2152 0.9659 -0.1438
vn -0.218 0.965 -0.1458
vn -0.9941 0.0887 0.06167
vn -0.5571 0.2622 -0.7879
vn -0.3286 0.9059 -0.2673
vn -0.218 0.965 -0.1458
vn -0.2152 0.9659 -0.1438
vn -0.2351 0.9641 -0.1234
vn -0.2323 0.9651 -0.1207
vn -0.898 0.1093 -0.4262
vn -0.8819 0.2153 -0.4194
vn -0.1516 0.9855 -0.07639
vn -0.4312 0.8994 -0.07212
vn -0.4338 0.8943 -0.1097
vn -0.2351 0.9641 -0.1234
vn -0.2152 0.9659 -0.1438
vn -0.1486 0.9855 -0.08166
vn -0.09908 0.9947 -0.02583
vn -0.3553 0.9346 -0.0189
vn -0.3547 0.9329 -0.06158
vn -0.4312 0.8994 -0.07212
vn -0.1516 0.9855 -0.07639
vn -0.1542 0.9843 -0.08633
vn -0.1538 0.9844 -0.08501
vn -0.0524 0.9986 -0.008021
vn -0.06603 0.9966 0.04962
vn -0.07367 0.9971 0.01915
vn -0.09908 0.9947 -0.02583
vn -0.1486 0.9855 -0.08166
vn -0.2761 0.9402 -0.1997
vn -0.2765 0.94 -0.2001
vn -0.2767 0.9398 -0.2004
vn -0.1542 0.9843 -0.08633
vn -0.2758 0.9403 -0.1995
vn -0.1469 -0.9718 -0.1842
vn 0.5904 -0.3103 -0.7451
vn 0.6011 -0.3075 -0.7377
vn -0.4556 0.8102 -0.3689
vn -0.4549 0.8109 -0.3682
vn -0.2765 0.94 -0.2001
vn -0.2761 0.9402 -0.1997
vn -0.2758 0.9403 -0.1995
vn -0.4558 0.81 -0.3691
vn -0.5783 -0.4995 0.645
vn -0.6186 -0.5099 0.5978
vn -0.1506 -0.9716 -0.1827
vn -0.1469 -0.9718 -0.1842
vn -0.2758 0.9403 -0.1995
vn -0.6107 -0.04159 0.7908
vn 0.0487 -0.9988 -0.007927
vn 0.04962 -0.9988 -0.004879
vn 0.01264 -0.9992 -0.03798
vn -0.1506 -0.9716 -0.1827
vn -0.1469 -0.9718 -0.1842
vn 0.5903 -0.3104 -0.7451
vn 0.06028 -0.9982 0.004691
vn -0.6109 -0.03772 0.7908
vn 0.06028 -0.9982 0.004691
vn 0.729 0.04254 -0.6832
vn 0.04962 -0.9988 -0.004878
vn 0.01264 -0.9992 -0.03798
vn 0.06028 -0.9982 0.004691
vn 0.01264 -0.9992 -0.03798
vn -0.1506 -0.9716 -0.1827
vn -0.6186 -0.5098 0.5978
vn 0.729 0.04092 -0.6833
vn 0.04651 -0.9989 -0.00551
vn 0.729 0.04092 -0.6833
vn -0.6186 -0.5099 0.5978
vn 0.04651 -0.9989 -0.00551
vn 0.7274 0.05629 -0.6839
vn 0.729 0.04254 -0.6832
vn 0.7273 0.05606 -0.684
vn -0.5783 -0.4995 0.645
vn -0.5634 -0.1405 0.8141
vn 0.05324 -0.9986 0.001329
vn 0.04651 -0.9989 -0.00551
vn -0.6187 -0.5099 0.5977
vn 0.04651 -0.9989 -0.00551
vn 0.05324 -0.9986 0.001329
vn 0.04989 -0.9987 -0.00463
vn 0.5565 -0.5843 -0.5907
vn -0.5117 -0.704 -0.4924
vn 0.04961 -0.9988 -0.004881
vn -0.5634 -0.1405 0.8141
vn -0.5985 0.6207 -0.5065
vn -0.5843 0.6464 -0.4908
vn 0.04989 -0.9987 -0.00463
vn 0.05324 -0.9986 0.001329
vn -0.4556 0.8101 -0.3689
vn -0.5985 0.6207 -0.5065
vn -0.5634 -0.1405 0.8141
vn -0.5783 -0.4995 0.645
vn -0.584 0.6468 -0.4905
vn -0.5985 0.6207 -0.5065
vn -0.4558 0.81 -0.3691
vn -0.456 0.8098 -0.3692
vn -0.2758 0.9403 -0.1995
vn 0.04989 -0.9987 -0.00463
vn -0.5838 0.6471 -0.4903
vn 0.3283 -0.9112 0.2487
vn 0.5565 -0.5843 -0.5907
vn -0.5842 0.6464 -0.4907
vn 0.3283 -0.9112 0.2487
vn -0.5834 0.6479 -0.4898
vn 0.5565 -0.5843 -0.5907
vn 0.3283 -0.9112 0.2487
vn -0.4952 -0.6423 0.585
vn -0.5117 -0.704 -0.4924
vn -0.5843 0.6464 -0.4908
vn 0.0499 -0.9987 -0.004624
vn -0.4952 -0.6423 0.585
vn 0.3283 -0.9112 0.2487
vn -0.5842 0.6464 -0.4907
vn 0.04963 -0.9988 -0.004823
vn -0.5117 -0.704 -0.4924
vn -0.4952 -0.6423 0.585
vn 0.0499 -0.9987 -0.004624
vn 0.02078 -0.9998 0.005479
vn -0.005961 -0.9997 -0.02209
vn 0.01264 -0.9992 -0.03798
vn 0.04963 -0.9988 -0.004842
vn -0.3828 -0.923 -0.03914
vn -0.3472 -0.9374 -0.02574
vn -0.3334 -0.9424 -0.02804
vn -0.005961 -0.9997 -0.02209
vn 0.02078 -0.9998 0.005479
vn 0.01904 -0.9997 -0.01351
vn 0.02141 -0.9996 -0.01615
vn -0.3541 0.8963 -0.2669
vn -0.9969 0.001279 0.07915
vn -0.8702 -0.2345 -0.4333
vn -0.914 -0.1368 -0.382
vn -0.3614 0.8938 -0.2655
vn -0.3462 0.9015 -0.2598
vn 0.9284 0.001254 -0.3715
vn -0.2618 0.9424 -0.2082
vn -0.2267 0.959 -0.1702
vn -0.2856 0.9379 -0.1972
vn -0.2422 0.9625 -0.1224
vn 0.1637 0.3834 -0.909
vn 0.3149 0.4584 -0.8311
vn -0.2422 0.9625 -0.1224
vn -0.2267 0.959 -0.1702
vn -0.22 0.9627 -0.1577
vn -0.3286 0.9059 -0.2673
vn -0.5571 0.2622 -0.7879
vn 0.1637 0.3834 -0.909
vn -0.5023 0.338 -0.7959
vn -0.2473 0.9604 -0.1281
vn -0.5571 0.2622 -0.7879
vn -0.3286 0.9059 -0.2673
vn -0.5571 0.2622 -0.7879
vn -0.2474 0.9604 -0.1281
vn -0.2329 0.9649 -0.1213
vn -0.4382 -0.8769 -0.1973
vn -0.8818 0.2153 -0.4195
vn -0.2323 0.9651 -0.1207
vn -0.2326 0.965 -0.121
vn -0.2351 0.9641 -0.1234
vn -0.4338 0.8943 -0.1097
vn -0.3628 0.9174 -0.1639
vn -0.3765 0.9037 -0.2038
vn -0.2912 0.9333 -0.2103
vn -0.2925 0.9335 -0.2073
vn -0.4312 0.8994 -0.07212
vn -0.3547 0.9329 -0.06158
vn -0.5876 0.8084 -0.03534
vn -0.5863 0.7918 -0.1715
vn -0.4689 0.8706 -0.1486
vn -0.3628 0.9174 -0.1639
vn -0.4338 0.8943 -0.1097
vn -0.3553 0.9346 -0.0189
vn -0.3221 0.9466 -0.01323
vn -0.5566 0.8308 -0.006349
vn -0.5563 0.8303 -0.03285
vn -0.5876 0.8084 -0.03534
vn -0.3547 0.9329 -0.06158
vn -0.09908 0.9947 -0.02583
vn -0.07367 0.9971 0.01915
vn -0.322 0.9463 0.02795
vn -0.3221 0.9466 -0.01323
vn -0.3553 0.9346 -0.0189
vn -0.05972 0.9967 0.05574
vn -0.05068 0.9966 0.06449
vn -0.2659 0.9612 0.0737
vn -0.2664 0.9631 0.03708
vn -0.322 0.9463 0.02795
vn -0.07367 0.9971 0.01915
vn -0.0515 0.7533 -0.6556
vn -0.06263 0.7528 -0.6552
vn -0.06182 0.9966 0.0537
vn -0.0524 0.9986 -0.008021
vn -0.05107 0.7471 -0.6627
vn 0.02148 0.06039 0.9979
vn -0.05192 0.9985 0.01853
vn -0.04552 0.995 0.08907
vn -0.05107 0.7471 -0.6627
vn -0.0524 0.9986 -0.008021
vn 0.01791 0.002827 0.9998
vn -0.9749 -0.03262 0.2204
vn -0.05192 0.9985 0.01853
vn -0.9995 -0.0284 0.01566
vn 0.01823 -0.02512 0.9995
vn 0.01791 0.002752 0.9998
vn -0.0524 0.9986 -0.00802
vn -0.1538 0.9844 -0.08501
vn -0.03518 -0.9984 0.04494
vn 0.03158 -0.999 0.03116
vn 0.01197 -0.7543 -0.6565
vn 0.01548 -0.6887 -0.7249
vn -0.0221 -0.6887 -0.7248
vn -0.002772 0.00256 1
vn 0.0179 0.002645 0.9998
vn 0.0203 0.04117 0.9989
vn 0.01823 -0.02514 0.9995
vn 0.03072 -0.9994 -0.0185
vn -0.03072 0.9994 0.0185
vn 0.03171 -0.9987 0.03923
vn 0.03805 -0.9992 0.009035
vn -0.03926 -0.9991 0.01464
vn -0.002383 0.01363 0.9999
vn 0.03171 -0.9987 0.03923
vn 0.01823 -0.02512 0.9995
vn 0.03224 -0.9968 0.07295
vn 0.02801 -0.9983 0.05142
vn 0.03072 -0.9994 -0.0185
vn -0.03072 0.9994 0.0185
vn 0.03799 -0.7534 -0.6565
vn 0.01112 -0.7376 -0.6752
vn 0.03171 -0.9987 0.03923
vn 0.01112 -0.7376 -0.6752
vn 0.01823 -0.02511 0.9995
vn 0.03171 -0.9987 0.03924
vn 0.03224 -0.9968 0.07295
vn -0.9774 0.05888 0.2031
vn -0.9749 -0.03262 0.2204
vn -0.9995 -0.0284 0.01566
vn 0.06789 -0.9954 0.0676
vn 0.03172 -0.9987 0.03924
vn 0.01822 -0.02512 0.9995
vn 0.03171 -0.9987 0.03924
vn 0.06789 -0.9954 0.0676
vn 0.04965 -0.9988 -0.004875
vn 0.02905 -0.9993 -0.0233
vn 0.03805 -0.9992 0.009035
vn -0.6594 0.4955 -0.5654
vn 0.04972 -0.9988 -0.004783
vn 0.06789 -0.9954 0.0676
vn 0.04971 -0.9988 -0.004879
vn -0.6594 0.4955 -0.5654
vn -0.6563 0.5009 -0.5643
vn -0.6563 0.5009 -0.5643
vn -0.2563 0.9492 -0.1825
vn 0.04989 -0.9987 -0.004628
vn -0.4542 0.8116 -0.3675
vn -0.6563 0.5009 -0.5643
vn -0.6594 0.4955 -0.5654
vn -0.6563 0.5009 -0.5643
vn -0.6563 0.5009 -0.5643
vn -0.4542 0.8116 -0.3675
vn -0.4545 0.8112 -0.3678
vn -0.636 0.5494 -0.5419
vn -0.6563 0.5009 -0.5643
vn -0.4548 0.8109 -0.3682
vn 0.5683 -0.3914 -0.7238
vn 0.7195 0.06287 -0.6916
vn -0.636 0.5495 -0.5418
vn -0.4792 0.7864 -0.3899
vn 0.3283 -0.9112 0.2487
vn 0.5565 -0.5843 -0.5907
vn 0.04989 -0.9987 -0.00463
vn -0.636 0.5494 -0.5419
vn 0.05452 -0.9985 -0.000485
vn 0.05135 -0.9987 -0.006252
vn -0.4952 -0.6423 0.585
vn 0.3283 -0.9112 0.2487
vn -0.6359 0.5496 -0.5418
vn 0.7195 0.06287 -0.6916
vn 0.05452 -0.9985 -0.000485
vn -0.636 0.5494 -0.5419
vn 0.5683 -0.3914 -0.7238
vn 0.4903 -0.4195 -0.7639
vn 0.04944 -0.9987 -0.008899
vn 0.05135 -0.9987 -0.006252
vn 0.05452 -0.9985 -0.000485
vn 0.7195 0.06287 -0.6916
vn -0.2765 0.94 -0.2001
vn -0.1265 -0.978 -0.1661
vn 0.5331 -0.4047 -0.743
vn 0.5683 -0.3914 -0.7238
vn -0.4545 0.8112 -0.3678
vn -0.2773 0.9395 -0.2009
vn -0.2767 0.9398 -0.2004
vn -0.4542 0.8116 -0.3675
vn -0.2773 0.9395 -0.2009
vn -0.2773 0.9395 -0.2009
vn -0.4542 0.8115 -0.3675
vn -0.1542 0.9843 -0.08633
vn -0.2767 0.9398 -0.2004
vn -0.2773 0.9395 -0.2009
vn -0.2773 0.9395 -0.2009
vn -0.1542 0.9843 -0.08633
vn -0.2773 0.9395 -0.2009
vn -0.4542 0.8116 -0.3675
vn -0.1538 0.9844 -0.08501
vn -0.1542 0.9843 -0.08633
vn -0.2773 0.9395 -0.201
vn -0.2765 0.94 -0.2001
vn -0.4549 0.8109 -0.3682
vn -0.5903 -0.5479 0.5928
vn -0.5985 -0.5519 0.5807
vn -0.13 -0.9778 -0.1646
vn -0.1265 -0.978 -0.1661
vn -0.2765 0.94 -0.2001
vn -0.4556 0.8102 -0.3689
vn -0.6325 0.5551 -0.5403
vn -0.576 -0.05049 0.8159
vn -0.5903 -0.5479 0.5928
vn -0.4549 0.8109 -0.3682
vn -0.5985 -0.5519 0.5807
vn -0.5903 -0.5479 0.5928
vn -0.576 -0.05049 0.8159
vn 0.05451 -0.9985 -0.0004925
vn 0.04705 -0.9989 -0.001447
vn 0.04491 -0.999 -0.004023
vn -0.6325 0.5551 -0.5403
vn -0.602 0.616 -0.5081
vn 0.05451 -0.9985 -0.0004925
vn -0.576 -0.05049 0.8159
vn 0.04705 -0.9989 -0.001447
vn 0.05451 -0.9985 -0.0004925
vn -0.602 0.6159 -0.5082
vn 0.3283 -0.9112 0.2487
vn 0.5565 -0.5842 -0.5907
vn 0.6011 -0.3075 -0.7377
vn 0.7187 0.08582 -0.69
vn -0.602 0.6159 -0.5082
vn -0.6325 0.5551 -0.5403
vn -0.4556 0.8102 -0.3689
vn 0.5906 -0.3102 -0.745
vn 0.04869 -0.9988 -0.007931
vn 0.05113 -0.9987 -0.006013
vn 0.05451 -0.9985 -0.0004831
vn 0.7187 0.08582 -0.69
vn 0.6011 -0.3075 -0.7377
vn -0.602 0.6159 -0.5082
vn 0.7187 0.08582 -0.69
vn 0.05451 -0.9985 -0.0004831
vn -0.602 0.616 -0.5081
vn 0.05451 -0.9985 -0.0004831
vn 0.05113 -0.9987 -0.006013
vn -0.4952 -0.6423 0.585
vn 0.3283 -0.9112 0.2487
vn 0.0487 -0.9988 -0.007927
vn 0.04962 -0.9988 -0.004881
vn -0.5117 -0.7041 -0.4924
vn -0.4952 -0.6423 0.585
vn 0.05113 -0.9987 -0.006013
vn 0.04869 -0.9988 -0.007931
vn 0.3283 -0.9112 0.2487
vn -0.4952 -0.6423 0.585
vn -0.5117 -0.7041 -0.4924
vn 0.5565 -0.5843 -0.5907
vn -0.602 0.616 -0.5081
vn 0.3283 -0.9112 0.2487
vn 0.5565 -0.5843 -0.5907
vn 0.04989 -0.9987 -0.004629
vn -0.602 0.616 -0.5081
vn 0.04989 -0.9987 -0.004629
vn -0.4952 -0.6423 0.585
vn 0.3283 -0.9112 0.2487
vn 0.04966 -0.9988 -0.00482
vn 0.541 -0.7112 0.4488
vn -0.4952 -0.6423 0.585
vn 0.04989 -0.9987 -0.004628
vn 0.04962 -0.9988 -0.004878
vn 0.04962 -0.9988 -0.004875
vn 0.04989 -0.9987 -0.00463
vn 0.04962 -0.9988 -0.004877
vn 0.04989 -0.9987 -0.004631
vn 0.5565 -0.5843 -0.5907
vn -0.5117 -0.7041 -0.4924
vn -0.6107 -0.04159 0.7908
vn 0.04869 -0.9988 -0.007929
vn 0.5904 -0.3103 -0.7451
vn -0.6109 -0.03772 0.7908
vn -0.6091 -0.05314 0.7913
vn 0.06028 -0.9982 0.004691
vn -0.6109 -0.03772 0.7908
vn -0.609 -0.05273 0.7914
vn -0.7446 -0.02065 -0.6672
vn -0.6092 -0.05356 0.7912
vn -0.05186 0.9987 0.002739
vn -0.7446 -0.0207 -0.6672
vn -0.609 -0.05273 0.7914
vn -0.05186 0.9987 0.00274
vn -0.6092 -0.05356 0.7912
vn -0.6107 -0.04159 0.7908
vn 0.7273 0.05606 -0.684
vn -0.7446 -0.02065 -0.6672
vn -0.05186 0.9987 0.00274
vn 0.7274 0.05641 -0.6839
vn 0.729 0.04254 -0.6832
vn 0.7274 0.05641 -0.6839
vn -0.05186 0.9987 0.00274
vn 0.06028 -0.9982 0.004691
vn -0.7446 -0.02061 -0.6672
vn 0.7273 0.05606 -0.684
vn 0.729 0.04092 -0.6833
vn 0.01264 -0.9992 -0.03798
vn -0.005961 -0.9997 -0.02209
vn -0.3334 -0.9424 -0.02804
vn -0.3337 -0.9426 0.01602
vn -0.1841 -0.9829 -0.00309
vn 0.02935 -0.9995 -0.01467
vn -0.4768 -0.8787 -0.02457
vn -0.4766 -0.8784 0.03443
vn -0.2889 -0.9573 0.01467
vn -0.3337 -0.9426 0.01602
vn -0.3334 -0.9424 -0.02804
vn -0.3472 -0.9374 -0.02574
vn -0.5707 -0.8201 0.04067
vn -0.5095 -0.8598 0.03453
vn -0.4766 -0.8784 0.03443
vn -0.4768 -0.8787 -0.02457
vn -0.5094 -0.8603 -0.01987
vn -0.5718 -0.8202 -0.01754
vn -0.6023 -0.7945 0.07796
vn -0.4466 -0.892 0.06979
vn -0.5087 -0.8583 0.06723
vn -0.5095 -0.8598 0.03453
vn -0.5707 -0.8201 0.04067
vn -0.6035 -0.7963 0.04112
vn -0.5081 -0.8574 0.08227
vn -0.5066 -0.854 0.1181
vn -0.3145 -0.9439 0.1009
vn -0.4456 -0.8888 0.107
vn -0.4466 -0.892 0.06979
vn -0.6023 -0.7945 0.07796
vn -0.574 -0.6823 0.4527
vn -0.04403 -0.01718 0.9989
vn -0.08889 -0.02167 0.9958
vn -0.001485 0.002566 1
vn -0.3145 -0.9439 0.1009
vn -0.5066 -0.854 0.1181
vn -0.6953 -0.7085 0.1207
vn -0.6983 -0.7056 0.1205
vn -0.6982 -0.7055 0.1217
vn -0.8667 -0.4831 0.1243
vn -0.574 -0.6823 0.4527
vn 0.5731 0.7991 -0.1815
vn 0.01597 0.002645 0.9999
vn 0.03328 -0.003451 0.9994
vn 0.01587 0.00251 0.9999
vn 0.2969 0.9356 -0.1912
vn 0.01592 0.002456 0.9999
vn 0.01587 0.00251 0.9999
vn 0.5843 0.8114 -0.01147
vn 0.305 0.9523 -0.007382
vn 0.2969 0.9356 -0.1912
vn 0.01606 0.002952 0.9999
vn 0.305 0.9523 -0.007382
vn 0.2969 0.9356 -0.1912
vn 0.2969 0.9356 -0.1912
vn 0.2583 0.966 -0.006672
vn 0.02832 0.006941 0.9996
vn 0.305 0.9523 -0.007382
vn 0.01596 0.002843 0.9999
vn -0.004148 1 -0.002572
vn 0.2583 0.966 -0.006672
vn 0.07741 0.02322 0.9967
vn 0.01597 0.002802 0.9999
vn 0.2934 0.956 -0.007206
vn -0.00414 1 -0.002571
vn 0.01597 0.002669 0.9999
vn 0.01597 0.002669 0.9999
vn -0.004148 1 -0.002572
vn -0.3129 0.9498 0.002491
vn 0.01596 0.002775 0.9999
vn 0.01596 0.00258 0.9999
vn -0.3105 0.9331 -0.1815
vn -0.3129 0.9498 0.002491
vn -0.3129 0.9498 0.002491
vn -0.004155 1 -0.002572
vn 0.01595 0.002134 0.9999
vn 0.01607 0.002309 0.9999
vn -0.3129 0.9498 0.002491
vn -0.3377 0.9413 0.002908
vn -0.5911 0.8066 0.00731
vn 0.01596 0.00262 0.9999
vn 0.01596 0.002613 0.9999
vn -0.3105 0.9331 -0.1815
vn 0.0344 0.0284 0.999
vn -0.3377 0.9413 0.002908
vn 0.01604 0.002384 0.9999
vn -0.5911 0.8066 0.00731
vn -0.3622 0.9321 0.003324
vn 0.05271 0.05438 0.9971
vn 0.01553 0.003229 0.9999
vn -0.5911 0.8066 0.00731
vn 0.01596 0.002661 0.9999
vn -0.5911 0.8066 0.00731
vn -0.8148 0.5797 0.01186
vn 0.01595 0.00264 0.9999
vn 0.01596 0.002637 0.9999
vn -0.8004 0.574 -0.1727
vn -0.8054 0.5781 -0.131
vn -0.8113 0.5845 0.01141
vn -0.5911 0.8066 0.00731
vn 0.01567 0.003034 0.9999
vn 0.01585 0.002927 0.9999
vn -0.8004 0.574 -0.1727
vn 0.01546 -0.02638 0.9995
vn -0.8144 0.5786 -0.04527
vn 0.01596 0.002687 0.9999
vn -0.8004 0.574 -0.1727
vn -0.7984 0.5723 -0.187
vn 0.01596 0.00266 0.9999
vn -0.8004 0.574 -0.1727
vn -0.8004 0.574 -0.1727
vn -0.8005 0.5741 -0.1723
vn 0.01597 0.00262 0.9999
vn -0.794 0.5688 -0.2144
vn 0.01597 0.002605 0.9999
vn -0.8004 0.574 -0.1727
vn -0.8005 0.5741 -0.172
vn -0.8004 0.574 -0.1727
vn -0.5851 0.7944 -0.163
vn 0.01585 0.002939 0.9999
vn 0.01553 0.003229 0.9999
vn 0.01597 0.002637 0.9999
vn -0.5851 0.7944 -0.163
vn -0.5851 0.7944 -0.163
vn 0.01539 0.003425 0.9999
vn 0.02521 0.01541 0.9996
vn 0.01597 0.002636 0.9999
vn 0.006794 -0.9849 0.1727
vn 0.01596 0.002843 0.9999
vn 0.01595 0.002134 0.9999
vn 0.01599 0.002529 0.9999
vn 0.01597 0.002632 0.9999
vn -0.3105 0.9331 -0.1815
vn -0.3105 0.9331 -0.1815
vn -0.3105 0.9331 -0.1816
vn -0.3105 0.9331 -0.1815
vn -0.941 0.3002 -0.156
vn 0.01486 0.002997 0.9999
vn 0.01534 -0.05112 0.9986
vn 0.01597 0.002641 0.9999
vn -0.8165 0.5773 0.01208
vn 0.0148 -0.01027 0.9998
vn 0.01493 0.002973 0.9999
vn -0.9522 0.3051 0.0144
vn 0.01596 0.002613 0.9999
vn -0.8113 0.5845 0.01141
vn -0.9522 0.3051 0.0144
vn 0.01598 0.002635 0.9999
vn 0.01596 0.002657 0.9999
vn 0.01596 0.002616 0.9999
vn 0.01597 0.002653 0.9999
vn 0.5843 0.8114 -0.01147
vn 0.305 0.9523 -0.007382
vn 0.01596 0.00264 0.9999
vn 0.01597 0.002636 0.9999
vn 0.5844 0.8114 -0.01147
vn 0.8065 0.5911 -0.01444
vn 0.8065 0.5911 -0.01444
vn 0.9496 0.3129 -0.01599
vn 0.01595 0.002652 0.9999
vn 0.01596 0.002642 0.9999
vn 0.01596 0.002643 0.9999
vn 0.01605 0.002638 0.9999
vn 0.01596 0.002652 0.9999
vn 0.9496 0.3129 -0.01599
vn 0.9999 0.0041 -0.01598
vn 0.01596 0.002631 0.9999
vn 0.01579 0.002619 0.9999
vn 0.01596 0.002616 0.9999
vn 0.9999 0.004095 -0.01597
vn 0.9522 -0.3051 -0.0144
vn 0.9522 -0.3051 -0.0144
vn 0.8113 -0.5845 -0.01141
vn 0.016 0.002629 0.9999
vn 0.01596 0.002639 0.9999
vn 0.8113 -0.5845 -0.01141
vn 0.591 -0.8066 -0.007311
vn 0.01599 0.002618 0.9999
vn 0.01596 0.002651 0.9999
vn 0.01597 0.002638 0.9999
vn 0.01597 0.002609 0.9999
vn 0.01596 0.002603 0.9999
vn 0.5911 -0.8066 -0.00731
vn 0.3129 -0.9498 -0.002492
vn 0.01596 0.002606 0.9999
vn 0.01597 0.002437 0.9999
vn 0.01597 0.002661 0.9999
vn 0.3205 -0.9472 -0.002109
vn 0.00414 -1 0.002571
vn 0.004138 -1 0.002571
vn -0.305 -0.9523 0.00738
vn 0.01596 0.002311 0.9999
vn 0.01595 0.00255 0.9999
vn -0.2895 -0.9571 0.008182
vn -0.5844 -0.8114 0.01147
vn 0.01595 0.00259 0.9999
vn 0.01596 0.002602 0.9999
vn 0.004136 -1 0.002571
vn -0.2739 -0.9617 0.00898
vn 0.009762 0.007003 0.9999
vn 0.01598 0.002852 0.9999
vn 0.3047 -0.934 -0.1864
vn 0.01615 0.00328 0.9999
vn 0.01635 0.00397 0.9999
vn 0.01598 0.003709 0.9999
vn 0.004139 -1 0.002571
vn 0.3129 -0.9498 -0.002491
vn 0.00137 -0.9858 -0.1676
vn 0.01616 0.003308 0.9999
vn 0.01598 0.002852 0.9999
vn 0.01597 0.002647 0.9999
vn 0.001363 -0.9858 -0.1677
vn 0.001364 -0.9858 -0.1677
vn 0.01597 0.001996 0.9999
vn 0.01627 0.002403 0.9999
vn 0.01596 0.00263 0.9999
vn 0.01597 0.002645 0.9999
vn 0.01596 0.00263 0.9999
vn -0.1578 0.9815 0.1087
vn -0.4532 0.8842 0.1136
vn 0.01597 0.00262 0.9999
vn 0.1532 0.9827 0.1037
vn -0.1578 0.9815 0.1087
vn 0.01594 0.002613 0.9999
vn -0.1578 0.9815 0.1087
vn 0.1532 0.9827 0.1037
vn 0.1526 0.9704 0.1871
vn -0.07531 0.996 0.04849
vn -0.1595 0.986 0.04822
vn 0.1532 0.9827 0.1037
vn 0.4493 0.8878 0.09913
vn 0.4436 0.8733 0.2015
vn 0.2536 0.9566 0.1433
vn 0.1526 0.9704 0.1871
vn 0.1532 0.9827 0.1037
vn 0.01286 0.004816 0.9999
vn 0.01595 0.002624 0.9999
vn 0.4493 0.8879 0.09921
vn 0.1532 0.9827 0.1037
vn 0.01597 0.00262 0.9999
vn 0.4493 0.8878 0.09913
vn 0.01595 0.002625 0.9999
vn 0.01607 0.002587 0.9999
vn 0.7017 0.7061 0.09565
vn 0.4509 0.8872 0.09803
vn 0.5785 0.8 0.1589
vn 0.01584 0.002462 0.9999
vn 0.01596 0.002543 0.9999
vn 0.01598 0.002624 0.9999
vn 0.01595 0.002625 0.9999
vn 0.3028 0.9365 0.1767
vn 0.01595 0.002574 0.9999
vn -0.305 -0.9523 0.007382
vn 0.3028 0.9365 0.1767
vn 0.009448 0.007227 0.9999
vn -0.2739 -0.9617 0.00898
vn -0.3028 -0.9367 -0.176
vn 0.3028 0.9365 0.1767
vn -0.3028 -0.9366 -0.1763
vn 0.3028 0.9365 0.1767
vn 0.3028 0.9365 0.1767
vn 0.01632 0.003149 0.9999
vn -0.5844 -0.8114 0.01147
vn -0.305 -0.9523 0.007382
vn 0.01593 0.002462 0.9999
vn 0.5785 0.8 0.1589
vn 0.01579 0.003424 0.9999
vn 0.01551 0.004261 0.9999
vn 0.01616 0.00292 0.9999
vn 0.01595 0.002626 0.9999
vn 0.5785 0.8 0.1589
vn -0.5843 -0.8114 0.01147
vn 0.2078 0.1433 0.9676
vn 0.01454 0.007142 0.9999
vn 0.0168 0.003836 0.9999
vn 0.01555 0.004143 0.9999
vn 0.01595 0.002754 0.9999
vn 0.8855 0.4552 0.09341
vn 0.7011 0.7066 0.09566
vn -0.7957 -0.5815 -0.1697
vn 0.01441 0.007529 0.9999
vn -0.7037 -0.5202 0.4839
vn 0.0161 0.00254 0.9999
vn -0.7957 -0.5815 -0.1697
vn -0.7957 -0.5815 -0.1697
vn 0.1778 0.1213 0.9766
vn 0.01606 0.002651 0.9999
vn -0.7956 -0.5815 -0.1698
vn 0.01602 0.002762 0.9999
vn 0.806 0.591 -0.03235
vn -0.7956 -0.5815 -0.1698
vn 0.01633 0.002894 0.9999
vn -0.7956 -0.5815 -0.1698
vn -0.8026 -0.5872 -0.1054
vn -0.9496 -0.3129 0.01599
vn 0.01677 0.002908 0.9999
vn 0.01689 0.003318 0.9999
vn 0.01596 0.002644 0.9999
vn -0.8065 -0.5911 0.01443
vn -0.5844 -0.8114 0.01147
vn 0.01593 0.002635 0.9999
vn 0.5911 -0.8066 -0.00731
vn 0.3281 -0.9446 -0.001726
vn 0.004893 -0.01339 0.9999
vn 0.01598 0.002599 0.9999
vn 0.3046 -0.9341 -0.1864
vn 0.3331 -0.9429 -0.001471
vn 0.01048 -0.005497 0.9999
vn 0.3129 -0.9498 -0.002491
vn 0.5797 -0.7953 -0.1774
vn 0.0163 0.002153 0.9999
vn 0.01232 -0.002771 0.9999
vn 0.01597 0.002629 0.9999
vn 0.3129 -0.9498 -0.002491
vn 0.01601 0.00255 0.9999
vn 0.3046 -0.9341 -0.1864
vn 0.3129 -0.9498 -0.002491
vn 0.01609 0.003068 0.9999
vn -0.4532 0.8842 0.1136
vn -0.704 0.7003 0.1181
vn 0.01597 0.002654 0.9999
vn 0.01599 0.002681 0.9999
vn 0.01597 0.002629 0.9999
vn -0.704 0.7003 0.1181
vn -0.8857 0.448 0.1217
vn 0.1274 0.3435 0.9305
vn -0.704 0.7003 0.1181
vn -0.706 0.7019 0.09422
vn -0.8287 0.5525 0.08958
vn -0.8847 0.4475 0.1301
vn -0.8857 0.448 0.1217
vn -0.704 0.7003 0.1181
vn -0.4532 0.8842 0.1136
vn -0.4559 0.8878 0.06343
vn -0.6282 0.7755 0.06248
vn -0.6674 0.7413 0.07147
vn -0.706 0.7019 0.09422
vn -0.704 0.7003 0.1181
vn -0.8287 0.5525 0.08958
vn -0.706 0.7019 0.09422
vn -0.6674 0.7413 0.07147
vn -0.7986 0.5978 0.06976
vn -0.8293 0.5526 0.08359
vn -0.6282 0.7755 0.06248
vn -0.6286 0.7766 0.04309
vn -0.764 0.6439 0.0412
vn -0.7991 0.5979 0.06233
vn -0.7986 0.5978 0.06976
vn -0.6674 0.7413 0.07147
vn -0.8293 0.5526 0.08359
vn -0.7986 0.5978 0.06976
vn -0.7991 0.5979 0.06233
vn -0.8919 0.4483 0.05879
vn -0.9313 0.3528 0.09112
vn -0.9324 0.353 0.07713
vn -0.764 0.6439 0.0412
vn -0.7652 0.6438 -0.0009144
vn -0.8023 0.5969 -0.0009751
vn -0.8929 0.4487 0.03644
vn -0.8919 0.4483 0.05879
vn -0.7991 0.5979 0.06233
vn -0.6286 0.7766 0.04309
vn -0.6149 0.7878 0.03543
vn -0.615 0.7884 -0.01168
vn -0.7172 0.6968 -0.01119
vn -0.7652 0.6438 -0.0009144
vn -0.764 0.6439 0.0412
vn -0.8023 0.5969 -0.0009751
vn -0.7652 0.6438 -0.0009144
vn -0.7172 0.6968 -0.01119
vn -0.7172 0.6969 0.0001333
vn -0.641 0.7676 0.0004299
vn -0.802 0.5966 0.02852
vn -0.615 0.7884 -0.01168
vn -0.6005 0.7995 -0.01474
vn -0.6005 0.7994 -0.01565
vn -0.6306 0.776 -0.01577
vn -0.7172 0.6969 0.0001333
vn -0.7172 0.6968 -0.01119
vn -0.641 0.7676 0.0004299
vn -0.7172 0.6969 0.0001333
vn -0.6306 0.776 -0.01577
vn -0.6302 0.7755 0.03797
vn -0.5716 0.8197 0.03706
vn -0.6402 0.7666 0.05013
vn -0.6005 0.7994 -0.01565
vn -0.5914 0.8062 -0.01739
vn -0.5913 0.8059 0.02966
vn -0.5822 0.8125 0.0295
vn -0.6302 0.7755 0.03797
vn -0.6306 0.776 -0.01577
vn -0.6005 0.7995 -0.01474
vn -0.4091 0.9123 -0.01673
vn -0.4091 0.9124 -0.01385
vn -0.4308 0.9023 -0.0175
vn -0.5914 0.8062 -0.01739
vn -0.6005 0.7994 -0.01565
vn -0.6149 0.7878 0.03543
vn -0.3835 0.923 0.03303
vn -0.3822 0.9235 0.03246
vn -0.3824 0.9239 -0.01217
vn -0.4091 0.9123 -0.01673
vn -0.6005 0.7995 -0.01474
vn -0.615 0.7884 -0.01168
vn -0.4559 0.8878 0.06343
vn -0.3832 0.9224 0.04876
vn -0.3835 0.923 0.03303
vn -0.6149 0.7878 0.03543
vn -0.6286 0.7766 0.04309
vn -0.6282 0.7755 0.06248
vn -0.1578 0.9815 0.1087
vn -0.1595 0.986 0.04822
vn -0.1726 0.9839 0.0458
vn -0.3832 0.9224 0.04876
vn -0.4559 0.8878 0.06343
vn -0.4532 0.8842 0.1136
vn -0.07531 0.996 0.04849
vn 0.03994 0.9987 0.03313
vn 0.03997 0.9989 0.02315
vn 0.01296 0.9998 0.01204
vn -0.1412 0.9899 0.0142
vn -0.1726 0.9845 0.02986
vn -0.1726 0.9839 0.0458
vn -0.1595 0.986 0.04822
vn -0.3822 0.9235 0.03246
vn -0.3835 0.923 0.03303
vn -0.3832 0.9224 0.04876
vn -0.1726 0.9839 0.0458
vn -0.1726 0.9845 0.02986
vn -0.3824 0.9239 -0.01217
vn -0.3822 0.9235 0.03246
vn -0.1726 0.9845 0.02986
vn -0.1412 0.9899 0.0142
vn -0.141 0.9899 -0.01279
vn -0.4091 0.9123 -0.01673
vn -0.3824 0.9239 -0.01217
vn -0.141 0.9899 -0.01279
vn -0.19 0.9818 -0.00361
vn -0.1899 0.9817 -0.0119
vn -0.2165 0.9762 -0.01581
vn -0.4091 0.9124 -0.01385
vn 0.01296 0.9998 0.01204
vn 0.01306 0.9999 -0.007989
vn -0.19 0.9818 -0.00361
vn -0.141 0.9899 -0.01279
vn -0.1412 0.9899 0.0142
vn 0.03997 0.9989 0.02315
vn 0.1315 0.9911 0.02082
vn 0.1316 0.9912 -0.01119
vn 0.1167 0.9931 -0.01145
vn 0.01299 0.9999 -0.007999
vn 0.01296 0.9998 0.01204
vn 0.03994 0.9987 0.03313
vn 0.07175 0.9968 0.03597
vn 0.2024 0.9788 0.03233
vn 0.2024 0.9788 0.03018
vn 0.1315 0.9911 0.02082
vn 0.03997 0.9989 0.02315
vn 0.1526 0.9704 0.1871
vn 0.2536 0.9566 0.1433
vn 0.2689 0.9577 0.1028
vn 0.07175 0.9968 0.03597
vn 0.03994 0.9987 0.03313
vn -0.07531 0.996 0.04849
vn 0.4436 0.8733 0.2015
vn 0.4194 0.8831 0.2105
vn 0.4371 0.8885 0.1394
vn 0.251 0.9623 0.1049
vn 0.2689 0.9577 0.1028
vn 0.2536 0.9566 0.1433
vn 0.4493 0.8879 0.09913
vn 0.4426 0.8713 0.2119
vn 0.4194 0.8831 0.2105
vn 0.4436 0.8733 0.2015
vn 0.4541 0.8858 0.09569
vn 0.005163 0.1774 0.9841
vn 0.03718 0.987 0.1564
vn 0.5062 0.8394 0.1979
vn 0.4426 0.8713 0.2119
vn 0.4492 0.8879 0.0992
vn 0.4371 0.8885 0.1394
vn 0.4194 0.8831 0.2105
vn 0.4426 0.8713 0.2119
vn 0.5062 0.8394 0.1979
vn 0.4986 0.8558 0.138
vn 0.251 0.9623 0.1049
vn 0.4371 0.8885 0.1394
vn 0.4986 0.8558 0.138
vn 0.5232 0.8415 0.1344
vn 0.5282 0.8489 0.01903
vn 0.2514 0.9672 0.03746
vn 0.03718 0.987 0.1564
vn 0.03879 0.987 0.1563
vn 0.03938 0.993 0.1118
vn 0.5232 0.8415 0.1344
vn 0.4986 0.8558 0.138
vn 0.5062 0.8394 0.1979
vn 0.002845 0.1139 0.9935
vn -0.02791 0.02204 0.9994
vn -0.5419 0.8387 0.05492
vn 0.03879 0.987 0.1563
vn 0.03718 0.987 0.1564
vn 0.002845 0.1139 0.9935
vn 0.4517 0.8869 0.09745
vn 0.4492 0.8879 0.0992
vn 0.7017 0.7061 0.09565
vn 0.7011 0.7077 0.08725
vn 0.7016 0.7091 0.07041
vn -0.703 -0.7111 0.009499
vn -0.7039 -0.7094 0.03561
vn 0.6999 0.7078 0.09567
vn 0.8886 0.4509 0.08387
vn 0.7016 0.7091 0.07041
vn -0.7016 -0.7091 -0.07041
vn -0.889 -0.4574 -0.02094
vn -0.7286 -0.6845 0.0261
vn 0.8844 0.4546 0.1055
vn -0.7016 -0.7091 -0.07041
vn 0.7016 0.7091 0.07041
vn 0.8917 0.4465 0.07433
vn -0.8869 -0.456 -0.07432
vn 0.8855 0.4552 0.09338
vn -0.8889 -0.4576 0.02278
vn 0.01597 0.002622 0.9999
vn 0.9828 0.1598 0.09261
vn 0.8876 0.4523 0.08705
vn 0.01595 0.002698 0.9999
vn -0.3187 0.4632 0.827
vn 0.9385 0.3088 0.1544
vn 0.01723 0.003065 0.9998
vn 0.01647 0.003 0.9999
vn 0.01605 0.002682 0.9999
vn 0.01595 0.002698 0.9999
vn -0.7957 -0.5815 -0.1693
vn -0.7956 -0.5815 -0.1697
vn 0.9385 0.3088 0.1544
vn -0.5412 0.7607 0.3583
vn 0.01693 0.00296 0.9999
vn 0.01595 0.002643 0.9999
vn 0.9385 0.3088 0.1544
vn -0.9496 -0.3129 0.01599
vn -0.9999 -0.002052 0.01584
vn -0.3187 0.4632 0.827
vn 0.01632 0.002751 0.9999
vn 0.9857 0.004517 0.1682
vn 0.01638 0.001874 0.9999
vn -0.9999 -0.002053 0.01584
vn -0.9522 0.3051 0.0144
vn -0.9999 -0.002737 0.01588
vn 0.01591 0.002638 0.9999
vn 0.01596 0.002638 0.9999
vn 0.01587 0.002634 0.9999
vn -0.9999 -0.004105 0.01598
vn -0.9497 -0.3129 0.01599
vn 0.01596 0.002633 0.9999
vn 0.01601 0.002629 0.9999
vn 0.9522 -0.3051 -0.0144
vn 0.7671 -0.5477 0.3339
vn 0.01626 -0.01107 0.9998
vn 0.01632 0.002508 0.9999
vn -0.7946 0.575 0.1951
vn 0.8111 -0.5844 -0.02282
vn 0.5911 -0.8066 -0.00731
vn 0.01566 0.003045 0.9999
vn 0.1861 0.5261 0.8298
vn 0.8098 -0.584 -0.05703
vn -0.8065 -0.5911 0.01444
vn 0.01596 0.002651 0.9999
vn 0.01596 0.002639 0.9999
vn -0.9496 -0.3129 0.01599
vn 0.5797 -0.7953 -0.1774
vn 0.2945 0.8749 0.3844
vn 0.01598 0.002599 0.9999
vn 0.01597 0.002603 0.9999
vn 0.5797 -0.7953 -0.1774
vn -0.7946 0.575 0.1951
vn 0.01596 0.002625 0.9999
vn 0.6944 -0.4926 0.5246
vn -0.7946 0.575 0.1951
vn -0.8857 0.448 0.1217
vn -0.9782 0.2058 0.02723
vn 0.01596 0.002639 0.9999
vn 0.01597 0.005042 0.9999
vn -0.9734 0.1491 -0.1738
vn -0.9715 0.2132 0.1035
vn -0.8847 0.4475 0.1301
vn -0.8857 0.448 0.1217
vn -0.9806 0.1518 0.124
vn -0.9808 0.1518 0.1222
vn -0.8287 0.5525 0.08958
vn -0.8293 0.5526 0.08359
vn -0.9324 0.353 0.07713
vn -0.9711 0.2131 0.1077
vn -0.9715 0.2132 0.1035
vn -0.8847 0.4475 0.1301
vn -0.9313 0.3528 0.09112
vn -0.9249 0.3688 0.09187
vn -0.9217 0.3682 0.1221
vn -0.9711 0.2131 0.1077
vn -0.9324 0.353 0.07713
vn -0.8919 0.4483 0.05879
vn -0.8929 0.4487 0.03644
vn -0.9441 0.3263 0.04691
vn -0.9421 0.3258 0.07939
vn -0.9249 0.3688 0.09187
vn -0.9313 0.3528 0.09112
vn -0.8023 0.5969 -0.0009751
vn -0.802 0.5966 0.02852
vn -0.5873 0.8074 0.05702
vn -0.689 0.7221 0.06117
vn -0.6424 0.7633 0.06894
vn -0.8647 0.5001 0.04749
vn -0.9441 0.3263 0.04691
vn -0.8929 0.4487 0.03644
vn -0.641 0.7676 0.0004299
vn -0.6402 0.7666 0.05013
vn -0.5876 0.8078 0.04773
vn -0.5873 0.8074 0.05702
vn -0.802 0.5966 0.02852
vn -0.689 0.7221 0.06117
vn -0.5873 0.8074 0.05702
vn -0.5876 0.8078 0.04773
vn -0.5308 0.8458 0.05281
vn -0.5222 0.8513 0.05146
vn -0.5219 0.8507 0.06289
vn -0.4517 0.8892 0.0729
vn -0.6424 0.7633 0.06894
vn -0.689 0.7221 0.06117
vn -0.4517 0.8892 0.0729
vn -0.4555 0.8872 0.07357
vn -0.4551 0.8862 0.08754
vn -0.5712 0.8163 0.08603
vn -0.641 0.7608 0.1013
vn 0.9973 0.04135 -0.06148
vn -0.9983 -0.04143 0.04195
vn -0.4555 0.8872 0.07357
vn -0.4517 0.8892 0.0729
vn -0.5219 0.8507 0.06289
vn -0.4095 0.9098 0.06691
vn -0.4807 0.8739 0.07247
vn -0.001149 0.001859 1
vn -0.4782 0.8692 0.1261
vn 0.9985 0.04145 -0.03469
vn -0.05278 0.9816 0.1835
vn -0.3584 0.6516 -0.6686
vn -0.5222 0.8513 0.05146
vn -0.5106 0.8582 0.05289
vn -0.4101 0.9112 0.03905
vn -0.4095 0.9098 0.06691
vn -0.5219 0.8507 0.06289
vn -0.2659 0.9612 0.0737
vn -0.2523 0.9647 0.07494
vn -0.382 0.9215 0.07065
vn -0.4807 0.8739 0.07247
vn -0.4095 0.9098 0.06691
vn -0.4101 0.9112 0.03905
vn -0.3966 0.9171 0.04105
vn -0.4464 0.8941 0.03598
vn -0.2664 0.9631 0.03708
vn -0.5106 0.8582 0.05289
vn 0.201 -0.339 -0.9191
vn 0.2652 0.9638 0.02779
vn -0.3966 0.9171 0.04105
vn -0.4101 0.9112 0.03905
vn -0.4464 0.8941 0.03598
vn -0.3966 0.9171 0.04105
vn 0.2652 0.9638 0.02779
vn 0.2101 0.9755 0.06533
vn -0.3407 0.5698 0.7479
vn -0.5066 0.8609 0.04719
vn -0.5045 0.8621 0.04791
vn -0.5566 0.8308 -0.006349
vn -0.3221 0.9466 -0.01323
vn -0.322 0.9463 0.02795
vn -0.2664 0.9631 0.03708
vn -0.4464 0.8941 0.03598
vn -0.5045 0.8621 0.04791
vn -0.5051 0.8631 0.001758
vn -0.5563 0.8303 -0.03285
vn -0.5566 0.8308 -0.006349
vn -0.5051 0.8631 0.001758
vn -0.6399 0.7685 0.003319
vn -0.6399 0.7685 -0.0004231
vn -0.74 0.6726 -0.00294
vn -0.5066 0.8609 0.04719
vn -0.5541 0.8309 0.05005
vn -0.5552 0.8316 0.01597
vn -0.6399 0.7685 0.003319
vn -0.5051 0.8631 0.001758
vn -0.5045 0.8621 0.04791
vn -0.3407 0.5698 0.7479
vn -0.9977 0.03952 0.05574
vn -0.9995 -0.0219 0.0213
vn -0.5746 0.8175 0.03921
vn -0.5541 0.8309 0.05005
vn -0.5066 0.8609 0.04719
vn 0.2101 0.9755 0.06533
vn -0.9977 0.03952 0.05574
vn -0.3407 0.5698 0.7479
vn -0.3435 0.5762 -0.7416
vn -0.9995 -0.0219 0.0213
vn -0.9977 0.03952 0.05574
vn 0.2101 0.9755 0.06533
vn 0.2652 0.9638 0.02779
vn -0.5308 0.8458 0.05281
vn -0.5746 0.8175 0.03921
vn -0.9995 -0.0219 0.0213
vn 0.201 -0.339 -0.9191
vn -0.5106 0.8582 0.05289
vn -0.5222 0.8513 0.05146
vn -0.5106 0.8582 0.05289
vn 0.5112 -0.8591 -0.02536
vn -0.5716 0.8197 0.03706
vn -0.572 0.8199 0.02482
vn -0.6201 0.7843 0.01832
vn -0.5552 0.8316 0.01597
vn -0.5541 0.8309 0.05005
vn -0.5746 0.8175 0.03921
vn -0.5308 0.8458 0.05281
vn -0.5876 0.8078 0.04773
vn -0.6402 0.7666 0.05013
vn -0.6302 0.7755 0.03797
vn -0.5822 0.8125 0.0295
vn -0.582 0.8126 0.03232
vn -0.6226 0.7821 0.02658
vn -0.572 0.8199 0.02482
vn -0.5716 0.8197 0.03706
vn -0.6201 0.7843 0.01832
vn -0.572 0.8199 0.02482
vn -0.6226 0.7821 0.02658
vn -0.6218 0.7812 0.05641
vn -0.6192 0.7832 0.05638
vn -0.6399 0.7685 -0.0004231
vn -0.6399 0.7685 0.003319
vn -0.5552 0.8316 0.01597
vn -0.6201 0.7843 0.01832
vn -0.6192 0.7832 0.05638
vn -0.7601 0.6493 0.02654
vn -0.7844 0.6197 0.02654
vn -0.74 0.6726 -0.00294
vn -0.6399 0.7685 -0.0004231
vn -0.7844 0.6197 0.02654
vn -0.7853 0.6191 -0.001889
vn -0.8012 0.5983 -0.01195
vn -0.8188 0.574 -0.01222
vn -0.7406 0.6706 -0.0413
vn -0.5876 0.8084 -0.03534
vn -0.5563 0.8303 -0.03285
vn -0.74 0.6726 -0.00294
vn -0.7406 0.6706 -0.0413
vn -0.839 0.5396 -0.0703
vn -0.7375 0.6694 -0.08941
vn -0.5863 0.7918 -0.1715
vn -0.8188 0.574 -0.01222
vn -0.8199 0.5686 -0.06673
vn -0.874 0.4756 -0.09924
vn -0.8409 0.5313 -0.1033
vn -0.839 0.5396 -0.0703
vn -0.7406 0.6706 -0.0413
vn -0.8012 0.5983 -0.01195
vn -0.8005 0.5977 -0.04338
vn -0.8282 0.5564 -0.06698
vn -0.8199 0.5686 -0.06673
vn -0.8188 0.574 -0.01222
vn -0.874 0.4756 -0.09924
vn -0.8199 0.5686 -0.06673
vn -0.8282 0.5564 -0.06698
vn -0.8289 0.5469 -0.1178
vn -0.8694 0.457 -0.1877
vn -0.8005 0.5977 -0.04338
vn -0.7708 0.6357 -0.04128
vn -0.7432 0.6662 -0.06194
vn -0.7438 0.6674 -0.03656
vn -0.8352 0.5369 -0.119
vn -0.8289 0.5469 -0.1178
vn -0.8282 0.5564 -0.06698
vn -0.8694 0.4571 -0.1877
vn -0.8289 0.5469 -0.1178
vn -0.8352 0.5369 -0.119
vn -0.8205 0.5223 -0.2323
vn -0.8631 0.4488 -0.2318
vn -0.7438 0.6674 -0.03656
vn -0.7681 0.6399 -0.0238
vn -0.7681 0.64 -0.02188
vn -0.9344 0.3246 -0.1471
vn -0.9265 0.3445 -0.1512
vn -0.8205 0.5223 -0.2323
vn -0.8352 0.5369 -0.119
vn -0.8631 0.4488 -0.2318
vn -0.8205 0.5223 -0.2323
vn -0.9265 0.3445 -0.1512
vn -0.9212 0.3066 -0.2395
vn -0.9427 0.2416 -0.2299
vn -0.8724 0.4022 -0.2777
vn -0.8758 0.4057 -0.2615
vn -0.9344 0.3246 -0.1471
vn -0.9884 0.1479 0.03492
vn -0.9944 0.0213 -0.1034
vn -0.9801 0.1389 -0.1419
vn -0.9212 0.3066 -0.2395
vn -0.9265 0.3445 -0.1512
vn -0.9427 0.2416 -0.2299
vn -0.9212 0.3066 -0.2395
vn -0.9801 0.1389 -0.1419
vn -0.9711 0.107 -0.2133
vn -0.9167 0.3031 -0.2602
vn -0.9944 0.0213 -0.1034
vn -0.9752 -0.2153 0.05138
vn -0.8665 -0.4949 0.06445
vn -0.9836 -0.1711 -0.05722
vn -0.9711 0.107 -0.2133
vn -0.9801 0.1389 -0.1419
vn -0.9167 0.3031 -0.2602
vn -0.9711 0.107 -0.2133
vn -0.9836 -0.1711 -0.05722
vn -0.9574 -0.2031 -0.2054
vn -0.9005 0.2878 -0.3261
vn -0.8665 -0.4949 0.06445
vn -0.8668 -0.4968 0.04209
vn -0.6571 -0.7501 0.07435
vn -0.4666 -0.8757 0.1243
vn -0.8562 -0.5121 -0.06769
vn -0.9574 -0.2031 -0.2054
vn -0.9836 -0.1711 -0.05722
vn -0.9005 0.2878 -0.3261
vn -0.9574 -0.2031 -0.2054
vn -0.8562 -0.5121 -0.06769
vn -0.7817 -0.6091 -0.134
vn -0.9052 -0.3472 -0.2449
vn -0.867 0.2568 -0.4271
vn -0.9015 0.2848 -0.3258
vn -0.4666 -0.8757 0.1243
vn -0.4483 -0.8895 0.08825
vn -0.497 -0.8654 0.06377
vn -0.7817 -0.6091 -0.134
vn -0.8562 -0.5121 -0.06769
vn -0.9052 -0.3472 -0.2449
vn -0.7817 -0.6091 -0.134
vn -0.497 -0.8654 0.06377
vn -0.4855 -0.8739 0.02348
vn -0.6848 -0.7133 -0.1492
vn -0.8384 -0.3981 -0.3724
vn -0.4483 -0.8895 0.08825
vn -0.2742 -0.9427 0.1902
vn -0.2722 -0.9436 0.1885
vn -0.4855 -0.8739 0.02348
vn -0.497 -0.8654 0.06377
vn -0.6571 -0.7501 0.07435
vn -0.657 -0.7498 0.07891
vn -0.4778 -0.8729 0.09845
vn -0.2742 -0.9427 0.1902
vn -0.4483 -0.8895 0.08825
vn -0.4666 -0.8757 0.1243
vn -0.8668 -0.4968 0.04209
vn -0.8334 -0.55 0.0543
vn -0.8325 -0.5495 0.07092
vn -0.595 -0.7982 0.09408
vn -0.657 -0.7498 0.07891
vn -0.6571 -0.7501 0.07435
vn -0.8665 -0.4949 0.06445
vn -0.9752 -0.2153 0.05138
vn -0.9984 0.04273 -0.03638
vn -0.9999 -0.01125 0.0009012
vn -0.8334 -0.55 0.0543
vn -0.8668 -0.4968 0.04209
vn -0.8325 -0.5495 0.07092
vn -0.8334 -0.55 0.0543
vn -0.9999 -0.01125 0.0009012
vn -0.9955 -0.09194 0.02218
vn -0.9961 -0.08484 0.02319
vn -0.877 -0.477 0.05747
vn -0.595 -0.7982 0.09408
vn -0.8325 -0.5495 0.07092
vn -0.877 -0.477 0.05747
vn -0.8763 -0.4788 -0.05315
vn -0.9233 -0.3805 -0.05155
vn -0.5971 -0.8022 -0.001078
vn -0.9961 -0.08484 0.02319
vn -0.9983 -0.05806 0.006214
vn -0.987 -0.1346 -0.08775
vn -0.9925 -0.09007 -0.08301
vn -0.8763 -0.4788 -0.05315
vn -0.877 -0.477 0.05747
vn -0.9233 -0.3805 -0.05155
vn -0.8763 -0.4788 -0.05315
vn -0.9925 -0.09007 -0.08301
vn -0.9714 -0.08841 -0.2206
vn -0.8997 -0.3708 -0.2301
vn -0.9605 -0.1994 -0.1941
vn -0.9714 -0.08841 -0.2206
vn -0.9925 -0.09007 -0.08301
vn -0.987 -0.1346 -0.08775
vn 0.03923 -0.9975 0.05915
vn 0.04451 -0.997 0.06398
vn 0.04283 -0.9949 0.09109
vn -0.8997 -0.3708 -0.2301
vn -0.9714 -0.08841 -0.2206
vn -0.9605 -0.1994 -0.1941
vn -0.9599 -0.1992 -0.1974
vn -0.8811 -0.4438 -0.1634
vn -0.8671 -0.4354 -0.2422
vn -0.491 -0.8059 -0.3309
vn -0.6039 -0.6889 -0.4009
vn -0.8034 -0.02805 -0.5948
vn -0.9685 -0.0143 -0.2485
vn -0.9686 -0.02139 -0.2477
vn -0.9599 -0.1992 -0.1974
vn -0.9605 -0.1994 -0.1941
vn -0.8811 -0.4438 -0.1634
vn -0.9599 -0.1992 -0.1974
vn -0.9686 -0.02139 -0.2477
vn -0.9621 -0.02129 -0.2717
vn -0.9568 -0.1146 -0.2674
vn -0.923 -0.3016 -0.2391
vn -0.8438 -0.5043 -0.1835
vn -0.8467 -0.506 -0.1648
vn -0.8671 -0.4354 -0.2422
vn -0.8811 -0.4438 -0.1634
vn -0.8467 -0.506 -0.1648
vn -0.6902 -0.7147 -0.1134
vn -0.676 -0.7297 -0.1027
vn -0.5855 -0.7839 -0.2064
vn -0.8438 -0.5043 -0.1835
vn -0.7834 -0.6013 -0.1572
vn -0.6904 -0.715 -0.11
vn -0.6902 -0.7147 -0.1134
vn -0.8467 -0.506 -0.1648
vn -0.923 -0.3016 -0.2391
vn -0.9354 -0.3054 -0.1784
vn -0.8962 -0.408 -0.1745
vn -0.8593 -0.4868 -0.1568
vn -0.7891 -0.6055 -0.104
vn -0.7834 -0.6013 -0.1572
vn -0.8438 -0.5043 -0.1835
vn -0.9568 -0.1146 -0.2674
vn -0.9716 -0.1162 -0.2063
vn -0.9354 -0.3054 -0.1784
vn -0.923 -0.3016 -0.2391
vn -0.8962 -0.408 -0.1745
vn -0.9354 -0.3054 -0.1784
vn -0.9716 -0.1162 -0.2063
vn -0.9725 -0.09833 -0.2113
vn -0.9738 -0.09844 -0.2052
vn -0.8996 -0.4095 -0.1519
vn -0.9568 -0.1146 -0.2674
vn -0.9621 -0.02129 -0.2717
vn -0.9473 0.1516 -0.2821
vn -0.9364 0.2005 -0.2879
vn -0.9507 0.2037 -0.2336
vn -0.9725 -0.09833 -0.2113
vn -0.9716 -0.1162 -0.2063
vn -0.9738 -0.09844 -0.2052
vn -0.9725 -0.09833 -0.2113
vn -0.9507 0.2037 -0.2336
vn -0.9346 0.259 -0.2439
vn -0.9451 0.262 -0.1955
vn -0.966 0.1269 -0.2253
vn -0.9752 -0.06648 -0.2111
vn -0.9728 -0.1347 -0.1886
vn -0.8996 -0.4095 -0.1519
vn -0.9738 -0.09844 -0.2052
vn -0.9728 -0.1347 -0.1886
vn -0.9785 -0.1353 -0.1555
vn -0.9598 -0.2435 -0.1394
vn -0.9584 -0.2514 -0.1352
vn 0.0041 -0.9996 0.02722
vn -0.8855 -0.004307 -0.4647
vn -0.8707 0.03114 -0.4908
vn -0.07097 0.00671 0.9975
vn -0.9816 -0.06477 -0.1797
vn -0.9823 -0.05751 -0.1783
vn -0.9785 -0.1353 -0.1555
vn -0.9728 -0.1347 -0.1886
vn -0.9752 -0.06648 -0.2111
vn -0.9598 -0.2435 -0.1394
vn -0.9785 -0.1353 -0.1555
vn -0.9823 -0.05751 -0.1783
vn -0.9877 -0.05773 -0.1455
vn -0.966 -0.231 -0.1164
vn -0.963 -0.2453 -0.1114
vn -0.9816 -0.06477 -0.1797
vn -0.9707 0.1357 -0.1986
vn -0.9691 0.1428 -0.2014
vn -0.9733 0.1434 -0.1793
vn -0.9865 -0.006275 -0.1634
vn -0.9877 -0.05773 -0.1455
vn -0.9823 -0.05751 -0.1783
vn -0.966 -0.231 -0.1164
vn -0.9877 -0.05773 -0.1455
vn -0.9865 -0.006275 -0.1634
vn -0.9894 -0.006245 -0.1449
vn -0.9882 -0.03723 -0.1484
vn -0.9724 -0.1983 -0.123
vn -0.9667 -0.2311 -0.1096
vn -0.9733 0.1434 -0.1793
vn -0.968 0.1679 -0.1865
vn -0.972 0.1687 -0.1638
vn -0.9894 -0.006245 -0.1449
vn -0.9865 -0.006275 -0.1634
vn -0.9882 -0.03723 -0.1484
vn -0.9894 -0.006245 -0.1449
vn -0.972 0.1687 -0.1638
vn -0.9155 0.3371 -0.2194
vn -0.9206 0.3391 -0.1937
vn -0.9268 0.3209 -0.195
vn -0.9907 -0.03408 -0.1319
vn -0.9908 -0.03728 -0.1305
vn -0.968 0.1679 -0.1865
vn -0.8211 0.5367 -0.1941
vn -0.8075 0.5555 -0.1985
vn -0.8068 0.555 -0.2025
vn -0.8362 0.5008 -0.2236
vn -0.9155 0.3371 -0.2194
vn -0.972 0.1687 -0.1638
vn -0.9206 0.3391 -0.1937
vn -0.9155 0.3371 -0.2194
vn -0.8362 0.5008 -0.2236
vn -0.841 0.5038 -0.1973
vn -0.8595 0.468 -0.2054
vn -0.9268 0.3209 -0.195
vn -0.9206 0.3391 -0.1937
vn -0.8595 0.468 -0.2054
vn -0.9276 0.3217 -0.1897
vn -0.841 0.5038 -0.1973
vn -0.7904 0.5797 -0.1981
vn -0.6986 0.6772 -0.231
vn -0.6975 0.6754 -0.2394
vn -0.6939 0.6819 -0.2313
vn -0.8223 0.5225 -0.2253
vn -0.8595 0.468 -0.2054
vn -0.8362 0.5008 -0.2236
vn -0.8068 0.555 -0.2025
vn -0.7899 0.5794 -0.2008
vn -0.7904 0.5797 -0.1981
vn -0.841 0.5038 -0.1973
vn -0.6986 0.6772 -0.231
vn -0.7904 0.5797 -0.1981
vn -0.7899 0.5794 -0.2008
vn -0.7598 0.6263 -0.1747
vn -0.7977 0.5729 -0.1884
vn -0.7652 0.6159 -0.1876
vn -0.6175 0.7581 -0.2097
vn -0.6252 0.7467 -0.2271
vn -0.8075 0.5555 -0.1985
vn -0.7577 0.6245 -0.1893
vn -0.7598 0.6263 -0.1747
vn -0.7899 0.5794 -0.2008
vn -0.8068 0.555 -0.2025
vn -0.8211 0.5367 -0.1941
vn -0.8218 0.5372 -0.1898
vn -0.7683 0.6147 -0.1785
vn -0.7218 0.6674 -0.1833
vn -0.7234 0.6695 -0.1684
vn -0.7577 0.6245 -0.1893
vn -0.8075 0.5555 -0.1985
vn -0.9691 0.1428 -0.2014
vn -0.9545 0.2282 -0.1919
vn -0.8422 0.5063 -0.1854
vn -0.8218 0.5372 -0.1898
vn -0.8211 0.5367 -0.1941
vn -0.968 0.1679 -0.1865
vn -0.9733 0.1434 -0.1793
vn -0.966 0.1269 -0.2253
vn -0.9451 0.262 -0.1955
vn -0.9545 0.2282 -0.1919
vn -0.9691 0.1428 -0.2014
vn -0.9707 0.1357 -0.1986
vn -0.07097 0.00671 0.9975
vn -0.8707 0.03114 -0.4908
vn -0.004158 0.9999 0.01146
vn -0.07097 0.00671 0.9975
vn -0.9707 0.1357 -0.1986
vn -0.9816 -0.06477 -0.1797
vn -0.8855 -0.004307 -0.4647
vn -1 -0.004147 -0.001461
vn -0.004357 0.8882 0.4595
vn -0.004158 0.9999 0.01145
vn -0.8707 0.03114 -0.4908
vn 0.0041 -0.9996 0.02722
vn 0.003095 -0.9015 0.4328
vn -1 -0.004142 -0.00147
vn -0.8855 -0.004307 -0.4647
vn 0.0041 -0.9996 0.02723
vn 0.8868 0.003048 -0.4621
vn 1 0.004139 0.001489
vn 0.003095 -0.9015 0.4328
vn 0.0041 -0.9996 0.02722
vn 0.9763 -0.05839 -0.2082
vn 0.9744 -0.1266 -0.1857
vn 0.9801 -0.1271 -0.1526
vn 0.9833 -0.04936 -0.1754
vn 0.9826 -0.05664 -0.1768
vn 0.06809 0.007284 0.9977
vn 0.8719 0.03836 -0.4883
vn 0.8868 0.003048 -0.4621
vn 0.0041 -0.9996 0.02723
vn -0.004158 0.9999 0.01145
vn -0.004357 0.8882 0.4595
vn 1 0.004142 0.001484
vn 0.8868 0.003048 -0.4621
vn 0.8719 0.03836 -0.4883
vn -0.004158 0.9999 0.01146
vn -0.004158 0.9999 0.01146
vn 0.8719 0.03836 -0.4883
vn 0.06809 0.007284 0.9977
vn 0.9701 0.1437 -0.1957
vn 0.9684 0.1508 -0.1985
vn 0.9532 0.236 -0.1891
vn 0.9434 0.2698 -0.1927
vn 0.9656 0.1349 -0.2224
vn 0.9826 -0.05664 -0.1768
vn 0.9701 0.1437 -0.1957
vn 0.06809 0.007284 0.9977
vn 0.9833 -0.04936 -0.1754
vn 0.9885 -0.04954 -0.1426
vn 0.987 0.001892 -0.1605
vn 0.9726 0.1515 -0.1764
vn 0.9684 0.1508 -0.1985
vn 0.9701 0.1437 -0.1957
vn 0.9826 -0.05664 -0.1768
vn 0.9532 0.236 -0.1891
vn 0.9684 0.1508 -0.1985
vn 0.9726 0.1515 -0.1764
vn 0.9671 0.176 -0.1836
vn 0.8172 0.5435 -0.1917
vn 0.8179 0.544 -0.1874
vn 0.8385 0.5132 -0.1829
vn 0.987 0.001892 -0.1605
vn 0.9899 0.001946 -0.142
vn 0.971 0.1767 -0.1609
vn 0.9671 0.176 -0.1836
vn 0.9726 0.1515 -0.1764
vn 0.8172 0.5435 -0.1917
vn 0.9671 0.176 -0.1836
vn 0.971 0.1767 -0.1609
vn 0.9134 0.3447 -0.2167
vn 0.8327 0.5077 -0.2211
vn 0.8028 0.5617 -0.2001
vn 0.8034 0.5622 -0.1961
vn 0.9899 0.001946 -0.142
vn 0.9889 -0.02903 -0.1455
vn 0.9914 -0.02906 -0.1275
vn 0.9913 -0.02588 -0.129
vn 0.9247 0.3286 -0.1923
vn 0.9183 0.3467 -0.191
vn 0.9134 0.3447 -0.2167
vn 0.971 0.1767 -0.1609
vn 0.8327 0.5077 -0.2211
vn 0.9134 0.3447 -0.2167
vn 0.9183 0.3467 -0.191
vn 0.8562 0.4751 -0.2028
vn 0.8374 0.5107 -0.1948
vn 0.9247 0.3286 -0.1923
vn 0.9255 0.3294 -0.187
vn 0.8562 0.4751 -0.2028
vn 0.9183 0.3467 -0.191
vn 0.8374 0.5107 -0.1948
vn 0.8562 0.4751 -0.2028
vn 0.8186 0.5293 -0.2229
vn 0.6936 0.6829 -0.2292
vn 0.6936 0.683 -0.229
vn 0.7861 0.5863 -0.1957
vn 0.9255 0.3294 -0.187
vn 0.9653 0.1749 -0.1937
vn 0.962 0.1723 -0.212
vn 0.8148 0.5238 -0.2484
vn 0.8186 0.5293 -0.2229
vn 0.8562 0.4751 -0.2029
vn 0.6936 0.6829 -0.2292
vn 0.8186 0.5293 -0.2229
vn 0.8147 0.5239 -0.2485
vn 0.5432 0.7927 -0.2767
vn 0.5426 0.7914 -0.2816
vn 0.6316 0.7349 -0.2471
vn 0.9619 0.1723 -0.212
vn 0.9571 0.1689 -0.2353
vn 0.8107 0.5186 -0.2716
vn 0.8147 0.5239 -0.2485
vn 0.962 0.1722 -0.212
vn 0.9627 -0.2082 -0.1729
vn 0.9578 -0.2097 -0.1963
vn 0.9572 0.1688 -0.2353
vn 0.9619 0.1723 -0.212
vn 0.9653 0.1749 -0.1937
vn 0.9889 -0.02742 -0.146
vn 0.9693 -0.2055 -0.1348
vn 0.9627 -0.2083 -0.1728
vn 0.962 0.1722 -0.212
vn 0.9578 -0.2099 -0.1963
vn 0.9627 -0.2083 -0.1728
vn 0.8171 -0.56 -0.137
vn 0.813 -0.5597 -0.1606
vn 0.9693 -0.2055 -0.1348
vn 0.9596 -0.2555 -0.1181
vn 0.8317 -0.5492 -0.08185
vn 0.8248 -0.5593 -0.08339
vn 0.8171 -0.56 -0.137
vn 0.9627 -0.2084 -0.1728
vn 0.8129 -0.5598 -0.1605
vn 0.8171 -0.56 -0.137
vn 0.5476 -0.8295 -0.1098
vn 0.5448 -0.8279 -0.1335
vn 0.8248 -0.5593 -0.08339
vn 0.6974 -0.7143 -0.05801
vn 0.5512 -0.8311 -0.0744
vn 0.5476 -0.8295 -0.1098
vn 0.8171 -0.56 -0.1369
vn 0.5476 -0.8295 -0.1098
vn 0.5512 -0.8311 -0.0744
vn 0.4158 -0.9082 -0.04767
vn 0.2336 -0.9712 -0.04617
vn 0.1967 -0.9792 -0.05023
vn 0.1952 -0.9761 -0.0954
vn 0.6974 -0.7143 -0.05801
vn 0.7005 -0.7135 -0.01318
vn 0.4872 -0.873 -0.02069
vn 0.4163 -0.9084 -0.03878
vn 0.4158 -0.9082 -0.04767
vn 0.5512 -0.8311 -0.0744
vn 0.2336 -0.9712 -0.04617
vn 0.4158 -0.9082 -0.04767
vn 0.4163 -0.9084 -0.03878
vn 0.248 -0.968 -0.03767
vn 0.2338 -0.9715 -0.04004
vn 0.1967 -0.9792 -0.05023
vn 0.2336 -0.9712 -0.04617
vn 0.2338 -0.9715 -0.04004
vn 0.1201 -0.992 -0.03965
vn 0.1201 -0.992 -0.03911
vn 0.1952 -0.9761 -0.0954
vn 0.1967 -0.9792 -0.05023
vn 0.1201 -0.992 -0.03911
vn -0.1117 -0.993 -0.03945
vn -0.1884 -0.9808 -0.0508
vn -0.1868 -0.9777 -0.09597
vn 0.1201 -0.992 -0.03965
vn 0.1128 -0.9929 -0.03811
vn -0.1044 -0.9938 -0.03843
vn -0.1117 -0.9929 -0.03999
vn -0.1117 -0.993 -0.03945
vn 0.1201 -0.992 -0.03911
vn -0.1884 -0.9808 -0.0508
vn -0.1117 -0.993 -0.03945
vn -0.1117 -0.9929 -0.03999
vn -0.2256 -0.9734 -0.04072
vn -0.2254 -0.9731 -0.04684
vn -0.1044 -0.9938 -0.03843
vn -0.1045 -0.9942 -0.0272
vn -0.2409 -0.9701 -0.02802
vn -0.2399 -0.9704 -0.02781
vn -0.2398 -0.9701 -0.0384
vn -0.2256 -0.9734 -0.04072
vn -0.1117 -0.9929 -0.03999
vn -0.2254 -0.9731 -0.04684
vn -0.2256 -0.9734 -0.04072
vn -0.2398 -0.9701 -0.0384
vn -0.4087 -0.9118 -0.04
vn -0.4082 -0.9116 -0.04888
vn -0.2399 -0.9704 -0.02781
vn -0.4798 -0.8769 -0.02926
vn -0.4799 -0.8771 -0.02212
vn -0.4087 -0.9118 -0.04
vn -0.2398 -0.9701 -0.0384
vn -0.4082 -0.9116 -0.04888
vn -0.4087 -0.9118 -0.04
vn -0.4799 -0.8771 -0.02212
vn -0.6946 -0.7193 -0.01524
vn -0.6913 -0.7201 -0.06006
vn -0.5441 -0.8356 -0.07602
vn -0.4798 -0.8769 -0.02926
vn -0.5177 -0.8553 -0.01913
vn -0.7059 -0.7081 -0.01825
vn -0.706 -0.7081 -0.01003
vn -0.6946 -0.7193 -0.01524
vn -0.4799 -0.8771 -0.02212
vn -0.6913 -0.7201 -0.06006
vn -0.6946 -0.7193 -0.01524
vn -0.706 -0.7081 -0.01003
vn -0.8215 -0.5702 0.005453
vn -0.8336 -0.5524 0.002242
vn -0.8268 -0.5561 -0.08431
vn -0.8199 -0.5661 -0.08583
vn -0.5441 -0.8356 -0.07602
vn -0.6913 -0.7201 -0.06006
vn -0.8199 -0.5661 -0.08583
vn -0.812 -0.5668 -0.1393
vn -0.5404 -0.834 -0.1114
vn -0.8268 -0.5561 -0.08431
vn -0.9571 -0.2634 -0.1209
vn -0.9672 -0.2135 -0.1377
vn -0.9604 -0.2164 -0.1756
vn -0.812 -0.5667 -0.1394
vn -0.8199 -0.5661 -0.08583
vn -0.5404 -0.834 -0.1114
vn -0.812 -0.5667 -0.1394
vn -0.8078 -0.5665 -0.1629
vn -0.5375 -0.8323 -0.1351
vn -0.5404 -0.834 -0.1114
vn -0.9604 -0.2163 -0.1757
vn -0.9555 -0.2178 -0.1991
vn -0.8079 -0.5664 -0.163
vn -0.8121 -0.5667 -0.1394
vn -0.5375 -0.8323 -0.1351
vn -0.8079 -0.5664 -0.163
vn -0.8058 -0.5661 -0.1741
vn -0.5362 -0.8314 -0.1459
vn -0.5376 -0.8323 -0.1351
vn -0.9555 -0.2177 -0.1991
vn -0.9529 -0.2183 -0.2106
vn -0.8902 -0.3995 -0.2188
vn -0.8058 -0.5661 -0.1741
vn -0.8079 -0.5663 -0.163
vn -0.5362 -0.8314 -0.1459
vn -0.8058 -0.5661 -0.1741
vn -0.8902 -0.3995 -0.2188
vn -0.8965 -0.3992 -0.1921
vn -0.3679 -0.9198 -0.1363
vn -0.3652 -0.9164 -0.1639
vn -0.9529 -0.2183 -0.2106
vn -0.955 0.1594 -0.25
vn -0.8942 0.336 -0.2957
vn -0.9003 0.3413 -0.27
vn -0.8966 -0.3991 -0.1921
vn -0.8902 -0.3995 -0.2188
vn -0.3679 -0.9198 -0.1363
vn -0.8966 -0.3991 -0.1921
vn -0.8968 -0.399 -0.1909
vn -0.3683 -0.9203 -0.132
vn -0.3679 -0.9198 -0.1363
vn -0.9003 0.3415 -0.2701
vn -0.8995 0.341 -0.273
vn -0.8968 -0.399 -0.1909
vn -0.8966 -0.399 -0.1921
vn -0.3683 -0.9203 -0.132
vn -0.8968 -0.399 -0.1909
vn -0.8995 0.341 -0.273
vn -0.3752 0.8661 -0.3302
vn 0.369 0.8692 -0.3291
vn 0.8975 0.3485 -0.2703
vn 0.9007 -0.3916 -0.1882
vn 0.3763 -0.9172 -0.1309
vn -0.3684 -0.9203 -0.132
vn -0.9002 0.3416 -0.2701
vn -0.3758 0.868 -0.3245
vn -0.3752 0.8661 -0.3302
vn -0.8995 0.341 -0.273
vn 0.369 0.8692 -0.3291
vn -0.3752 0.8661 -0.3302
vn -0.3757 0.8681 -0.3245
vn 0.3696 0.8711 -0.3234
vn -0.3759 0.868 -0.3245
vn -0.3734 0.8594 -0.3494
vn -0.1935 0.9245 -0.3285
vn 0.1868 0.926 -0.3279
vn 0.3673 0.8624 -0.3483
vn 0.3696 0.8711 -0.3234
vn -0.3757 0.8681 -0.3245
vn -0.9003 0.3413 -0.27
vn -0.8942 0.336 -0.2957
vn -0.8116 0.5093 -0.2863
vn -0.5442 0.778 -0.3139
vn -0.3734 0.8594 -0.3494
vn -0.3759 0.868 -0.3245
vn -0.9002 0.3416 -0.2701
vn -0.1935 0.9245 -0.3285
vn -0.3734 0.8594 -0.3494
vn -0.5442 0.778 -0.3139
vn -0.5458 0.7818 -0.3014
vn -0.1942 0.9287 -0.3159
vn -0.8116 0.5093 -0.2863
vn -0.814 0.5122 -0.2741
vn -0.5459 0.7818 -0.3014
vn -0.5442 0.778 -0.3139
vn -0.955 0.1594 -0.25
vn -0.9577 0.1612 -0.2382
vn -0.8141 0.512 -0.274
vn -0.8116 0.5093 -0.2863
vn -0.8942 0.336 -0.2957
vn -0.9555 -0.2175 -0.1992
vn -0.9578 0.161 -0.2381
vn -0.955 0.1594 -0.25
vn -0.9529 -0.2183 -0.2106
vn -0.9604 -0.2162 -0.1757
vn -0.9627 0.1643 -0.2148
vn -0.9578 0.1609 -0.2381
vn -0.9555 -0.2177 -0.1991
vn -0.9672 -0.2135 -0.1377
vn -0.9882 -0.03561 -0.1489
vn -0.9662 0.1669 -0.1966
vn -0.9628 0.1642 -0.2148
vn -0.9604 -0.2163 -0.1757
vn -0.9908 -0.03728 -0.1305
vn -0.9907 -0.03408 -0.1319
vn -0.9882 -0.03561 -0.1489
vn -0.9672 -0.2135 -0.1377
vn -0.9571 -0.2634 -0.1209
vn -0.9626 -0.2605 -0.07396
vn -0.9763 -0.2 -0.08272
vn -0.8336 -0.5524 0.002242
vn -0.872 -0.4892 0.01613
vn -0.8785 -0.4775 0.01513
vn -0.9246 -0.3805 -0.0171
vn -0.9626 -0.2605 -0.07396
vn -0.9571 -0.2634 -0.1209
vn -0.8268 -0.5561 -0.08431
vn -0.8215 -0.5702 0.005453
vn -0.8216 -0.5699 0.01176
vn -0.8542 -0.5189 0.03101
vn -0.83 -0.5571 0.02793
vn -0.8555 -0.5173 0.02127
vn -0.8723 -0.4889 0.004762
vn -0.872 -0.4892 0.01613
vn -0.8336 -0.5524 0.002242
vn -0.7059 -0.7081 -0.01825
vn -0.7654 -0.6435 0.006828
vn -0.8216 -0.5699 0.01176
vn -0.8215 -0.5702 0.005453
vn -0.706 -0.7081 -0.01003
vn -0.5177 -0.8553 -0.01913
vn -0.5177 -0.8552 -0.02385
vn -0.5783 -0.8156 -0.01693
vn -0.7657 -0.6429 -0.01821
vn -0.7654 -0.6435 0.006828
vn -0.7059 -0.7081 -0.01825
vn -0.8216 -0.5699 0.01176
vn -0.7654 -0.6435 0.006828
vn -0.7657 -0.6429 -0.01821
vn -0.8191 -0.5735 -0.0099
vn -0.8936 -0.4487 -0.01091
vn -0.8516 -0.5238 0.02145
vn -0.8542 -0.5189 0.03101
vn -0.5783 -0.8156 -0.01693
vn -0.5783 -0.8156 -0.02149
vn -0.6263 -0.7794 -0.01625
vn -0.8191 -0.5735 -0.01589
vn -0.8191 -0.5735 -0.0099
vn -0.7657 -0.6429 -0.01821
vn -0.5177 -0.8552 -0.02385
vn -0.3018 -0.9531 -0.02295
vn -0.3018 -0.9531 -0.02119
vn -0.3304 -0.9437 -0.01906
vn -0.5783 -0.8156 -0.02149
vn -0.5783 -0.8156 -0.01693
vn -0.5177 -0.8553 -0.01913
vn -0.5177 -0.8552 -0.02385
vn -0.5177 -0.8553 -0.01913
vn -0.2399 -0.9704 -0.02781
vn -0.2409 -0.9701 -0.02802
vn -0.2409 -0.9701 -0.02802
vn -0.3018 -0.9531 -0.02295
vn -0.5177 -0.8552 -0.02385
vn -0.5177 -0.8553 -0.01913
vn -0.4798 -0.8769 -0.02926
vn -0.3018 -0.9531 -0.02119
vn -0.3018 -0.9531 -0.02295
vn -0.2409 -0.9701 -0.02802
vn -0.1009 -0.9945 -0.02717
vn -0.09309 -0.9953 -0.02629
vn -0.09312 -0.9955 -0.01906
vn -0.2409 -0.9701 -0.02802
vn -0.2409 -0.9701 -0.02802
vn -0.2409 -0.9701 -0.02802
vn -0.1045 -0.9942 -0.0272
vn -0.1009 -0.9946 -0.02628
vn -0.1009 -0.9945 -0.02717
vn -0.2409 -0.9701 -0.02802
vn -0.2409 -0.9701 -0.02802
vn -0.09309 -0.9953 -0.02629
vn -0.1009 -0.9945 -0.02717
vn -0.03681 -0.999 -0.02631
vn 0.1092 -0.9937 -0.02597
vn 0.1092 -0.9937 -0.02686
vn 0.1014 -0.9945 -0.026
vn 0.1128 -0.9929 -0.03811
vn 0.1128 -0.9933 -0.02688
vn 0.1096 -0.9936 -0.02608
vn -0.03681 -0.999 -0.02631
vn -0.1045 -0.9942 -0.0272
vn -0.1044 -0.9938 -0.03843
vn 0.248 -0.968 -0.03767
vn 0.2481 -0.9684 -0.02709
vn 0.249 -0.9681 -0.02729
vn 0.1128 -0.9933 -0.02688
vn 0.1128 -0.9929 -0.03811
vn 0.1201 -0.992 -0.03965
vn 0.2338 -0.9715 -0.04004
vn 0.4872 -0.873 -0.02069
vn 0.4871 -0.8729 -0.02783
vn 0.2481 -0.9684 -0.02709
vn 0.248 -0.968 -0.03767
vn 0.4163 -0.9084 -0.03878
vn 0.7005 -0.7135 -0.01318
vn 0.7119 -0.7022 -0.007932
vn 0.7118 -0.7022 -0.01615
vn 0.5249 -0.851 -0.01759
vn 0.4871 -0.8729 -0.02783
vn 0.4872 -0.873 -0.02069
vn 0.249 -0.9681 -0.02729
vn 0.2481 -0.9684 -0.02709
vn 0.4871 -0.8729 -0.02783
vn 0.5249 -0.851 -0.01759
vn 0.5249 -0.8509 -0.02231
vn 0.3097 -0.9506 -0.02205
vn 0.249 -0.9681 -0.02729
vn 0.1092 -0.9937 -0.02686
vn 0.1094 -0.9937 -0.02603
vn 0.1128 -0.9933 -0.02688
vn 0.249 -0.9681 -0.02729
vn 0.249 -0.9681 -0.02729
vn 0.0274 -0.9993 -0.02623
vn 0.1094 -0.9937 -0.02603
vn 0.1014 -0.9945 -0.026
vn 0.1092 -0.9937 -0.02686
vn 0.249 -0.9681 -0.02729
vn 0.3097 -0.9506 -0.02205
vn 0.3097 -0.9506 -0.02029
vn 0.1014 -0.9947 -0.01878
vn 0.1014 -0.9945 -0.026
vn 0.5249 -0.8509 -0.02231
vn 0.5851 -0.8108 -0.01521
vn 0.5851 -0.8108 -0.01977
vn 0.3382 -0.9409 -0.01808
vn 0.3097 -0.9506 -0.02029
vn 0.3097 -0.9506 -0.02205
vn 0.7118 -0.7022 -0.01615
vn 0.7707 -0.6371 0.009094
vn 0.771 -0.6366 -0.01594
vn 0.5851 -0.8108 -0.01521
vn 0.5249 -0.8509 -0.02231
vn 0.5249 -0.851 -0.01759
vn 0.7119 -0.7022 -0.007932
vn 0.8262 -0.5633 0.007891
vn 0.8263 -0.5631 0.01419
vn 0.7707 -0.6371 0.009094
vn 0.7118 -0.7022 -0.01615
vn 0.8248 -0.5593 -0.08339
vn 0.8317 -0.5492 -0.08185
vn 0.8381 -0.5455 0.004714
vn 0.8262 -0.5633 0.007891
vn 0.7119 -0.7022 -0.007932
vn 0.7005 -0.7135 -0.01318
vn 0.6974 -0.7143 -0.05801
vn 0.8263 -0.5631 0.01419
vn 0.8262 -0.5633 0.007891
vn 0.8381 -0.5455 0.004714
vn 0.876 -0.482 0.01871
vn 0.8763 -0.4817 0.007347
vn 0.8597 -0.5102 0.0238
vn 0.8345 -0.5502 0.03039
vn 0.8584 -0.5118 0.03354
vn 0.9596 -0.2555 -0.1181
vn 0.965 -0.2525 -0.07111
vn 0.9278 -0.3729 -0.01436
vn 0.8824 -0.4702 0.01773
vn 0.876 -0.482 0.01871
vn 0.8381 -0.5455 0.004714
vn 0.8317 -0.5492 -0.08185
vn 0.9914 -0.02906 -0.1275
vn 0.9782 -0.1919 -0.07984
vn 0.965 -0.2525 -0.07111
vn 0.9596 -0.2555 -0.1181
vn 0.9693 -0.2055 -0.1348
vn 0.9889 -0.02742 -0.146
vn 0.9913 -0.02588 -0.129
vn 0.9913 -0.02588 -0.129
vn 0.9889 -0.02742 -0.146
vn 0.9653 0.1749 -0.1937
vn 0.9255 0.3294 -0.187
vn 0.9247 0.3286 -0.1923
vn 0.9889 -0.02903 -0.1455
vn 0.9744 -0.1902 -0.1201
vn 0.9782 -0.1919 -0.07984
vn 0.9914 -0.02906 -0.1275
vn 0.9885 -0.04954 -0.1426
vn 0.9682 -0.223 -0.1136
vn 0.9689 -0.2231 -0.1067
vn 0.9744 -0.1902 -0.1201
vn 0.9889 -0.02903 -0.1455
vn 0.9899 0.001946 -0.142
vn 0.987 0.001892 -0.1605
vn 0.9801 -0.1271 -0.1526
vn 0.9622 -0.2355 -0.1365
vn 0.9654 -0.2373 -0.1085
vn 0.9682 -0.223 -0.1136
vn 0.9885 -0.04954 -0.1426
vn 0.9833 -0.04936 -0.1754
vn 0.9744 -0.1266 -0.1857
vn 0.9751 -0.09037 -0.2023
vn 0.9034 -0.402 -0.1492
vn 0.9608 -0.2435 -0.1323
vn 0.9622 -0.2355 -0.1365
vn 0.9801 -0.1271 -0.1526
vn 0.9763 -0.05839 -0.2082
vn 0.9656 0.1349 -0.2224
vn 0.9434 0.2698 -0.1927
vn 0.9331 0.2667 -0.2411
vn 0.9497 0.2115 -0.2308
vn 0.9739 -0.09027 -0.2084
vn 0.9751 -0.09037 -0.2023
vn 0.9744 -0.1266 -0.1857
vn 0.9656 0.1349 -0.2224
vn 0.9763 -0.05839 -0.2082
vn 0.9532 0.236 -0.1891
vn 0.8385 0.5132 -0.1829
vn 0.8258 0.5052 -0.2506
vn 0.8901 0.3884 -0.2386
vn 0.9331 0.2667 -0.2411
vn 0.9434 0.2698 -0.1927
vn 0.8179 0.544 -0.1874
vn 0.7637 0.6211 -0.1762
vn 0.7528 0.6119 -0.2426
vn 0.775 0.5841 -0.2411
vn 0.8258 0.5052 -0.2506
vn 0.8385 0.5132 -0.1829
vn 0.8172 0.5435 -0.1917
vn 0.8034 0.5622 -0.1961
vn 0.7531 0.6308 -0.1871
vn 0.7184 0.6755 -0.1662
vn 0.7168 0.6733 -0.1812
vn 0.7637 0.6211 -0.1762
vn 0.8179 0.544 -0.1874
vn 0.8028 0.5617 -0.2001
vn 0.7857 0.5859 -0.1985
vn 0.7551 0.6326 -0.1724
vn 0.7531 0.6308 -0.1871
vn 0.8034 0.5622 -0.1961
vn 0.8327 0.5077 -0.2211
vn 0.8374 0.5107 -0.1948
vn 0.7861 0.5863 -0.1957
vn 0.7857 0.5859 -0.1985
vn 0.8028 0.5617 -0.2001
vn 0.6936 0.683 -0.229
vn 0.6197 0.7519 -0.2252
vn 0.6118 0.7632 -0.2079
vn 0.7606 0.6222 -0.1854
vn 0.7935 0.5794 -0.1861
vn 0.7551 0.6326 -0.1724
vn 0.7857 0.5859 -0.1985
vn 0.7861 0.5863 -0.1957
vn 0.6936 0.6829 -0.2292
vn 0.6316 0.7349 -0.2471
vn 0.5148 0.8169 -0.2603
vn 0.5381 0.8 -0.2656
vn 0.5545 0.7713 -0.3124
vn 0.5627 0.7874 -0.2517
vn 0.639 0.7372 -0.2196
vn 0.6197 0.7519 -0.2252
vn 0.6936 0.683 -0.229
vn 0.5426 0.7914 -0.2816
vn 0.5015 0.8219 -0.2701
vn 0.5019 0.823 -0.266
vn 0.5145 0.817 -0.2603
vn 0.6316 0.7349 -0.2471
vn 0.5149 0.8168 -0.2603
vn 0.5019 0.823 -0.266
vn 0.4343 0.864 -0.2547
vn 0.7958 -0.04763 -0.6037
vn 1 0.004232 0.001446
vn 0.5015 0.8219 -0.2701
vn 0.2716 0.9262 -0.2615
vn 0.2685 0.911 -0.3131
vn 0.3316 0.9057 -0.2641
vn 0.4343 0.864 -0.2547
vn 0.5019 0.823 -0.266
vn 0.2972 -0.07894 -0.9516
vn 0.3316 0.9057 -0.2641
vn 0.4343 0.864 -0.2547
vn 0.7957 -0.0476 -0.6038
vn 0.2972 -0.07883 -0.9516
vn 0.2972 -0.07883 -0.9516
vn 0.3316 0.9057 -0.2641
vn -0.2972 0.07889 0.9516
vn 0.2972 -0.07894 -0.9516
vn -0.004006 0.9965 -0.08377
vn 0.2685 0.911 -0.3131
vn 0.01141 0.983 -0.183
vn 0.2928 0.0813 0.9527
vn -0.2972 0.07889 0.9516
vn 0.3316 0.9057 -0.2641
vn 0.2972 -0.07894 -0.9516
vn -0.003994 0.9965 -0.08377
vn 0.2928 0.08137 0.9527
vn -0.2972 0.07889 0.9516
vn -0.004001 0.9965 -0.08377
vn 0.6984 -0.6396 0.3212
vn -0.004004 0.9965 -0.08377
vn -0.2936 -0.08118 -0.9525
vn -1 -0.004167 -0.001485
vn -0.6142 -0.594 -0.5195
vn -0.1849 0.9358 -0.3003
vn 0.7928 0.004667 0.6095
vn -0.004007 0.9965 -0.08376
vn 0.7957 -0.04757 -0.6038
vn 0.2972 -0.07883 -0.9516
vn -0.004002 0.9965 -0.08377
vn 1 0.004232 0.001446
vn -0.003997 0.9965 -0.08377
vn 0.7928 0.004667 0.6095
vn 1 0.004128 0.001487
vn 0.7957 -0.0476 -0.6038
vn -0.003991 0.9965 -0.08377
vn 0.5149 0.8168 -0.2603
vn 1 0.004336 0.001405
vn 0.7928 0.004667 0.6095
vn -0.1849 0.9358 -0.3003
vn 0.5381 0.8 -0.2656
vn 0.5146 0.817 -0.2603
vn -0.1849 0.9358 -0.3003
vn -0.6142 -0.594 -0.5195
vn 0.5493 0.7941 -0.2602
vn 0.2767 0.8576 -0.4336
vn 0.3523 0.8815 -0.3144
vn 0.3515 0.8816 -0.3149
vn 0.5545 0.7713 -0.3124
vn 0.5381 0.8 -0.2656
vn 0.5493 0.7941 -0.2602
vn 0.9684 -0.1208 0.2183
vn 0.9168 0.3664 0.159
vn 0.8855 0.4362 0.1598
vn 0.8037 0.5639 0.19
vn 0.5493 0.7941 -0.2602
vn -0.6142 -0.594 -0.5195
vn -1 -0.004167 -0.001485
vn -1 -0.004167 -0.001485
vn -0.2935 -0.08123 -0.9525
vn -0.003993 0.9965 -0.08376
vn 0.297 -0.07882 -0.9516
vn -0.2935 -0.08123 -0.9525
vn -0.004003 0.9965 -0.08377
vn 0.2928 0.08123 0.9527
vn 0.7935 0.05413 0.6061
vn -0.003997 0.9965 -0.08376
vn 0.2928 0.08137 0.9527
vn 0.01141 0.983 -0.183
vn -0.00298 0.9827 -0.1851
vn 0.03167 0.974 -0.2245
vn 0.03177 0.9789 -0.2017
vn 0.7935 0.05416 0.6061
vn 0.2928 0.08123 0.9527
vn 0.7935 0.05413 0.6061
vn 0.03177 0.9789 -0.2017
vn 0.04444 0.974 -0.2224
vn 0.9996 0.006233 0.02624
vn 0.1493 0.9329 -0.3277
vn 0.1985 0.9248 -0.3247
vn 0.04444 0.974 -0.2224
vn 0.03177 0.9789 -0.2017
vn 0.03167 0.974 -0.2245
vn -0.004229 0.9744 -0.2247
vn 0.4958 0.818 -0.2918
vn 0.5586 0.7946 -0.238
vn -0.004732 0.9744 -0.2246
vn 0.9996 0.006233 0.02624
vn 0.04444 0.974 -0.2224
vn 0.1985 0.9248 -0.3247
vn 0.09404 0.8941 -0.4378
vn -0.9897 0.02184 0.1416
vn 0.7801 -0.001609 -0.6256
vn 0.7914 0.05181 -0.6091
vn 0.9981 0.06088 -0.003296
vn 0.1493 0.9329 -0.3277
vn 0.2135 0.9132 -0.3472
vn 0.02972 0.8371 -0.5463
vn 0.1418 0.8292 -0.5407
vn 0.09404 0.8941 -0.4378
vn 0.1985 0.9248 -0.3247
vn 0.3335 0.9376 -0.09824
vn -1 -0.004159 -0.001487
vn 0.02239 -0.7476 -0.6638
vn -0.02074 0.916 -0.4006
vn 0.2135 0.9132 -0.3472
vn 0.1493 0.9329 -0.3277
vn 0.02972 0.8371 -0.5463
vn 0.2135 0.9132 -0.3472
vn -0.02074 0.916 -0.4006
vn -0.9833 -0.1619 -0.08329
vn 0.004305 -0.09012 -0.9959
vn -0.1078 0.8858 -0.4513
vn 0.02239 -0.7476 -0.6638
vn -0.9833 -0.1619 -0.08329
vn -0.02074 0.916 -0.4006
vn -1 -0.00415 -0.001482
vn -0.004137 1 -0.002572
vn 0.001859 -0.09192 -0.9958
vn 0.004305 -0.09012 -0.9959
vn -0.9833 -0.1619 -0.08329
vn 0.02239 -0.7476 -0.6638
vn 0.4958 0.818 -0.2918
vn 0.2486 0.898 -0.363
vn -1 -0.004147 -0.001479
vn 0.3335 0.9376 -0.09824
vn 0.5586 0.7946 -0.238
vn 0.5586 0.7946 -0.238
vn 0.3335 0.9376 -0.09824
vn -0.00437 0.9744 -0.2247
vn 0.2012 0.8973 -0.393
vn 0.2486 0.898 -0.363
vn 0.4958 0.818 -0.2918
vn -0.004732 0.9744 -0.2246
vn -1 -0.004143 -0.001473
vn 0.2486 0.898 -0.363
vn 0.2012 0.8973 -0.393
vn -0.004959 0.9384 -0.3455
vn 0.002442 -0.6359 0.7717
vn -1 -0.004149 -0.001492
vn -1 -0.004144 -0.00148
vn -0.004138 1 -0.002572
vn 0.002442 -0.6359 0.7717
vn -0.901 -0.3426 0.2662
vn -0.00177 0.07988 0.9968
vn -0.004138 1 -0.002572
vn -1 -0.004149 -0.001492
vn -0.004138 1 -0.002572
vn -0.001687 0.08006 0.9968
vn 4.576E-06 0.07558 0.9971
vn 0.4969 -0.6869 0.5303
vn 0.002015 -0.7516 0.6596
vn 1 0.004023 0.001572
vn 0.9949 0.08342 -0.05671
vn 0.9997 -0.02519 0.001552
vn -0.004137 1 -0.002573
vn -0.001462 8.996E-05 1
vn -0.1874 0.9408 -0.2824
vn -0.2785 0.9239 -0.2623
vn 4.576E-06 0.07558 0.9971
vn -0.00177 0.07988 0.9968
vn -0.004514 0.9736 -0.2281
vn -0.004732 0.9744 -0.2246
vn 0.2012 0.8973 -0.393
vn -0.004959 0.9384 -0.3455
vn -0.9895 0.06089 0.1311
vn -0.001659 0.03993 0.9992
vn -0.901 -0.3426 0.2662
vn -0.004508 0.9736 -0.2281
vn -0.004511 0.9744 -0.2247
vn -0.1874 0.9408 -0.2824
vn -0.004508 0.9736 -0.2281
vn -0.008585 0.9741 -0.2261
vn -0.1712 0.941 -0.2921
vn -0.001462 8.996E-05 1
vn -0.9895 0.06089 0.1311
vn -0.9684 -0.1443 0.2035
vn -0.901 -0.3426 0.2662
vn 0.002442 -0.6359 0.7717
vn -0.004959 0.9384 -0.3455
vn -0.00298 0.9827 -0.1851
vn -0.002887 0.9736 -0.2281
vn 0.001189 0.9741 -0.2261
vn -0.008585 0.9741 -0.2261
vn -0.004503 0.9736 -0.2281
vn -0.00437 0.9744 -0.2247
vn 0.03167 0.974 -0.2245
vn 0.2716 0.9262 -0.2615
vn 0.1805 0.9423 -0.2818
vn -0.002887 0.9736 -0.2281
vn -0.00298 0.9827 -0.1851
vn 0.01141 0.983 -0.183
vn 0.2685 0.911 -0.3131
vn 0.5426 0.7914 -0.2816
vn 0.5431 0.7928 -0.2767
vn 0.1883 0.9376 -0.2923
vn 0.1644 0.9444 -0.2846
vn 0.1642 0.9424 -0.2916
vn 0.1805 0.9423 -0.2818
vn 0.2716 0.9262 -0.2615
vn 0.5015 0.8219 -0.2701
vn 0.001189 0.9741 -0.2261
vn -0.002887 0.9736 -0.2281
vn 0.1805 0.9423 -0.2818
vn 0.1642 0.9424 -0.2916
vn -0.1712 0.941 -0.2921
vn -0.008585 0.9741 -0.2261
vn 0.001189 0.9741 -0.2261
vn 0.1642 0.9424 -0.2916
vn 0.1644 0.9444 -0.2846
vn -0.1714 0.9431 -0.2851
vn -0.2785 0.9239 -0.2623
vn -0.1874 0.9408 -0.2824
vn -0.1712 0.941 -0.2921
vn -0.1714 0.9431 -0.2851
vn -0.1952 0.936 -0.2929
vn -0.5488 0.7882 -0.2783
vn -0.5483 0.7868 -0.2832
vn -0.5075 0.8178 -0.2715
vn 4.576E-06 0.07558 0.9971
vn -0.2785 0.9239 -0.2623
vn -0.5075 0.8178 -0.2715
vn -0.3973 0.6024 -0.6923
vn -0.2857 0.7782 -0.5593
vn -0.00281 0.8743 -0.4854
vn 0.4969 -0.6869 0.5303
vn -0.5483 0.7868 -0.2832
vn -0.6369 0.7296 -0.249
vn -0.9777 0.1682 -0.1258
vn -0.7274 0.5781 -0.3697
vn -0.6981 0.5982 -0.3934
vn -0.3973 0.6024 -0.6923
vn -0.5075 0.8178 -0.2715
vn -0.2857 0.7782 -0.5593
vn -0.3973 0.6024 -0.6923
vn -0.6981 0.5982 -0.3934
vn -0.3498 0.7802 -0.5186
vn -0.7274 0.5781 -0.3697
vn -0.7803 0.6195 -0.08573
vn -0.7691 0.6344 -0.07793
vn -0.213 0.9769 -0.01777
vn -0.3001 0.9537 0.01875
vn -0.2563 0.8154 -0.519
vn -0.3498 0.7802 -0.5186
vn -0.6981 0.5982 -0.3934
vn -0.9777 0.1682 -0.1258
vn -0.7803 0.6195 -0.08573
vn -0.7274 0.5781 -0.3697
vn -0.6975 0.6754 -0.2394
vn -0.5976 0.7605 -0.2541
vn -0.7648 0.6325 0.1225
vn -0.7691 0.6344 -0.07793
vn -0.7803 0.6195 -0.08573
vn -0.9777 0.1682 -0.1258
vn -0.6369 0.7296 -0.249
vn -0.6939 0.6819 -0.2313
vn -0.8223 0.5225 -0.2253
vn -0.6939 0.6819 -0.2313
vn -0.6369 0.7296 -0.249
vn -0.5483 0.7868 -0.2832
vn -0.5489 0.7882 -0.2783
vn -0.8183 0.5171 -0.2509
vn -0.8595 0.468 -0.2054
vn -0.8223 0.5225 -0.2253
vn -0.8184 0.517 -0.2509
vn -0.9627 0.1643 -0.2148
vn -0.9662 0.1669 -0.1966
vn -0.9276 0.3217 -0.1897
vn -0.9578 0.161 -0.2381
vn -0.9627 0.1644 -0.2149
vn -0.8183 0.5171 -0.2509
vn -0.8142 0.5119 -0.274
vn -0.546 0.7817 -0.3013
vn -0.8141 0.512 -0.274
vn -0.8183 0.5172 -0.2509
vn -0.5488 0.7882 -0.2783
vn -0.5459 0.7818 -0.3014
vn -0.5488 0.7883 -0.2783
vn -0.1952 0.936 -0.2929
vn -0.1942 0.9287 -0.3158
vn -0.1942 0.9287 -0.3158
vn -0.1952 0.936 -0.2929
vn -0.1714 0.9431 -0.2851
vn 0.1644 0.9444 -0.2846
vn 0.1883 0.9376 -0.2923
vn 0.1875 0.9303 -0.3153
vn -0.1941 0.9287 -0.3159
vn 0.543 0.7928 -0.2767
vn 0.5403 0.7863 -0.2998
vn 0.1874 0.9303 -0.3153
vn 0.1883 0.9376 -0.2923
vn -0.1935 0.9245 -0.3285
vn -0.1941 0.9287 -0.3159
vn 0.1874 0.9303 -0.3153
vn 0.1868 0.926 -0.3279
vn 0.3673 0.8624 -0.3483
vn 0.1868 0.926 -0.3279
vn 0.1874 0.9303 -0.3153
vn 0.5402 0.7863 -0.2998
vn 0.5386 0.7825 -0.3123
vn 0.3696 0.8711 -0.3234
vn 0.3673 0.8624 -0.3483
vn 0.5386 0.7825 -0.3123
vn 0.8082 0.516 -0.2839
vn 0.8923 0.3435 -0.293
vn 0.8982 0.3489 -0.2674
vn 0.3695 0.8711 -0.3234
vn 0.5404 0.7862 -0.2997
vn 0.8105 0.5189 -0.2717
vn 0.8082 0.516 -0.2839
vn 0.5386 0.7825 -0.3123
vn 0.5402 0.7863 -0.2998
vn 0.5432 0.7927 -0.2767
vn 0.8147 0.5239 -0.2485
vn 0.8106 0.5188 -0.2716
vn 0.5404 0.7862 -0.2997
vn 0.543 0.7928 -0.2767
vn 0.9571 0.1691 -0.2354
vn 0.9544 0.1673 -0.2472
vn 0.8923 0.3435 -0.293
vn 0.8082 0.516 -0.2839
vn 0.8106 0.5188 -0.2716
vn 0.9572 0.1688 -0.2353
vn 0.9579 -0.2096 -0.1964
vn 0.9553 -0.2103 -0.2078
vn 0.9544 0.1673 -0.2472
vn 0.9571 0.1691 -0.2354
vn 0.9578 -0.2099 -0.1963
vn 0.8131 -0.5596 -0.1606
vn 0.8109 -0.5594 -0.1717
vn 0.8942 -0.3921 -0.2162
vn 0.9553 -0.2103 -0.2078
vn 0.9579 -0.2096 -0.1964
vn 0.8129 -0.5598 -0.1605
vn 0.5449 -0.8278 -0.1335
vn 0.5435 -0.8269 -0.1443
vn 0.8109 -0.5594 -0.1717
vn 0.8131 -0.5596 -0.1606
vn 0.5476 -0.8295 -0.1098
vn 0.1952 -0.9761 -0.0954
vn 0.1942 -0.9737 -0.1192
vn 0.5449 -0.8278 -0.1335
vn 0.1952 -0.9761 -0.0954
vn -0.1868 -0.9777 -0.09596
vn -0.1858 -0.9753 -0.1198
vn 0.1942 -0.9737 -0.1192
vn 0.1952 -0.9761 -0.0954
vn -0.1868 -0.9777 -0.09597
vn -0.5404 -0.834 -0.1114
vn -0.5376 -0.8323 -0.1351
vn -0.1858 -0.9753 -0.1198
vn -0.1868 -0.9777 -0.09596
vn -0.1884 -0.9808 -0.0508
vn -0.2254 -0.9731 -0.04684
vn -0.4082 -0.9116 -0.04888
vn -0.5441 -0.8356 -0.07602
vn -0.5404 -0.834 -0.1114
vn -0.1868 -0.9777 -0.09597
vn -0.5362 -0.8314 -0.1459
vn -0.3652 -0.9164 -0.1639
vn -0.1853 -0.974 -0.1303
vn -0.1858 -0.9753 -0.1198
vn -0.5376 -0.8323 -0.1351
vn 0.1942 -0.9737 -0.1192
vn -0.1858 -0.9753 -0.1198
vn -0.1853 -0.974 -0.1303
vn 0.1938 -0.9724 -0.1298
vn 0.5435 -0.8269 -0.1443
vn 0.5449 -0.8278 -0.1335
vn 0.1942 -0.9737 -0.1192
vn 0.1938 -0.9724 -0.1298
vn 0.3733 -0.9133 -0.1628
vn 0.8109 -0.5594 -0.1717
vn 0.5435 -0.8269 -0.1443
vn 0.3733 -0.9133 -0.1628
vn 0.3759 -0.9167 -0.1352
vn 0.9004 -0.3918 -0.1894
vn 0.8942 -0.3921 -0.2162
vn -0.3679 -0.9198 -0.1363
vn 0.3759 -0.9167 -0.1352
vn 0.3733 -0.9133 -0.1628
vn 0.1938 -0.9724 -0.1298
vn -0.1853 -0.974 -0.1303
vn -0.3652 -0.9164 -0.1639
vn -0.3683 -0.9203 -0.132
vn -0.3679 -0.9198 -0.1363
vn -0.3684 -0.9203 -0.132
vn 0.3763 -0.9172 -0.1309
vn 0.3759 -0.9167 -0.1352
vn -0.368 -0.9198 -0.1362
vn 0.3763 -0.9172 -0.1309
vn 0.376 -0.9167 -0.1352
vn 0.3764 -0.9172 -0.1309
vn 0.9007 -0.3916 -0.1882
vn 0.9004 -0.3917 -0.1894
vn 0.376 -0.9167 -0.1352
vn 0.8923 0.3435 -0.293
vn 0.9544 0.1673 -0.2472
vn 0.9553 -0.2103 -0.2078
vn 0.8942 -0.3921 -0.2162
vn 0.9004 -0.3917 -0.1894
vn 0.8982 0.3488 -0.2674
vn 0.9007 -0.3916 -0.1882
vn 0.8975 0.3485 -0.2703
vn 0.8982 0.3489 -0.2674
vn 0.9004 -0.3916 -0.1894
vn 0.8975 0.3485 -0.2703
vn 0.369 0.8692 -0.3291
vn 0.3695 0.8711 -0.3234
vn 0.8981 0.3491 -0.2674
vn -0.9268 0.3209 -0.195
vn -0.9276 0.3217 -0.1897
vn -0.9662 0.1669 -0.1966
vn -0.9882 -0.03561 -0.1489
vn -0.9907 -0.03408 -0.1319
vn -0.9882 -0.03723 -0.1484
vn -0.9908 -0.03728 -0.1305
vn -0.9763 -0.2 -0.08272
vn -0.9724 -0.1983 -0.123
vn -0.9724 -0.1983 -0.123
vn -0.9763 -0.2 -0.08272
vn -0.9626 -0.2605 -0.07396
vn -0.9246 -0.3805 -0.0171
vn -0.922 -0.3804 -0.07192
vn -0.9667 -0.2311 -0.1096
vn -0.8785 -0.4775 0.01513
vn -0.878 -0.4777 -0.02916
vn -0.8944 -0.4455 -0.03891
vn -0.922 -0.3804 -0.07192
vn -0.9246 -0.3805 -0.0171
vn -0.872 -0.4892 0.01613
vn -0.8723 -0.4889 0.004762
vn -0.8412 -0.5406 0.01369
vn -0.878 -0.4777 -0.02916
vn -0.8785 -0.4775 0.01513
vn -0.8555 -0.5173 0.02127
vn -0.8559 -0.5171 0.0096
vn -0.8049 -0.593 0.02306
vn -0.8403 -0.5418 -0.0199
vn -0.8412 -0.5406 0.01369
vn -0.8723 -0.4889 0.004762
vn -0.83 -0.5571 0.02793
vn -0.8387 -0.5439 0.02571
vn -0.8559 -0.5171 0.0096
vn -0.8555 -0.5173 0.02127
vn -0.8542 -0.5189 0.03101
vn -0.8516 -0.5238 0.02145
vn -0.8402 -0.5418 0.0215
vn -0.83 -0.5571 0.02793
vn -0.8936 -0.4487 -0.01091
vn -0.902 -0.4317 -0.00805
vn -0.8404 -0.5419 -0.0004923
vn -0.8402 -0.5418 0.0215
vn -0.8516 -0.5238 0.02145
vn -0.8191 -0.5735 -0.0099
vn -0.8191 -0.5735 -0.01589
vn -0.8871 -0.4616 -0.003351
vn -0.902 -0.4317 -0.003822
vn -0.902 -0.4317 -0.00805
vn -0.8936 -0.4487 -0.01091
vn -0.6263 -0.7794 -0.01625
vn -0.6257 -0.7775 -0.06341
vn -0.7072 -0.7064 -0.02919
vn -0.8848 -0.4617 -0.062
vn -0.8645 -0.5026 -0.009302
vn -0.8871 -0.4616 -0.003351
vn -0.8191 -0.5735 -0.01589
vn -0.5783 -0.8156 -0.02149
vn -0.3304 -0.9437 -0.01906
vn -0.3304 -0.9436 -0.02175
vn -0.3126 -0.9491 -0.04008
vn -0.6257 -0.7775 -0.06341
vn -0.6263 -0.7794 -0.01625
vn -0.3018 -0.9531 -0.02119
vn -0.09312 -0.9955 -0.01906
vn -0.01647 -0.9998 -0.01028
vn -0.01636 -0.9997 -0.01824
vn -0.3304 -0.9436 -0.02175
vn -0.3304 -0.9437 -0.01906
vn 0.9728 -0.2314 -0.004748
vn 0.1014 -0.9945 -0.02601
vn 0.1014 -0.9947 -0.01878
vn 0.02477 -0.9996 -0.01022
vn -0.01647 -0.9998 -0.01028
vn -0.09312 -0.9955 -0.01906
vn -0.09309 -0.9953 -0.02629
vn 0.1014 -0.9945 -0.026
vn 0.9728 -0.2314 -0.004748
vn 0.1014 -0.9945 -0.02601
vn 0.3652 0.9306 0.02496
vn 0.1014 -0.9945 -0.026
vn 0.3097 -0.9506 -0.02029
vn 0.3382 -0.9409 -0.01808
vn 0.3382 -0.9408 -0.02074
vn 0.02478 -0.9995 -0.0183
vn 0.02477 -0.9996 -0.01022
vn 0.1014 -0.9947 -0.01878
vn 0.5851 -0.8108 -0.01977
vn 0.6328 -0.7742 -0.01439
vn 0.6323 -0.7723 -0.06154
vn 0.3205 -0.9464 -0.03914
vn 0.3382 -0.9408 -0.02074
vn 0.3382 -0.9409 -0.01808
vn 0.5851 -0.8108 -0.01521
vn 0.771 -0.6366 -0.01594
vn 0.8239 -0.5667 -0.007473
vn 0.8238 -0.5667 -0.01347
vn 0.6328 -0.7742 -0.01439
vn 0.5851 -0.8108 -0.01977
vn 0.7707 -0.6371 0.009094
vn 0.8263 -0.5631 0.01419
vn 0.8584 -0.5118 0.03354
vn 0.8558 -0.5167 0.02397
vn 0.8973 -0.4413 -0.008265
vn 0.8239 -0.5667 -0.007473
vn 0.771 -0.6366 -0.01594
vn 0.8345 -0.5502 0.03039
vn 0.8446 -0.5348 0.02399
vn 0.8558 -0.5167 0.02397
vn 0.8584 -0.5118 0.03354
vn 0.8597 -0.5102 0.0238
vn 0.8601 -0.51 0.01213
vn 0.8431 -0.537 0.0282
vn 0.8345 -0.5502 0.03039
vn 0.8763 -0.4817 0.007347
vn 0.8456 -0.5336 0.01618
vn 0.8448 -0.5348 -0.01741
vn 0.8097 -0.5863 0.02545
vn 0.8601 -0.51 0.01213
vn 0.8597 -0.5102 0.0238
vn 0.876 -0.482 0.01871
vn 0.8824 -0.4702 0.01773
vn 0.882 -0.4704 -0.02655
vn 0.8456 -0.5336 0.01618
vn 0.8763 -0.4817 0.007347
vn 0.9278 -0.3729 -0.01436
vn 0.9253 -0.3728 -0.06919
vn 0.8982 -0.4381 -0.03625
vn 0.882 -0.4704 -0.02655
vn 0.8824 -0.4702 0.01773
vn 0.965 -0.2525 -0.07111
vn 0.9782 -0.1919 -0.07984
vn 0.9744 -0.1902 -0.1201
vn 0.9689 -0.2231 -0.1067
vn 0.9253 -0.3728 -0.06919
vn 0.9278 -0.3729 -0.01436
vn 0.9682 -0.223 -0.1136
vn 0.9654 -0.2373 -0.1085
vn 0.8969 -0.4375 -0.06485
vn 0.8982 -0.4381 -0.03625
vn 0.9253 -0.3728 -0.06919
vn 0.9689 -0.2231 -0.1067
vn 0.9622 -0.2355 -0.1365
vn 0.9608 -0.2435 -0.1323
vn 0.8711 -0.4836 -0.08523
vn 0.8366 -0.5414 -0.08298
vn 0.8382 -0.5451 -0.01434
vn 0.8969 -0.4375 -0.06485
vn 0.9654 -0.2373 -0.1085
vn 0.8448 -0.5348 -0.01741
vn 0.8456 -0.5336 0.01618
vn 0.882 -0.4704 -0.02655
vn 0.8982 -0.4381 -0.03625
vn 0.8969 -0.4375 -0.06485
vn 0.8382 -0.5451 -0.01434
vn 0.8097 -0.5863 0.02545
vn 0.8448 -0.5348 -0.01741
vn 0.8382 -0.5451 -0.01434
vn 0.8366 -0.5414 -0.08298
vn 0.8073 -0.5857 -0.07175
vn 0.8711 -0.4836 -0.08523
vn 0.8638 -0.4797 -0.1542
vn 0.7943 -0.5989 -0.1016
vn 0.6103 -0.7912 -0.03877
vn 0.7266 -0.6864 0.02943
vn 0.8073 -0.5857 -0.07175
vn 0.8366 -0.5414 -0.08298
vn 0.9034 -0.402 -0.1492
vn 0.9 -0.4006 -0.1719
vn 0.8638 -0.4797 -0.1542
vn 0.8711 -0.4836 -0.08523
vn 0.9608 -0.2435 -0.1323
vn 0.9751 -0.09037 -0.2023
vn 0.9739 -0.09027 -0.2084
vn 0.9731 -0.1081 -0.2034
vn 0.9384 -0.2976 -0.1756
vn 0.9 -0.4006 -0.1719
vn 0.9034 -0.402 -0.1492
vn 0.9497 0.2115 -0.2308
vn 0.9356 0.2082 -0.2851
vn 0.9469 0.1594 -0.2793
vn 0.9631 -0.01327 -0.2689
vn 0.9585 -0.1067 -0.2645
vn 0.9731 -0.1081 -0.2034
vn 0.9739 -0.09027 -0.2084
vn 0.9331 0.2667 -0.2411
vn 0.8901 0.3884 -0.2386
vn 0.8801 0.3844 -0.2789
vn 0.9356 0.2082 -0.2851
vn 0.9497 0.2115 -0.2308
vn 0.8258 0.5052 -0.2506
vn 0.775 0.5841 -0.2411
vn 0.7719 0.5823 -0.2551
vn 0.8802 0.3839 -0.2789
vn 0.8901 0.3884 -0.2386
vn 0.7528 0.6119 -0.2426
vn 0.6177 0.7586 -0.2075
vn 0.6188 0.7599 -0.1991
vn 0.6991 0.6801 -0.2205
vn 0.7719 0.5823 -0.2551
vn 0.775 0.5841 -0.2411
vn 0.7637 0.6211 -0.1762
vn 0.7168 0.6733 -0.1812
vn 0.7777 0.5975 -0.1955
vn 0.7287 0.663 -0.1718
vn 0.729 0.6633 -0.169
vn 0.6177 0.7586 -0.2075
vn 0.7528 0.6119 -0.2426
vn 0.7184 0.6755 -0.1662
vn 0.7798 0.5989 -0.1822
vn 0.7777 0.5975 -0.1955
vn 0.7168 0.6733 -0.1812
vn 0.7531 0.6308 -0.1871
vn 0.7551 0.6326 -0.1724
vn 0.7935 0.5794 -0.1861
vn 0.7978 0.5746 -0.1827
vn 0.7798 0.5989 -0.1822
vn 0.7184 0.6755 -0.1662
vn 0.7777 0.5975 -0.1955
vn 0.7798 0.5989 -0.1822
vn 0.7978 0.5746 -0.1827
vn 0.7778 0.6046 -0.1716
vn 0.7287 0.663 -0.1718
vn 0.7606 0.6222 -0.1854
vn 0.7623 0.6239 -0.172
vn 0.8558 0.4926 -0.158
vn 0.723 0.672 -0.1603
vn 0.7778 0.6046 -0.1716
vn 0.7978 0.5746 -0.1827
vn 0.7935 0.5794 -0.1861
vn 0.6118 0.7632 -0.2079
vn 0.7311 0.642 -0.2308
vn 0.7179 0.6286 -0.2992
vn 0.8399 0.5129 -0.1773
vn 0.7623 0.6239 -0.172
vn 0.7606 0.6222 -0.1854
vn 0.6197 0.7519 -0.2252
vn 0.639 0.7372 -0.2196
vn 0.7774 0.5336 -0.3331
vn 0.9128 0.3247 -0.2478
vn 0.9813 0.08627 -0.1719
vn 0.7311 0.642 -0.2308
vn 0.6118 0.7632 -0.2079
vn 0.6389 0.7373 -0.2196
vn 0.7774 0.5336 -0.3331
vn 0.639 0.7372 -0.2196
vn 0.639 0.7372 -0.2196
vn 0.7774 0.5336 -0.3331
vn 0.6389 0.7373 -0.2196
vn 0.5627 0.7874 -0.2517
vn 0.3551 0.8948 -0.2707
vn 0.6791 0.6593 -0.3227
vn 0.6885 0.623 -0.3714
vn 0.7432 0.5727 -0.346
vn 0.7774 0.5335 -0.3331
vn 0.639 0.7372 -0.2196
vn 0.7774 0.5336 -0.3331
vn 0.7432 0.5727 -0.346
vn 0.746 0.6081 -0.2716
vn 0.9086 0.3818 -0.1691
vn 0.9142 0.3318 -0.2327
vn 0.9128 0.3247 -0.2478
vn 0.6885 0.623 -0.3714
vn 0.5172 0.7444 -0.4224
vn 0.5189 0.7789 -0.3521
vn 0.7463 0.6069 -0.2732
vn 0.746 0.6081 -0.2716
vn 0.7432 0.5727 -0.346
vn 0.6791 0.6593 -0.3227
vn 0.4405 0.8395 -0.318
vn 0.4533 0.7736 -0.4427
vn 0.5172 0.7444 -0.4224
vn 0.6885 0.623 -0.3714
vn 0.2767 0.8576 -0.4336
vn 0.1481 0.898 -0.4144
vn 0.1506 0.9198 -0.3623
vn 0.1565 0.9197 -0.3602
vn 0.4405 0.8395 -0.318
vn 0.6791 0.6593 -0.3227
vn 0.3551 0.8948 -0.2707
vn 0.3518 0.8815 -0.3149
vn 0.4533 0.7736 -0.4427
vn 0.4405 0.8395 -0.318
vn 0.1565 0.9197 -0.3602
vn 0.1609 0.8601 -0.484
vn 0.1904 0.8567 -0.4794
vn 0.1506 0.9198 -0.3623
vn -0.1572 0.9185 -0.3628
vn -0.163 0.9183 -0.3607
vn -0.1666 0.8588 -0.4845
vn 0.1609 0.8601 -0.484
vn 0.1565 0.9197 -0.3602
vn 0.1904 0.8567 -0.4794
vn 0.1609 0.8601 -0.484
vn -0.1666 0.8588 -0.4845
vn -0.1961 0.8551 -0.4799
vn -0.1972 0.8899 -0.4113
vn -0.1979 0.8886 -0.4137
vn 0.1918 0.8902 -0.4132
vn 0.191 0.8915 -0.4108
vn -0.163 0.9183 -0.3607
vn -0.4465 0.8359 -0.3193
vn -0.4584 0.7699 -0.4441
vn -0.1961 0.8551 -0.4799
vn -0.1666 0.8588 -0.4845
vn -0.1972 0.8899 -0.4113
vn -0.1961 0.8551 -0.4799
vn -0.4584 0.7699 -0.4441
vn -0.5221 0.7401 -0.4239
vn -0.5243 0.7746 -0.3536
vn -0.5254 0.7719 -0.358
vn -0.4465 0.8359 -0.3193
vn -0.6836 0.6537 -0.3247
vn -0.6925 0.6172 -0.3734
vn -0.5221 0.7401 -0.4239
vn -0.4584 0.7699 -0.4441
vn -0.5243 0.7746 -0.3536
vn -0.5221 0.7401 -0.4239
vn -0.6925 0.6172 -0.3734
vn -0.7469 0.5666 -0.3482
vn -0.7502 0.6019 -0.2738
vn -0.7505 0.6007 -0.2754
vn -0.6836 0.6537 -0.3247
vn -0.6925 0.6172 -0.3734
vn -0.1572 0.9185 -0.3628
vn -0.1563 0.9121 -0.3789
vn -0.2914 0.8833 -0.3672
vn -0.3645 0.9034 -0.2256
vn -0.3617 0.8918 -0.2717
vn -0.6836 0.6537 -0.3247
vn -0.4465 0.8359 -0.3193
vn -0.163 0.9183 -0.3607
vn 0.1481 0.898 -0.4144
vn 0.1367 0.8903 -0.4344
vn -0.1266 0.8911 -0.4357
vn -0.1563 0.9121 -0.3789
vn -0.1572 0.9185 -0.3628
vn 0.1506 0.9198 -0.3623
vn -0.5698 0.8197 0.05803
vn -0.5385 0.84 0.06662
vn -0.8701 0.4843 0.0911
vn 0.1272 0.8206 -0.5572
vn 0.1367 0.8903 -0.4344
vn 0.1481 0.898 -0.4144
vn 0.2767 0.8576 -0.4336
vn 0.1418 0.8292 -0.5407
vn 0.02972 0.8371 -0.5463
vn -0.1078 0.8858 -0.4513
vn -0.1283 0.9011 -0.4142
vn -0.1266 0.8911 -0.4357
vn 0.1367 0.8903 -0.4344
vn 0.1272 0.8206 -0.5572
vn -0.2914 0.8833 -0.3672
vn -0.1563 0.9121 -0.3789
vn -0.1266 0.8911 -0.4357
vn -0.1283 0.9011 -0.4142
vn -0.1654 0.8961 -0.4119
vn -0.2996 0.9342 -0.1938
vn -0.7648 0.6325 0.1225
vn -0.5976 0.7605 -0.2541
vn -0.5748 0.7958 -0.1906
vn -0.3645 0.9034 -0.2256
vn -0.2914 0.8833 -0.3672
vn -0.2996 0.9342 -0.1938
vn -0.4443 0.8699 -0.2142
vn -0.4777 0.8534 -0.2088
vn -0.3617 0.8918 -0.2717
vn -0.3645 0.9034 -0.2256
vn -0.5748 0.7958 -0.1906
vn -0.5685 0.7827 -0.2533
vn -0.6986 0.6772 -0.231
vn -0.6252 0.7467 -0.2271
vn -0.6444 0.7319 -0.2215
vn -0.5685 0.7827 -0.2533
vn -0.5748 0.7958 -0.1906
vn -0.5976 0.7605 -0.2541
vn -0.6975 0.6754 -0.2394
vn -0.6175 0.7581 -0.2097
vn -0.7357 0.636 -0.2329
vn -0.9831 0.06192 -0.1722
vn -0.9147 0.3171 -0.2505
vn -0.7808 0.5271 -0.3354
vn -0.4317 0.8991 -0.07211
vn -0.6252 0.7467 -0.2271
vn -0.7652 0.6159 -0.1876
vn -0.767 0.6176 -0.1742
vn -0.8436 0.5059 -0.1798
vn -0.7223 0.6228 -0.3005
vn -0.7357 0.636 -0.2329
vn -0.6175 0.7581 -0.2097
vn -0.7977 0.5729 -0.1884
vn -0.802 0.5679 -0.1851
vn -0.7823 0.5982 -0.1739
vn -0.7281 0.666 -0.1624
vn -0.8594 0.4854 -0.1606
vn -0.767 0.6176 -0.1742
vn -0.7652 0.6159 -0.1876
vn -0.7598 0.6263 -0.1747
vn -0.7577 0.6245 -0.1893
vn -0.7234 0.6695 -0.1684
vn -0.7842 0.5924 -0.1845
vn -0.802 0.5679 -0.1851
vn -0.7977 0.5729 -0.1884
vn -0.7218 0.6674 -0.1833
vn -0.7821 0.591 -0.1978
vn -0.7842 0.5924 -0.1845
vn -0.7234 0.6695 -0.1684
vn -0.802 0.5679 -0.1851
vn -0.7842 0.5924 -0.1845
vn -0.7821 0.591 -0.1978
vn -0.7336 0.6569 -0.1739
vn -0.7823 0.5982 -0.1739
vn -0.7683 0.6147 -0.1785
vn -0.7571 0.6057 -0.2449
vn -0.6233 0.7534 -0.2093
vn -0.734 0.6573 -0.1711
vn -0.7336 0.6569 -0.1739
vn -0.7821 0.591 -0.1978
vn -0.7218 0.6674 -0.1833
vn -0.8218 0.5372 -0.1898
vn -0.8422 0.5063 -0.1854
vn -0.8292 0.4983 -0.2531
vn -0.7791 0.5777 -0.2434
vn -0.7571 0.6057 -0.2449
vn -0.7683 0.6147 -0.1785
vn -0.9346 0.259 -0.2439
vn -0.8926 0.381 -0.2412
vn -0.8292 0.4983 -0.2531
vn -0.8422 0.5063 -0.1854
vn -0.9545 0.2282 -0.1919
vn -0.9451 0.262 -0.1955
vn -0.9752 -0.06648 -0.2111
vn -0.966 0.1269 -0.2253
vn -0.9364 0.2005 -0.2879
vn -0.8824 0.3771 -0.2815
vn -0.8926 0.381 -0.2412
vn -0.9346 0.259 -0.2439
vn -0.9507 0.2037 -0.2336
vn -0.9473 0.1516 -0.2821
vn -0.9563 0.06276 -0.2857
vn -0.9218 0.2555 -0.2916
vn -0.8771 0.3753 -0.2998
vn -0.8822 0.3775 -0.2815
vn -0.9364 0.2005 -0.2879
vn -0.9685 -0.0143 -0.2485
vn -0.9613 0.06313 -0.2681
vn -0.9563 0.06276 -0.2857
vn -0.9473 0.1516 -0.2821
vn -0.9621 -0.02129 -0.2717
vn -0.9686 -0.02139 -0.2477
vn -0.8034 -0.02805 -0.5948
vn -0.8022 -0.0412 -0.5956
vn -0.7968 0.02446 -0.6037
vn -0.9265 0.2473 -0.2836
vn -0.9613 0.06313 -0.2681
vn -0.9685 -0.0143 -0.2485
vn -0.9218 0.2555 -0.2916
vn -0.9563 0.06276 -0.2857
vn -0.9613 0.06313 -0.2681
vn -0.9265 0.2473 -0.2836
vn -0.9237 0.2561 -0.285
vn -0.8771 0.3753 -0.2998
vn -0.9218 0.2555 -0.2916
vn -0.9237 0.2561 -0.285
vn -0.7874 0.5506 -0.2774
vn -0.7665 0.5789 -0.278
vn -0.7662 0.5786 -0.2795
vn -0.8824 0.3771 -0.2815
vn -0.8771 0.3753 -0.2998
vn -0.7662 0.5786 -0.2795
vn -0.6942 0.666 -0.2729
vn -0.7041 0.6743 -0.2226
vn -0.7759 0.5759 -0.2574
vn -0.7791 0.5777 -0.2434
vn -0.8292 0.4983 -0.2531
vn -0.8926 0.381 -0.2412
vn -0.8826 0.3766 -0.2815
vn -0.7759 0.5759 -0.2574
vn -0.7571 0.6057 -0.2449
vn -0.7791 0.5777 -0.2434
vn -0.7759 0.5759 -0.2574
vn -0.7041 0.6743 -0.2226
vn -0.6244 0.7548 -0.2009
vn -0.6233 0.7534 -0.2093
vn -0.6942 0.666 -0.2729
vn -0.5832 0.7764 -0.2388
vn -0.5907 0.788 -0.1736
vn -0.6244 0.7548 -0.2009
vn -0.7041 0.6743 -0.2226
vn -0.7665 0.5789 -0.278
vn -0.4642 0.86 -0.212
vn -0.4692 0.8715 -0.1429
vn -0.5832 0.7764 -0.2388
vn -0.6942 0.666 -0.2729
vn -0.7662 0.5786 -0.2795
vn -0.7874 0.5506 -0.2774
vn -0.5879 0.6439 -0.4897
vn -0.0408 0.995 -0.09169
vn -0.4613 0.8623 -0.2089
vn -0.4642 0.86 -0.212
vn -0.7665 0.5789 -0.278
vn -0.7968 0.02446 -0.6037
vn -0.5833 0.6497 -0.4875
vn -0.5879 0.6439 -0.4897
vn -0.7874 0.5506 -0.2774
vn -0.9237 0.2561 -0.285
vn -0.9265 0.2473 -0.2836
vn -0.8022 -0.0412 -0.5956
vn -0.9901 0.004953 0.1405
vn -0.9902 0.002799 0.1393
vn -0.8437 0.5351 0.04142
vn -0.5833 0.6497 -0.4875
vn -0.7968 0.02446 -0.6037
vn -0.6039 -0.6889 -0.4009
vn -0.8525 -0.5116 0.1069
vn -0.9901 0.004953 0.1405
vn -0.8022 -0.0412 -0.5956
vn -0.8034 -0.02805 -0.5948
vn 0.04283 -0.9949 0.09109
vn 0.04451 -0.997 0.06398
vn -0.625 -0.7677 0.1414
vn -0.8525 -0.5116 0.1069
vn -0.6039 -0.6889 -0.4009
vn -0.491 -0.8059 -0.3309
vn -0.9901 0.004953 0.1405
vn -0.8525 -0.5116 0.1069
vn -0.625 -0.7677 0.1414
vn -0.6289 -0.7672 0.1263
vn -0.6506 -0.7484 0.1286
vn -0.9923 0.001946 0.1235
vn -0.9902 0.002799 0.1393
vn 0.03923 -0.9975 0.05915
vn -0.6289 -0.7672 0.1263
vn -0.625 -0.7677 0.1414
vn 0.04451 -0.997 0.06398
vn 0.04283 -0.9949 0.09109
vn -0.491 -0.8059 -0.3309
vn -0.6506 -0.7484 0.1286
vn -0.6289 -0.7672 0.1263
vn 0.03923 -0.9975 0.05915
vn -0.9983 -0.05806 0.006214
vn -0.9961 -0.08484 0.02319
vn -0.9955 -0.09194 0.02218
vn -0.9999 -0.004096 0.01424
vn -0.9924 -0.003785 0.1228
vn -0.9923 0.001946 0.1235
vn -0.6506 -0.7484 0.1286
vn -0.8437 0.5351 0.04142
vn -0.9902 0.002799 0.1393
vn -0.9923 0.001946 0.1235
vn -0.9924 -0.003785 0.1228
vn -0.682 0.7295 0.05188
vn -0.6302 0.7754 0.04073
vn -0.6298 0.7756 0.04302
vn -0.0408 0.995 -0.09169
vn -0.5879 0.6439 -0.4897
vn -0.5833 0.6497 -0.4875
vn -0.8437 0.5351 0.04142
vn -0.6298 0.7756 0.04302
vn -0.04608 0.9976 -0.05151
vn -0.2922 0.9537 -0.07074
vn -0.2915 0.9516 -0.09682
vn -0.4613 0.8623 -0.2089
vn -0.0408 0.995 -0.09169
vn -0.04608 0.9976 -0.05151
vn -0.03943 0.9982 -0.04535
vn -0.6302 0.7754 0.04073
vn -0.03943 0.9982 -0.04535
vn -0.04608 0.9976 -0.05151
vn -0.6298 0.7756 0.04302
vn -0.03943 0.9982 -0.04535
vn -0.6302 0.7754 0.04073
vn -0.682 0.7295 0.05188
vn -0.7577 0.6526 0.007242
vn -0.8389 0.5441 0.01133
vn -0.4872 0.8728 -0.02819
vn -0.5058 0.8623 -0.0254
vn -0.9999 -0.004096 0.01424
vn -0.8533 0.5211 0.01514
vn -0.7577 0.6526 0.007242
vn -0.682 0.7295 0.05188
vn -0.9924 -0.003785 0.1228
vn -0.9984 0.04273 -0.03638
vn -0.9859 0.1656 0.0245
vn -0.85 0.5244 -0.05069
vn -0.8533 0.5211 0.01514
vn -0.9999 -0.004096 0.01424
vn -0.9955 -0.09194 0.02218
vn -0.9999 -0.01125 0.0009012
vn -0.987 -0.1346 -0.08775
vn -0.9983 -0.05806 0.006214
vn -0.9884 0.1479 0.03492
vn -0.9859 0.1656 0.0245
vn -0.9984 0.04273 -0.03638
vn -0.9752 -0.2153 0.05138
vn -0.9944 0.0213 -0.1034
vn -0.7681 0.64 -0.02188
vn -0.7573 0.6525 -0.02775
vn -0.7582 0.6507 -0.0419
vn -0.85 0.5244 -0.05069
vn -0.9859 0.1656 0.0245
vn -0.9884 0.1479 0.03492
vn -0.9344 0.3246 -0.1471
vn -0.7681 0.6399 -0.0238
vn -0.6541 0.7564 0.0004751
vn -0.6555 0.7552 0.001255
vn -0.7573 0.6525 -0.02775
vn -0.7681 0.64 -0.02188
vn -0.4872 0.8728 -0.02819
vn -0.8389 0.5441 0.01133
vn -0.7582 0.6507 -0.0419
vn -0.7573 0.6525 -0.02775
vn -0.6555 0.7552 0.001255
vn -0.4872 0.8728 -0.0295
vn -0.7577 0.6526 0.007242
vn -0.8533 0.5211 0.01514
vn -0.85 0.5244 -0.05069
vn -0.7582 0.6507 -0.0419
vn -0.8389 0.5441 0.01133
vn -0.5058 0.8623 -0.0254
vn -0.4872 0.8728 -0.02819
vn -0.4872 0.8728 -0.0295
vn -0.4441 0.8955 -0.02797
vn -0.4484 0.8934 -0.02678
vn -0.4484 0.8933 -0.03268
vn -0.6541 0.7564 0.0004751
vn -0.6528 0.7566 -0.0368
vn -0.4339 0.9003 -0.03485
vn -0.4441 0.8955 -0.02797
vn -0.4872 0.8728 -0.0295
vn -0.6555 0.7552 0.001255
vn -0.7432 0.6662 -0.06194
vn -0.6284 0.7763 -0.04879
vn -0.6528 0.7566 -0.0368
vn -0.6541 0.7564 0.0004751
vn -0.7681 0.6399 -0.0238
vn -0.7438 0.6674 -0.03656
vn -0.7708 0.6357 -0.04128
vn -0.7699 0.6382 -0.00151
vn -0.7604 0.6495 0.005351
vn -0.6245 0.781 0.008666
vn -0.6284 0.7763 -0.04879
vn -0.7432 0.6662 -0.06194
vn -0.7853 0.6191 -0.001889
vn -0.7699 0.6382 -0.00151
vn -0.7708 0.6357 -0.04128
vn -0.8005 0.5977 -0.04338
vn -0.8012 0.5983 -0.01195
vn -0.7844 0.6197 0.02654
vn -0.7601 0.6493 0.02654
vn -0.7604 0.6495 0.005351
vn -0.7699 0.6382 -0.00151
vn -0.7853 0.6191 -0.001889
vn -0.6192 0.7832 0.05638
vn -0.6218 0.7812 0.05641
vn -0.6145 0.787 0.05482
vn -0.6153 0.7882 0.01303
vn -0.6245 0.781 0.008666
vn -0.7604 0.6495 0.005351
vn -0.7601 0.6493 0.02654
vn -0.6528 0.7566 -0.0368
vn -0.6284 0.7763 -0.04879
vn -0.6245 0.781 0.008666
vn -0.6153 0.7882 0.01303
vn -0.4586 0.8886 0.008074
vn -0.4306 0.9025 -0.006349
vn -0.4339 0.9003 -0.03485
vn -0.6145 0.787 0.05482
vn -0.5589 0.8275 0.05315
vn -0.4584 0.8882 0.03153
vn -0.4586 0.8886 0.008074
vn -0.6153 0.7882 0.01303
vn -0.582 0.8126 0.03232
vn -0.5649 0.8245 0.03204
vn -0.5594 0.8283 0.031
vn -0.5589 0.8275 0.05315
vn -0.6145 0.787 0.05482
vn -0.6218 0.7812 0.05641
vn -0.6226 0.7821 0.02658
vn -0.5913 0.8059 0.02966
vn -0.565 0.8247 0.02471
vn -0.5649 0.8245 0.03204
vn -0.582 0.8126 0.03232
vn -0.5822 0.8125 0.0295
vn -0.5914 0.8062 -0.01739
vn -0.4308 0.9023 -0.0175
vn -0.4308 0.9022 0.02254
vn -0.565 0.8247 0.02471
vn -0.5913 0.8059 0.02966
vn -0.4091 0.9124 -0.01385
vn -0.2165 0.9762 -0.01581
vn -0.2165 0.9762 0.01312
vn -0.3882 0.9214 0.01529
vn -0.4308 0.9022 0.02254
vn -0.4308 0.9023 -0.0175
vn -0.1899 0.9817 -0.0119
vn -0.02157 0.9997 -0.01502
vn -0.02161 0.9996 0.01912
vn -0.272 0.962 0.02185
vn -0.2165 0.9762 0.01312
vn -0.2165 0.9762 -0.01581
vn -0.19 0.9818 -0.00361
vn 0.01314 0.9999 -0.00798
vn 0.01314 0.9999 -0.01107
vn -0.02157 0.9997 -0.01502
vn -0.1899 0.9817 -0.0119
vn 0.01299 0.9999 -0.007999
vn 0.1167 0.9931 -0.01145
vn 0.1167 0.9929 -0.02122
vn 0.1762 0.9842 -0.01692
vn 0.01314 0.9999 -0.01107
vn 0.01314 0.9999 -0.00798
vn 0.1316 0.9912 -0.01119
vn 0.342 0.9395 -0.02022
vn 0.2911 0.9565 -0.01628
vn 0.2913 0.9563 -0.02595
vn 0.1167 0.9929 -0.02122
vn 0.1167 0.9931 -0.01145
vn 0.1315 0.9911 0.02082
vn 0.2024 0.9788 0.03018
vn 0.3678 0.9296 0.02163
vn 0.3397 0.9402 0.02575
vn 0.342 0.9395 -0.02022
vn 0.1316 0.9912 -0.01119
vn 0.2024 0.9788 0.03233
vn 0.2514 0.9672 0.03746
vn 0.5282 0.8489 0.01903
vn 0.3651 0.9299 0.04411
vn 0.3678 0.9296 0.02163
vn 0.2024 0.9788 0.03018
vn 0.07175 0.9968 0.03597
vn 0.2689 0.9577 0.1028
vn 0.251 0.9623 0.1049
vn 0.2514 0.9672 0.03746
vn 0.2024 0.9788 0.03233
vn 0.5232 0.8415 0.1344
vn 0.03938 0.993 0.1118
vn 0.08507 0.9902 0.1105
vn 0.08551 0.9944 0.06189
vn 0.3651 0.9299 0.04411
vn 0.5282 0.8489 0.01903
vn 0.03879 0.987 0.1563
vn -0.5419 0.8387 0.05492
vn -0.5302 0.8466 0.04609
vn 0.08507 0.9902 0.1105
vn 0.03938 0.993 0.1118
vn -0.02791 0.02204 0.9994
vn 0.003373 0.005596 1
vn -0.8298 -0.5168 0.2108
vn -0.8332 -0.5107 0.212
vn -0.8286 0.5562 0.06335
vn -0.6748 0.7353 0.06316
vn -0.5302 0.8466 0.04609
vn -0.5419 0.8387 0.05492
vn -0.7018 -0.7114 0.03638
vn -0.6488 -0.7606 0.02282
vn -0.5217 0.8525 0.03288
vn 0.003373 0.005596 1
vn -0.02791 0.02204 0.9994
vn 0.0005147 0.05001 0.9987
vn -0.8298 -0.5168 0.2108
vn 0.003373 0.005596 1
vn -0.5217 0.8525 0.03288
vn -0.5296 0.8477 0.0308
vn -0.6488 -0.7606 0.02282
vn -0.02042 0.0329 0.9993
vn -0.5296 0.8477 0.0308
vn -0.5217 0.8525 0.03288
vn -0.7509 -0.6585 0.04985
vn -0.5232 0.8391 0.149
vn -0.008493 0.02343 0.9997
vn -0.02042 0.0329 0.9993
vn -0.6488 -0.7606 0.02282
vn -0.7029 -0.7104 0.03599
vn -0.7286 -0.6845 0.0261
vn -0.8889 -0.4576 0.02278
vn -0.9817 -0.1596 -0.1042
vn 0.9829 0.1598 0.09099
vn 0.9828 0.1598 0.09261
vn 0.984 0.16 0.0778
vn -0.984 -0.16 -0.0778
vn -0.9867 -0.1604 0.02619
vn -0.9051 -0.4248 0.02076
vn -0.889 -0.4574 -0.02094
vn 0.8844 0.4546 0.1055
vn 0.8855 0.4552 0.09338
vn 0.8844 0.4546 0.1055
vn -0.9817 -0.1596 -0.1042
vn 0.9817 0.1596 0.1042
vn -0.9685 -0.1575 0.193
vn 0.9859 -0.1516 0.07016
vn -0.984 -0.16 -0.0778
vn 0.984 0.16 0.0778
vn 0.9828 0.1598 0.09261
vn 0.9841 -0.1512 0.09341
vn -0.9859 0.1516 -0.07016
vn -0.9881 0.1524 0.02145
vn -0.9913 -0.1304 0.01636
vn -0.9867 -0.1604 0.02619
vn -0.9732 0.1509 0.1738
vn -0.9721 -0.1581 0.1736
vn -0.9817 -0.1596 -0.1042
vn 0.9829 0.1598 0.09099
vn -0.984 -0.16 -0.0778
vn 0.984 0.16 0.0778
vn -0.9859 0.1516 -0.07016
vn 0.9859 -0.1516 0.07016
vn -0.8811 0.446 0.1573
vn -0.9732 0.1509 0.1738
vn -0.9732 0.1509 0.1738
vn -0.9685 -0.1575 0.193
vn -0.9913 -0.1304 0.01636
vn -0.001477 0.002557 1
vn -0.001497 0.003879 1
vn -0.9051 -0.4248 0.02076
vn -0.9867 -0.1604 0.02619
vn -0.001474 0.002574 1
vn 0.8513 0.4952 -0.1734
vn 0.889 0.4579 0.0001535
vn 0.9035 0.4279 0.02599
vn 0.9847 0.1731 0.02025
vn -0.001463 0.002575 1
vn -0.001486 0.002558 1
vn 0.003411 -0.9423 0.3347
vn 0.8513 0.4952 -0.1734
vn -0.001474 0.002577 1
vn -0.8549 0.4881 -0.1759
vn 0.003411 -0.9423 0.3347
vn -0.001486 0.002558 1
vn -0.8928 0.4505 -0.002492
vn 0.00414 -1 0.002577
vn 0.003411 -0.9423 0.3347
vn -0.8549 0.4881 -0.1759
vn 0.004142 -1 0.002573
vn 0.889 0.4579 0.0001535
vn 0.8513 0.4952 -0.1734
vn 0.003411 -0.9423 0.3347
vn 0.00414 -1 0.002577
vn -0.001464 -0.002766 1
vn 0.003283 -0.9267 0.3758
vn 0.7515 0.6206 -0.2238
vn -0.001464 -0.002763 1
vn -0.7559 0.6144 -0.226
vn 0.003284 -0.9267 0.3758
vn -0.001464 -0.002766 1
vn -0.8889 -0.4576 0.02278
vn -0.9645 -0.1568 0.2123
vn -0.941 0.3002 -0.156
vn 0.01554 0.002621 0.9999
vn 0.01493 0.002973 0.9999
vn 0.01597 0.002643 0.9999
vn -0.941 0.3002 -0.156
vn 0.9857 0.004512 0.1682
vn -0.9522 0.3051 0.0144
vn -0.9522 0.3051 0.0144
vn 0.015 0.00295 0.9999
vn 0.01511 0.002613 0.9999
vn -0.9999 -0.004106 0.01598
vn 0.9857 0.004517 0.1682
vn 0.9799 0.003534 -0.1996
vn 0.2867 -0.8753 0.3895
vn 0.0164 0.002484 0.9999
vn 0.9522 -0.3051 -0.0144
vn 0.9924 0.00443 0.1228
vn -0.9356 0.3011 0.1844
vn 0.01637 0.002492 0.9999
vn 0.01612 -0.0005878 0.9999
vn 0.01596 0.002626 0.9999
vn 0.01647 0.00246 0.9999
vn -0.9356 0.3011 0.1844
vn -0.7946 0.575 0.1951
vn 0.329 -0.224 0.9174
vn 0.01607 0.0004802 0.9999
vn -0.7946 0.575 0.1951
vn 0.7947 -0.5751 -0.194
vn 0.7947 -0.5751 -0.1944
vn -0.7946 0.575 0.1951
vn -0.9356 0.3011 0.1844
vn 0.01596 0.002639 0.9999
vn 0.3027 -0.9499 -0.07788
vn 0.01647 0.00246 0.9999
vn -0.9806 0.1518 0.1241
vn -0.9793 -0.1593 0.1249
vn 0.08447 -0.2497 0.9646
vn 0.01597 0.002652 0.9999
vn 0.9799 0.003546 -0.1996
vn 0.008143 -0.0225 0.9997
vn 0.9194 0.00483 0.3933
vn 0.9799 0.003534 -0.1996
vn 0.9812 0.004567 0.1929
vn 0.004285 -0.03491 0.9994
vn 0.0163 0.002746 0.9999
vn 0.9496 0.3129 -0.01599
vn 0.9331 0.3079 -0.1859
vn 0.01596 0.002627 0.9999
vn 0.01605 0.002896 0.9999
vn 0.01603 0.002653 0.9999
vn -0.882 -0.4546 0.124
vn 0.01596 0.002636 0.9999
vn 0.01596 0.002622 0.9999
vn -0.9793 -0.1593 0.1248
vn 0.9331 0.3079 -0.1859
vn 0.01618 0.002818 0.9999
vn 0.01597 0.002641 0.9999
vn 0.01596 0.002633 0.9999
vn 0.01576 0.00256 0.9999
vn 0.9331 0.3079 -0.1859
vn 0.7898 0.5805 -0.1981
vn 0.03968 -0.004998 0.9992
vn 0.5271 0.3793 0.7605
vn 0.7898 0.5805 -0.1981
vn 0.01738 0.003725 0.9998
vn 0.1864 0.1278 0.9741
vn 0.7898 0.5805 -0.1981
vn 0.0162 0.002825 0.9999
vn -0.6477 -0.48 0.5917
vn 0.7898 0.5805 -0.1981
vn 0.01581 0.002522 0.9999
vn 0.01603 0.002653 0.9999
vn 0.9496 0.3129 -0.01599
vn 0.4324 0.3092 0.847
vn 0.01591 0.002563 0.9999
vn 0.5843 0.8114 -0.01147
vn 0.7365 0.5359 0.4128
vn 0.08652 -0.0207 0.996
vn 0.2969 0.9356 -0.1912
vn 0.2969 0.9356 -0.191
vn 0.2969 0.9357 -0.1906
vn 0.2969 0.9356 -0.1912
vn 0.7898 0.5805 -0.1981
vn 0.7897 0.5805 -0.1985
vn 0.7898 0.5806 -0.1979
vn 0.7898 0.5805 -0.1981
vn 0.9799 0.003546 -0.1997
vn 0.9799 0.00354 -0.1996
vn 0.9799 0.003546 -0.1996
vn 0.9798 0.003547 -0.1999
vn -0.882 -0.4546 0.124
vn -0.9867 -0.1605 -0.02467
vn -0.9734 0.1491 -0.1738
vn -0.9724 0.2323 -0.02195
vn -0.9806 0.1518 0.1241
vn -0.9858 -0.1603 0.05064
vn -0.9627 0.2087 -0.1719
vn -0.08889 -0.02167 0.9958
vn -0.04403 -0.01718 0.9989
vn -0.9721 -0.1581 -0.1736
vn -0.9724 0.2323 -0.02199
vn -0.9734 0.1491 -0.1738
vn -0.9808 0.1518 0.1222
vn -0.9498 0.2808 0.1378
vn -0.9785 0.2056 -0.01275
vn -0.9715 0.2132 0.1035
vn -0.9711 0.2131 0.1077
vn -0.9217 0.3682 0.1221
vn -0.9509 0.2812 0.1293
vn -0.9498 0.2808 0.1378
vn -0.9808 0.1518 0.1222
vn -0.9693 0.1973 0.1467
vn -0.9498 0.2808 0.1378
vn -0.9509 0.2812 0.1293
vn -0.8578 0.4932 0.1451
vn -0.8185 0.5578 0.1376
vn -0.8116 0.5537 0.1863
vn -0.9217 0.3682 0.1221
vn -0.9249 0.3688 0.09187
vn -0.9421 0.3258 0.07939
vn -0.8632 0.4971 0.08855
vn -0.8578 0.4932 0.1451
vn -0.9509 0.2812 0.1293
vn -0.5712 0.8163 0.08603
vn -0.5668 0.8112 0.1439
vn -0.8185 0.5578 0.1376
vn -0.8578 0.4932 0.1451
vn -0.8632 0.4971 0.08855
vn -0.8621 0.4988 0.08903
vn -0.641 0.7608 0.1013
vn -0.9421 0.3258 0.07939
vn -0.9441 0.3263 0.04691
vn -0.8647 0.5001 0.04749
vn -0.8621 0.4988 0.08903
vn -0.8632 0.4971 0.08855
vn -0.6424 0.7633 0.06894
vn -0.641 0.7608 0.1013
vn -0.8621 0.4988 0.08903
vn -0.8647 0.5001 0.04749
vn -0.4551 0.8862 0.08754
vn -0.4185 0.9049 0.07769
vn -0.4182 0.8996 0.1254
vn -0.4729 0.872 0.1266
vn -0.5668 0.8112 0.1439
vn -0.5712 0.8163 0.08603
vn -0.4555 0.8872 0.07357
vn -0.9983 -0.04143 0.04195
vn -0.998 -0.04596 0.04346
vn -0.4185 0.9049 0.07769
vn -0.4551 0.8862 0.08754
vn -0.001113 0.001873 1
vn -0.9983 -0.04143 0.04195
vn -0.001149 0.001859 1
vn 0.9985 0.04146 -0.03469
vn 0.9973 0.04135 -0.06147
vn -0.05278 0.9816 0.1835
vn -0.2686 0.9395 0.2128
vn -0.03563 0.9887 0.1459
vn 0.01963 -0.9993 0.03325
vn 0.03144 -0.999 0.0302
vn -0.1962 -0.9787 0.06079
vn 0.9985 0.04146 -0.03469
vn -0.4782 0.8692 0.1261
vn -0.3798 0.916 0.129
vn -0.2704 0.9559 0.1146
vn -0.2686 0.9395 0.2128
vn -0.05278 0.9816 0.1835
vn -0.382 0.9215 0.07065
vn -0.3798 0.916 0.129
vn -0.4782 0.8692 0.1261
vn -0.4807 0.8739 0.07247
vn -0.006114 0.00483 1
vn 0.0002254 0.002929 1
vn -0.001113 0.001873 1
vn -0.2863 0.6913 -0.6634
vn -0.3584 0.6516 -0.6686
vn -0.382 0.9215 0.07065
vn -0.2523 0.9647 0.07494
vn -0.2514 0.961 0.1149
vn -0.2704 0.9559 0.1146
vn -0.3798 0.916 0.129
vn 0.1312 -0.4991 -0.8565
vn -0.1312 0.4991 0.8565
vn -0.1794 0.6882 -0.703
vn -0.2622 0.7135 -0.6497
vn -0.2863 0.6913 -0.6634
vn -0.001635 0.003053 1
vn -0.2514 0.961 0.1149
vn -0.2523 0.9647 0.07494
vn 0.1312 -0.4991 -0.8565
vn -0.1312 0.4991 0.8565
vn -0.2514 0.961 0.1149
vn -0.2514 0.961 0.1149
vn -0.05022 0.9951 0.08548
vn -0.05068 0.9966 0.06449
vn -0.2659 0.9612 0.0737
vn -0.2524 0.9647 0.07494
vn -0.1312 0.4991 0.8565
vn 0.1312 -0.4991 -0.8565
vn 0.0179 0.002645 0.9998
vn -0.001575 0.003048 1
vn -0.002772 0.00256 1
vn -0.05102 0.7533 -0.6557
vn -0.04358 0.6993 -0.7135
vn -0.1794 0.6882 -0.703
vn -0.2686 0.9395 0.2128
vn -0.2704 0.9559 0.1146
vn -0.2514 0.961 0.1149
vn -0.05022 0.9951 0.08548
vn -0.05148 0.9947 0.08905
vn -0.03563 0.9887 0.1459
vn -0.9935 -0.01508 -0.1126
vn -0.9999 -0.01554 -0.001284
vn -0.05148 0.9947 0.08905
vn -0.05022 0.9951 0.08548
vn -0.05102 0.7533 -0.6557
vn -0.06263 0.7528 -0.6552
vn -0.05243 0.9946 0.08904
vn -0.05341 0.9967 0.06186
vn -0.05068 0.9966 0.06449
vn 0.0179 0.002645 0.9998
vn 0.02498 0.1177 0.9927
vn -0.06263 0.7528 -0.6552
vn -0.05102 0.7533 -0.6557
vn -0.04358 0.6993 -0.7135
vn 0.01548 -0.6887 -0.7249
vn 0.01197 -0.7543 -0.6565
vn -0.9998 -0.01558 0.01403
vn 0.03257 -0.7536 -0.6565
vn -0.0515 0.7533 -0.6556
vn 0.01197 -0.7543 -0.6565
vn -0.9998 -0.01558 0.01404
vn 0.0513 -0.7528 -0.6563
vn -0.0221 -0.6887 -0.7248
vn 0.01548 -0.6887 -0.7249
vn -0.04358 0.6993 -0.7135
vn -0.1794 0.6882 -0.703
vn -0.2622 0.7135 -0.6497
vn -0.05347 -0.7022 -0.71
vn -0.02252 -0.6888 -0.7246
vn -0.01517 0.008449 0.9998
vn -0.001635 0.003053 1
vn -0.002772 0.00256 1
vn -0.002383 0.01363 0.9999
vn -0.03516 -0.9984 0.04494
vn -0.02231 -0.6887 -0.7247
vn -0.05347 -0.7022 -0.71
vn -0.05932 -0.6986 -0.7131
vn -0.08624 -0.9939 0.06922
vn 0.03472 -0.9985 0.04203
vn -0.03514 -0.9984 0.04494
vn -0.02252 -0.6888 -0.7246
vn 0.03158 -0.999 0.03116
vn -0.03516 -0.9984 0.04494
vn 0.03472 -0.9985 0.04203
vn 0.03144 -0.999 0.0302
vn 0.01963 -0.9993 0.03325
vn 0.02588 -0.9983 0.05142
vn -0.1962 -0.9787 0.06079
vn 0.03144 -0.999 0.0302
vn 0.03472 -0.9985 0.04203
vn -0.08623 -0.9939 0.06922
vn -0.1278 -0.9892 0.07128
vn -0.001744 0.0001094 1
vn -0.08623 -0.9939 0.06922
vn -0.05929 -0.6986 -0.7131
vn -0.001495 0.002984 1
vn -0.001621 0.001065 1
vn -0.3584 0.6516 -0.6686
vn 0.9973 0.04135 -0.06147
vn -0.09014 -0.6883 -0.7198
vn -0.05929 -0.6986 -0.7131
vn -0.05347 -0.7022 -0.71
vn -0.2622 0.7135 -0.6497
vn -0.2863 0.6913 -0.6634
vn -0.03926 -0.9991 0.01464
vn -0.184 -0.9824 0.03093
vn -0.08634 -0.9959 0.02689
vn -0.006114 0.003846 1
vn -0.002383 0.01363 0.9999
vn 0.03072 -0.9994 -0.0185
vn 0.03158 -0.999 0.03116
vn 0.02588 -0.9983 0.05142
vn -0.9999 -0.01554 -0.001284
vn -0.07849 0.001948 -0.9969
vn 0.01197 -0.7543 -0.6565
vn -0.9998 -0.01559 0.01404
vn 0.04884 -0.7529 -0.6563
vn 0.02789 -0.9983 0.05142
vn -0.03072 0.9994 0.0185
vn -0.9999 -0.01554 -0.001284
vn 0.9897 0.01584 -0.1425
vn -0.9999 -0.01554 -0.001284
vn -0.9999 -0.01554 -0.001284
vn -0.9999 -0.01554 -0.001284
vn 0.02588 -0.9983 0.05142
vn 0.01963 -0.9993 0.03325
vn -0.03563 0.9887 0.1459
vn -0.05148 0.9947 0.08905
vn -0.04321 0.9951 0.08908
vn -0.03021 0.9983 0.04899
vn 0.01633 -0.9941 0.1074
vn 0.02808 -0.9983 0.05142
vn 0.03224 -0.9968 0.07295
vn 0.02826 -0.9983 0.05142
vn 0.01633 -0.9941 0.1074
vn -0.998 0.05933 -0.02194
vn -0.9774 0.05888 0.2031
vn -0.0386 0.9953 0.0891
vn -0.05192 0.9985 0.01853
vn -0.9749 -0.03262 0.2204
vn -0.9774 0.05888 0.2031
vn -0.998 0.05933 -0.02194
vn -0.03021 0.9983 0.04899
vn -0.05107 0.7471 -0.6627
vn -0.0515 0.7533 -0.6556
vn 0.01136 -0.7543 -0.6565
vn 0.01112 -0.7376 -0.6752
vn -0.9995 -0.0284 0.01566
vn 0.01633 -0.9941 0.1074
vn -0.03021 0.9983 0.04899
vn -0.998 0.05933 -0.02194
vn 0.9973 0.04135 -0.06147
vn -0.001077 0.001887 1
vn 0.001945 0.002874 1
vn -0.1278 -0.9892 0.07128
vn -0.1962 -0.9787 0.06079
vn 0.9985 0.04146 -0.03469
vn -0.00164 -0.02485 0.9997
vn -0.1179 -0.9921 0.04223
vn -0.5087 -0.8583 0.06723
vn -0.9983 -0.04143 0.04195
vn -0.998 -0.04596 0.04346
vn -0.9959 -0.07616 0.0491
vn -0.9781 -0.199 0.06043
vn -0.9988 -0.004065 0.04926
vn 0.01729 -0.9986 0.05031
vn -0.0663 -0.9961 0.05835
vn -0.4456 -0.8888 0.107
vn -0.4466 -0.892 0.06979
vn -0.09014 -0.6883 -0.7198
vn 0.0002254 0.002929 1
vn -0.1278 -0.9892 0.07128
vn -0.08622 -0.9939 0.06922
vn -0.05927 -0.6986 -0.7131
vn -0.09014 -0.6883 -0.7198
vn -0.001692 -0.01237 0.9999
vn -0.001695 0.0001064 1
vn -0.08634 -0.9959 0.02689
vn -0.2887 -0.9564 0.04415
vn -0.1179 -0.9921 0.04223
vn -0.001692 -0.01237 0.9999
vn -0.4766 -0.8784 0.03443
vn -0.5095 -0.8598 0.03453
vn -0.5087 -0.8583 0.06723
vn -0.1179 -0.9921 0.04223
vn -0.2887 -0.9564 0.04415
vn -0.2889 -0.9573 0.01467
vn -0.1841 -0.9829 -0.00309
vn -0.3337 -0.9426 0.01602
vn -0.2889 -0.9573 0.01467
vn -0.2887 -0.9564 0.04415
vn -0.08634 -0.9959 0.02689
vn -0.184 -0.9824 0.03093
vn -0.03926 -0.9991 0.01464
vn 0.03805 -0.9992 0.009035
vn 0.02905 -0.9993 -0.02334
vn 0.02925 -0.9995 -0.0148
vn -0.1841 -0.9829 -0.00309
vn -0.184 -0.9824 0.03093
vn 0.02935 -0.9995 -0.01467
vn 0.02914 -0.9993 -0.02326
vn -0.6121 -0.01674 0.7906
vn 0.06028 -0.9982 0.004692
vn -0.13 -0.9778 -0.1646
vn -0.1265 -0.978 -0.1661
vn 0.5745 -0.3889 -0.7202
vn 0.04925 -0.9987 -0.008652
vn 0.04962 -0.9988 -0.004864
vn 0.02911 -0.9993 -0.02327
vn 0.04962 -0.9988 -0.004874
vn 0.0499 -0.9987 -0.004627
vn 0.5565 -0.5843 -0.5907
vn -0.5117 -0.704 -0.4924
vn 0.04962 -0.9988 -0.004864
vn 0.04962 -0.9988 -0.004873
vn 0.04989 -0.9987 -0.00463
vn 0.04962 -0.9988 -0.004874
vn 0.04961 -0.9988 -0.004871
vn -0.5117 -0.704 -0.4924
vn -0.4953 -0.6422 0.585
vn 0.04989 -0.9987 -0.004632
vn 0.04962 -0.9988 -0.004873
vn 0.04979 -0.9987 -0.004801
vn 0.5565 -0.5843 -0.5907
vn -0.5117 -0.704 -0.4924
vn 0.04961 -0.9988 -0.004871
vn -0.0454 0.9989 0.008654
vn 0.3283 -0.9112 0.2488
vn 0.5565 -0.5843 -0.5907
vn 0.04989 -0.9987 -0.004628
vn -0.5117 -0.704 -0.4924
vn 0.5565 -0.5843 -0.5907
vn 0.3283 -0.9112 0.2488
vn -0.4953 -0.6422 0.585
vn -0.006387 0.999 0.04356
vn 0.04989 -0.9987 -0.004629
vn -0.4953 -0.6422 0.585
vn 0.3283 -0.9112 0.2488
vn -0.0454 0.9989 0.008654
vn 0.3283 -0.9112 0.2487
vn -0.4952 -0.6423 0.585
vn -0.5117 -0.704 -0.4924
vn 0.5565 -0.5843 -0.5907
vn 0.05135 -0.9987 -0.006252
vn 0.04887 -0.9988 -0.008158
vn 0.04962 -0.9988 -0.004852
vn -0.5117 -0.704 -0.4924
vn -0.4952 -0.6423 0.585
vn 0.5331 -0.4047 -0.743
vn 0.05001 -0.9987 -0.009639
vn 0.4903 -0.4195 -0.7639
vn -0.6104 -0.03175 0.7915
vn -0.8119 -0.02396 -0.5833
vn -0.6102 -0.03365 0.7915
vn 0.7302 0.01771 -0.683
vn 0.02944 -0.9995 -0.01454
vn 0.01264 -0.9992 -0.03798
vn 0.04961 -0.9988 -0.004882
vn 0.04491 -0.999 -0.004023
vn -0.5985 -0.5519 0.5807
vn -0.13 -0.9778 -0.1646
vn 0.02923 -0.9993 -0.02314
vn 0.06028 -0.9982 0.004691
vn 0.04705 -0.9989 -0.001447
vn 0.5565 -0.5842 -0.5907
vn -0.5117 -0.704 -0.4924
vn 0.04961 -0.9988 -0.004883
vn 0.04491 -0.999 -0.004023
vn 0.3283 -0.9112 0.2487
vn -0.4953 -0.6423 0.585
vn -0.5117 -0.704 -0.4924
vn 0.5565 -0.5842 -0.5907
vn -0.6021 0.6158 -0.5082
vn 0.0499 -0.9987 -0.004624
vn -0.4953 -0.6423 0.585
vn 0.3283 -0.9112 0.2487
vn -0.6019 0.6161 -0.5081
vn 0.3283 -0.9112 0.2487
vn 0.5565 -0.5843 -0.5907
vn 0.04989 -0.9987 -0.004625
vn -0.602 0.6158 -0.5082
vn 0.04961 -0.9988 -0.004883
vn -0.5117 -0.704 -0.4924
vn -0.4953 -0.6423 0.585
vn 0.04989 -0.9987 -0.004625
vn 0.04961 -0.9988 -0.004883
vn 0.04962 -0.9988 -0.004874
vn 0.04989 -0.9987 -0.004626
vn 0.06028 -0.9982 0.004692
vn -0.7446 -0.02055 -0.6672
vn 0.7286 0.03468 -0.6841
vn 0.7302 0.01771 -0.683
vn 0.06028 -0.9982 0.004691
vn -0.6121 -0.01674 0.7906
vn -0.6102 -0.03365 0.7915
vn -0.7681 -0.02171 -0.64
vn 0.06028 -0.9982 0.004692
vn 0.7286 0.03468 -0.6841
vn -0.7446 -0.02054 -0.6672
vn -0.05186 0.9987 0.002741
vn -0.8119 -0.02396 -0.5833
vn -0.6105 -0.0308 0.7914
vn -0.05186 0.9987 0.002741
vn -0.7446 -0.02053 -0.6672
vn -0.05186 0.9987 0.002741
vn -0.6103 -0.03222 0.7915
vn -0.6121 -0.01674 0.7906
vn 0.7302 0.01771 -0.683
vn 0.7286 0.03468 -0.6841
vn -0.05186 0.9987 0.002742
vn 0.04959 -0.9988 -0.004914
vn 0.04989 -0.9987 -0.004626
vn 0.5565 -0.5843 -0.5907
vn 0.541 -0.7112 0.4488
vn 0.0496 -0.9988 -0.004895
vn 0.5148 0.7 0.495
vn 0.3283 -0.9112 0.2487
vn -0.4952 -0.6423 0.585
vn -0.5117 -0.704 -0.4924
vn 0.5565 -0.5843 -0.5907
vn -0.3145 -0.9439 0.1009
vn -0.001482 0.002569 1
vn -0.0663 -0.9961 0.05835
vn -0.4456 -0.8888 0.107
vn -0.3304 0.3242 0.8864
vn -0.001488 0.002566 1
vn -0.08889 -0.02167 0.9958
vn -0.9785 0.2056 -0.01275
vn -0.8116 0.5537 0.1863
vn -0.2693 0.2624 -0.9266
vn -0.04403 -0.01718 0.9989
vn -0.4453 -0.5155 0.7321
vn -0.8745 -0.4689 0.1242
vn -0.8185 0.5578 0.1376
vn -0.5668 0.8112 0.1439
vn -0.4729 0.872 0.1266
vn -0.4706 0.8676 0.1606
vn -0.7056 0.6904 0.1593
vn -0.8116 0.5537 0.1863
vn -0.4182 0.8996 0.1254
vn -0.2647 0.9598 0.093
vn -0.2632 0.9541 0.1428
vn -0.4252 0.8928 0.1486
vn -0.4706 0.8676 0.1606
vn -0.4729 0.872 0.1266
vn -0.4185 0.9049 0.07769
vn -0.998 -0.04596 0.04346
vn -0.9959 -0.07616 0.0491
vn -0.2647 0.9598 0.093
vn -0.4182 0.8996 0.1254
vn -0.9781 -0.199 0.06043
vn -0.1198 0.9879 0.09812
vn -0.2632 0.9541 0.1428
vn -0.2647 0.9598 0.093
vn -0.9959 -0.07616 0.0491
vn -0.9988 -0.004065 0.04926
vn -0.001514 0.002593 1
vn -0.1198 0.9879 0.09812
vn -0.9781 -0.199 0.06043
vn 0.01729 -0.9986 0.05031
vn -0.001524 0.002548 1
vn -0.9988 -0.004065 0.04926
vn -0.0663 -0.9961 0.05835
vn -0.001506 0.002598 1
vn 0.01729 -0.9986 0.05031
vn -0.7056 0.6904 0.1593
vn -0.4706 0.8676 0.1606
vn -0.4252 0.8928 0.1486
vn -0.1607 0.1583 0.9742
vn 0.5852 -0.573 -0.5738
vn -0.5852 0.573 0.5738
vn -0.5852 0.573 0.5738
vn 0.5852 -0.573 -0.5738
vn -0.2632 0.9541 0.1428
vn -0.1198 0.9879 0.09812
vn -0.001516 0.002636 1
vn -0.4252 0.8928 0.1486
vn -0.9857 -0.004512 -0.1683
vn 0.9857 0.004515 0.1682
vn 0.9857 0.004512 0.1682
vn -0.9858 -0.004516 -0.1678
vn 0.02048 -0.0007352 0.9998
vn -0.5245 0.8385 0.1478
vn -0.5232 0.8391 0.149
vn -0.7509 -0.6585 0.04985
vn -0.8737 -0.4748 0.1061
vn -0.7626 -0.6365 0.115
vn -0.008493 0.02343 0.9997
vn -0.5232 0.8391 0.149
vn -0.5245 0.8385 0.1478
vn -0.7379 -0.6668 0.1043
vn -0.8241 -0.5574 0.101
vn -0.7627 -0.6362 0.1167
vn -0.7576 -0.6344 0.1535
vn -0.8332 -0.5107 0.212
vn -0.8298 -0.5168 0.2108
vn -0.5296 0.8477 0.0308
vn -0.02042 0.0329 0.9993
vn -0.008493 0.02343 0.9997
vn -0.7626 -0.6365 0.115
vn -0.6017 -0.7887 0.1261
vn -0.01296 0.03799 0.9992
vn -0.05729 0.03928 0.9976
vn -0.8241 -0.5574 0.101
vn -0.7379 -0.6668 0.1043
vn -0.1945 -0.974 0.1161
vn 0.005694 0.03813 0.9993
vn -0.001633 0.03881 0.9992
vn -0.01296 0.03799 0.9992
vn -0.6017 -0.7887 0.1261
vn -0.004109 0.9998 -0.02189
vn -0.4273 0.9041 0.005015
vn -0.005805 0.02863 0.9996
vn -0.05728 0.03928 0.9976
vn -0.01296 0.03799 0.9992
vn -0.001633 0.03881 0.9992
vn -0.8241 -0.5574 0.101
vn -0.05728 0.03928 0.9976
vn -0.8241 -0.5574 0.101
vn -0.7627 -0.6362 0.1167
vn -0.8241 -0.5574 0.101
vn -0.05727 0.03927 0.9976
vn -0.005759 0.02863 0.9996
vn 0.01827 0.02842 0.9994
vn -0.9406 -0.323 0.1049
vn -0.7576 -0.6344 0.1535
vn -0.7627 -0.6362 0.1167
vn -0.9406 -0.323 0.1049
vn -0.9686 -0.233 0.08647
vn -0.9696 -0.2334 0.07392
vn -0.993 0.0825 0.08502
vn -0.8286 0.5562 0.06335
vn -0.8332 -0.5107 0.212
vn -0.7576 -0.6344 0.1535
vn -0.993 0.0825 0.08502
vn -0.9944 0.06439 0.08353
vn -0.6748 0.7353 0.06316
vn -0.8286 0.5562 0.06335
vn -0.9944 0.06439 0.08353
vn -0.9929 0.0943 0.0728
vn -0.6735 0.734 0.08729
vn 0.08507 0.9902 0.1105
vn -0.5302 0.8466 0.04609
vn -0.6748 0.7353 0.06316
vn -0.6735 0.734 0.08729
vn -0.5517 0.8288 0.09376
vn -0.03089 0.9968 0.07401
vn 0.08551 0.9944 0.06189
vn -0.9929 0.0943 0.0728
vn -0.9854 0.1546 0.07074
vn -0.9291 0.368 0.03808
vn -0.5331 0.8448 0.04572
vn -0.5536 0.8314 0.04741
vn -0.5517 0.8288 0.09376
vn -0.6735 0.734 0.08729
vn -0.03089 0.9968 0.07401
vn -0.5517 0.8288 0.09376
vn -0.5536 0.8314 0.04741
vn 0.06703 0.9972 0.03311
vn -0.03468 0.9985 0.04261
vn -0.5331 0.8448 0.04572
vn -0.7751 0.6316 0.01801
vn 0.06622 0.9978 -0.003293
vn 0.06703 0.9972 0.03311
vn -0.5536 0.8314 0.04741
vn 0.342 0.9395 -0.02022
vn 0.3397 0.9402 0.02575
vn -0.03468 0.9985 0.04261
vn 0.06703 0.9972 0.03311
vn 0.06622 0.9978 -0.003293
vn -0.0005108 1 -0.00654
vn 0.2911 0.9565 -0.01628
vn -0.7751 0.6316 0.01801
vn -0.7751 0.6316 0.01576
vn -0.1705 0.9853 0.005925
vn -0.0005108 1 -0.00654
vn 0.06622 0.9978 -0.003293
vn 0.2913 0.9563 -0.02595
vn 0.2911 0.9565 -0.01628
vn -0.0005108 1 -0.00654
vn -0.1705 0.9853 0.005925
vn -0.1705 0.9853 0.006156
vn 0.07781 0.997 -0.001429
vn 0.1762 0.9842 -0.01692
vn 0.1167 0.9929 -0.02122
vn 0.2913 0.9563 -0.02595
vn 0.07781 0.997 -0.001429
vn 0.07037 0.9975 -0.001821
vn -0.02161 0.9996 0.01912
vn -0.02157 0.9997 -0.01502
vn 0.01314 0.9999 -0.01107
vn 0.1762 0.9842 -0.01692
vn 0.07037 0.9975 -0.001821
vn 0.07033 0.9974 0.01702
vn -0.02603 0.9995 0.01971
vn -0.272 0.962 0.02185
vn -0.02161 0.9996 0.01912
vn -0.02603 0.9995 0.01971
vn -0.02602 0.9996 0.01261
vn -0.1911 0.9815 0.01444
vn -0.272 0.9619 0.02741
vn -0.2165 0.9762 0.01312
vn -0.272 0.962 0.02185
vn -0.272 0.9619 0.02741
vn -0.3979 0.917 0.02867
vn -0.3881 0.9212 0.02688
vn -0.3882 0.9214 0.01529
vn -0.1911 0.9815 0.01444
vn -0.1911 0.9815 0.005485
vn -0.2964 0.9551 0.006451
vn -0.3979 0.917 0.02961
vn -0.3979 0.917 0.02867
vn -0.272 0.9619 0.02741
vn -0.5589 0.8275 0.05315
vn -0.5594 0.8283 0.031
vn -0.3881 0.9212 0.02688
vn -0.3979 0.917 0.02867
vn -0.3979 0.917 0.02961
vn -0.4584 0.8882 0.03153
vn -0.4306 0.9025 -0.006349
vn -0.4586 0.8886 0.008074
vn -0.4584 0.8882 0.03153
vn -0.3979 0.917 0.02961
vn -0.2964 0.9551 0.006451
vn -0.2963 0.955 -0.01024
vn -0.4484 0.8934 -0.02678
vn -0.4441 0.8955 -0.02797
vn -0.4339 0.9003 -0.03485
vn -0.4306 0.9025 -0.006349
vn -0.2962 0.9551 -0.01021
vn -0.2979 0.9542 -0.02755
vn -0.4484 0.8933 -0.03268
vn -0.4484 0.8934 -0.02678
vn -0.2979 0.9542 -0.02755
vn -0.2966 0.9546 -0.02793
vn -0.2961 0.9531 -0.06265
vn -0.3059 0.9499 -0.06333
vn -0.3125 0.9478 -0.06289
vn -0.2964 0.955 -0.01027
vn -0.1803 0.9833 -0.02369
vn -0.185 0.9825 -0.02127
vn -0.1857 0.982 -0.03394
vn -0.2966 0.9546 -0.02793
vn -0.2979 0.9542 -0.02755
vn -0.2962 0.9551 -0.01021
vn -0.2964 0.9551 0.006451
vn -0.1911 0.9815 0.005485
vn -0.1804 0.9836 0.003567
vn -0.1803 0.9833 -0.02369
vn -0.2964 0.955 -0.01027
vn -0.185 0.9825 -0.02127
vn -0.1803 0.9833 -0.02369
vn -0.1804 0.9836 0.003567
vn -0.03049 0.9995 0.001869
vn -0.04532 0.999 0.00367
vn -0.04527 0.9987 -0.02351
vn -0.02602 0.9996 0.01261
vn -0.0305 0.9994 0.01314
vn -0.03049 0.9995 0.001869
vn -0.1804 0.9836 0.003567
vn -0.1911 0.9815 0.005485
vn -0.1911 0.9815 0.01444
vn 0.07033 0.9974 0.01702
vn 0.09694 0.9952 0.01385
vn 0.09691 0.995 0.02205
vn -0.03484 0.9993 0.01323
vn -0.0305 0.9994 0.01314
vn -0.02602 0.9996 0.01261
vn -0.02603 0.9995 0.01971
vn -0.1705 0.9853 0.006156
vn -0.2068 0.9783 0.008662
vn -0.2068 0.9781 0.02323
vn 0.09694 0.9952 0.01385
vn 0.07033 0.9974 0.01702
vn 0.07037 0.9975 -0.001821
vn 0.07781 0.997 -0.001429
vn -0.7751 0.6316 0.01576
vn -0.819 0.5734 0.01999
vn -0.8416 0.5398 0.01774
vn -0.2068 0.9783 0.008662
vn -0.1705 0.9853 0.006156
vn -0.1705 0.9853 0.005925
vn -0.5331 0.8448 0.04572
vn -0.9291 0.368 0.03808
vn -0.9989 -0.006056 0.04583
vn -0.9979 0.0531 0.0375
vn -0.9982 0.05294 0.02848
vn -0.997 0.07125 0.02983
vn -0.819 0.5734 0.01999
vn -0.7751 0.6316 0.01576
vn -0.7751 0.6316 0.01801
vn -0.8416 0.5398 0.01774
vn -0.819 0.5734 0.01999
vn -0.997 0.07125 0.02983
vn 0.4015 0.8604 -0.3138
vn -0.03109 0.9348 0.3538
vn 0.3465 0.6811 0.645
vn -0.7555 -0.6387 -0.146
vn -0.9719 0.2352 0.0002513
vn -0.8026 0.5963 0.0157
vn -0.2068 0.9783 0.008662
vn -0.8416 0.5398 0.01774
vn -0.8026 0.5963 0.0157
vn -0.8026 0.5963 0.01646
vn -0.6658 0.7456 0.0277
vn -0.1548 0.9878 0.01924
vn -0.2068 0.9781 0.02323
vn -0.9719 0.2352 0.0002513
vn -0.9763 0.2162 0.0004802
vn -0.9621 0.2725 -0.008919
vn -0.9621 0.2726 0.01068
vn -0.8026 0.5963 0.01646
vn -0.8026 0.5963 0.0157
vn -0.6658 0.7456 0.0277
vn -0.8026 0.5963 0.01646
vn -0.9621 0.2726 0.01068
vn -0.9171 0.3986 0.002211
vn -0.9168 0.3984 0.02803
vn -0.6658 0.7456 0.02766
vn -0.9621 0.2725 -0.008919
vn -0.8593 0.5114 -0.0008668
vn -0.8017 0.5975 -0.0158
vn -0.8018 0.5976 0.00183
vn -0.9171 0.3986 0.002211
vn -0.9621 0.2726 0.01068
vn -0.9168 0.3984 0.02803
vn -0.9171 0.3986 0.002211
vn -0.8018 0.5976 0.00183
vn -0.7148 0.6993 -0.007337
vn -0.7148 0.6993 0.007329
vn -0.7319 0.6814 0.007475
vn -0.6658 0.7456 0.02766
vn -0.9168 0.3984 0.02803
vn -0.7319 0.6814 0.007475
vn -0.7317 0.6814 0.01654
vn -0.6039 0.797 0.01131
vn -0.6038 0.7965 0.03186
vn -0.7148 0.6993 0.007329
vn -0.6403 0.7682 -0.000873
vn -0.6403 0.768 0.01071
vn -0.6873 0.7263 0.01178
vn -0.7317 0.6814 0.01654
vn -0.7319 0.6814 0.007475
vn -0.6039 0.797 0.01131
vn -0.7317 0.6814 0.01654
vn -0.6873 0.7263 0.01178
vn -0.6856 0.7263 0.04923
vn -0.8034 0.5951 0.01954
vn -0.4953 0.8685 0.01962
vn -0.3022 0.9532 -0.01012
vn -0.3031 0.9529 0.01296
vn -0.6403 0.768 0.01071
vn -0.6082 0.7938 0.007321
vn -0.6068 0.7933 0.05057
vn -0.6856 0.7263 0.04923
vn -0.6873 0.7263 0.01178
vn -0.8034 0.5951 0.01954
vn -0.6856 0.7263 0.04923
vn -0.6068 0.7933 0.05057
vn -0.6043 0.7952 0.04998
vn -0.603 0.7942 0.07447
vn -0.7159 0.6966 0.0479
vn -0.8026 0.5947 0.04705
vn -0.4953 0.8685 0.01962
vn -0.8034 0.5951 0.01954
vn -0.8026 0.5947 0.04705
vn -0.8792 0.4755 0.02859
vn -0.7199 0.6938 0.0199
vn -0.495 0.8687 -0.01956
vn -0.7159 0.6966 0.0479
vn -0.7142 0.695 0.08369
vn -0.7425 0.6675 0.05667
vn -0.8783 0.4754 0.05162
vn -0.8791 0.4758 0.02858
vn -0.8026 0.5947 0.04705
vn -0.603 0.7942 0.07447
vn -0.4792 0.8743 0.07662
vn -0.5036 0.8598 0.08461
vn -0.5021 0.8572 0.1143
vn -0.5246 0.8463 0.09188
vn -0.7142 0.695 0.08369
vn -0.7159 0.6966 0.0479
vn -0.7425 0.6675 0.05667
vn -0.7142 0.695 0.08369
vn -0.5246 0.8463 0.09188
vn -0.533 0.8368 0.1252
vn -0.5319 0.8375 0.1255
vn -0.7553 0.6474 0.1015
vn -0.5021 0.8572 0.1143
vn -0.201 0.9716 0.1249
vn -0.2026 0.9689 0.1423
vn -0.533 0.8368 0.1252
vn -0.5246 0.8463 0.09188
vn -0.5036 0.8598 0.08461
vn -0.4783 0.8726 0.09951
vn -0.1924 0.9755 0.107
vn -0.1918 0.9723 0.1338
vn -0.201 0.9716 0.1249
vn -0.5021 0.8572 0.1143
vn -0.4792 0.8743 0.07662
vn -0.3711 0.9245 0.08712
vn 0.9991 0.03752 -0.019
vn 0.4251 -0.7734 0.4703
vn 0.4242 -0.774 0.4701
vn -0.4783 0.8726 0.09951
vn -0.5036 0.8598 0.08461
vn -0.6043 0.7952 0.04998
vn -0.372 0.9266 0.05455
vn -0.3712 0.9244 0.0871
vn -0.4792 0.8743 0.07662
vn -0.603 0.7942 0.07447
vn -0.6082 0.7938 0.007321
vn -0.3656 0.9307 0.006266
vn -0.3654 0.9291 0.05612
vn -0.372 0.9266 0.05455
vn -0.6043 0.7952 0.04998
vn -0.6068 0.7933 0.05057
vn -0.6403 0.7682 -0.000873
vn -0.3249 0.9458 -0.0007225
vn -0.277 0.9608 -0.004841
vn -0.277 0.9608 0.01343
vn -0.3656 0.9307 0.006266
vn -0.6082 0.7938 0.007321
vn -0.6403 0.768 0.01071
vn -0.7148 0.6993 -0.007337
vn -0.4006 0.9162 -0.004356
vn -0.3249 0.9457 -0.009619
vn -0.3249 0.9458 -0.0007225
vn -0.6403 0.7682 -0.000873
vn -0.7148 0.6993 0.007329
vn -0.8017 0.5975 -0.0158
vn -0.463 0.8863 -0.009046
vn -0.4006 0.9161 -0.01756
vn -0.4006 0.9162 -0.004356
vn -0.7148 0.6993 -0.007337
vn -0.8018 0.5976 0.00183
vn -0.8593 0.5114 -0.0008668
vn -0.8052 0.5043 -0.312
vn -0.8019 0.5114 -0.3088
vn -0.3554 0.9096 -0.2151
vn -0.2627 0.9392 -0.2211
vn -0.463 0.8863 -0.009046
vn -0.8017 0.5975 -0.0158
vn -0.9763 0.2162 0.0004802
vn -0.9544 -0.09464 -0.2832
vn -0.9581 -0.06627 -0.2785
vn -0.8052 0.5043 -0.312
vn -0.8593 0.5114 -0.0008668
vn -0.9621 0.2725 -0.008919
vn -0.7555 -0.6387 -0.146
vn -0.9544 -0.09464 -0.2832
vn -0.9763 0.2162 0.0004802
vn -0.9719 0.2352 0.0002513
vn 0.3465 0.6811 0.645
vn -0.7555 -0.6387 -0.146
vn -0.03109 0.9348 0.3538
vn -0.4837 0.87 0.0952
vn -0.8563 0.5148 -0.04055
vn -1 0.003874 0.001442
vn -0.8671 -0.4562 0.2002
vn -0.5168 -0.7164 0.4687
vn -0.03001 -0.6558 0.7543
vn 0.3427 -0.3006 0.8901
vn 0.4863 0.2104 0.8481
vn 0.3465 0.6811 0.645
vn 0.4015 0.8604 -0.3138
vn -0.1868 0.8454 -0.5004
vn -0.4837 0.87 0.0952
vn -0.03109 0.9348 0.3538
vn -0.9982 0.05294 0.02848
vn -0.9799 0.1989 0.01715
vn -0.5872 0.4115 -0.6971
vn -0.1868 0.8454 -0.5004
vn 0.4015 0.8604 -0.3138
vn -0.997 0.07125 0.02983
vn -0.9979 0.0531 0.0375
vn -0.7773 0.629 0.01468
vn -0.79 0.6129 0.01679
vn -0.9799 0.1989 0.01715
vn -0.9982 0.05294 0.02848
vn -0.5872 0.4115 -0.6971
vn -0.9799 0.1989 0.01715
vn -0.79 0.6129 0.01679
vn -0.7776 0.6286 0.01479
vn -0.7287 -0.1375 -0.6709
vn -0.579 0.4207 -0.6984
vn -0.8563 0.5148 -0.04055
vn -0.4837 0.87 0.0952
vn -0.1868 0.8454 -0.5004
vn -0.5872 0.4115 -0.6971
vn -0.579 0.4207 -0.6984
vn -1 0.003874 0.001442
vn -0.8563 0.5148 -0.04055
vn -0.579 0.4207 -0.6984
vn -0.7287 -0.1375 -0.6709
vn -0.7376 -0.1614 -0.6557
vn -0.7776 0.6286 0.01479
vn -0.442 0.897 0.007764
vn -0.3929 0.9196 0.001851
vn -0.5887 -0.6922 -0.4174
vn -0.7376 -0.1614 -0.6557
vn -0.7287 -0.1375 -0.6709
vn -0.8671 -0.4562 0.2002
vn -1 0.003874 0.001442
vn -0.7376 -0.1614 -0.6557
vn -0.5887 -0.6922 -0.4174
vn -0.5168 -0.7164 0.4687
vn -0.8671 -0.4562 0.2002
vn -0.5887 -0.6922 -0.4175
vn -0.393 0.9195 0.001852
vn -0.00401 1 -0.004187
vn -0.003836 1 -0.003928
vn 0.28 0.96 -0.002876
vn -0.5168 -0.7164 0.4687
vn 0.28 0.96 -0.002877
vn -0.463 0.8863 -0.009046
vn -0.2627 0.9392 -0.2211
vn 0.28 0.96 -0.002877
vn -0.003836 1 -0.003928
vn -0.003057 1 -0.00517
vn -0.004139 1 -0.005499
vn -0.4006 0.9161 -0.01756
vn -0.004133 1 -0.004193
vn -0.004253 1 -0.005172
vn -0.003057 1 -0.00517
vn -0.003836 1 -0.003928
vn -0.442 0.897 0.007764
vn -0.4421 0.897 0.001058
vn -0.4521 0.892 0.000652
vn -0.004122 0.9999 -0.01294
vn -0.004073 1 -0.004196
vn -0.393 0.9195 0.001851
vn -0.393 0.9195 0.001851
vn -0.5887 -0.6922 -0.4174
vn -0.79 0.6129 0.0168
vn -0.4421 0.897 0.001058
vn -0.442 0.897 0.007764
vn -0.7776 0.6286 0.01479
vn -0.79 0.6129 0.01679
vn -0.7773 0.629 0.01468
vn -0.7772 0.6289 0.02292
vn -0.4929 0.8701 0.001623
vn -0.4521 0.892 -0.003717
vn -0.4521 0.892 0.000652
vn -0.4421 0.897 0.001058
vn -0.79 0.6129 0.0168
vn -0.004122 0.9999 -0.01294
vn -0.4521 0.892 0.000652
vn -0.4521 0.892 -0.003717
vn -0.004105 0.9997 -0.02305
vn -0.004121 0.9999 -0.01294
vn -0.004105 0.9998 -0.02189
vn -0.004104 0.9997 -0.02305
vn -0.4521 0.892 -0.003717
vn -0.4929 0.8701 0.001623
vn -0.4929 0.8701 0.002229
vn -0.4273 0.9041 0.005014
vn -0.7772 0.6289 0.02292
vn -0.8224 0.5681 0.03174
vn -0.8224 0.5681 0.03034
vn -0.4929 0.8701 0.002229
vn -0.4929 0.8701 0.001623
vn -0.9989 -0.006056 0.04583
vn -0.9982 -0.005113 0.05943
vn -0.8224 0.5681 0.03174
vn -0.7772 0.6289 0.02292
vn -0.7773 0.629 0.01468
vn -0.9979 0.0531 0.0375
vn -0.9854 0.1546 0.07074
vn -0.9977 -0.03299 0.0586
vn -0.9983 0.006373 0.0575
vn -0.9982 -0.005113 0.05943
vn -0.9989 -0.006056 0.04583
vn -0.9291 0.368 0.03808
vn -0.9696 -0.2334 0.07392
vn -0.9977 -0.03299 0.0586
vn -0.9854 0.1546 0.07074
vn -0.9929 0.0943 0.0728
vn -0.9944 0.06439 0.08353
vn -0.993 0.0825 0.08502
vn -0.9686 -0.233 0.08647
vn -0.9977 -0.001556 0.06816
vn -0.9978 0.006423 0.06593
vn -0.9983 0.006373 0.0575
vn -0.9977 -0.03299 0.0586
vn -0.9696 -0.2334 0.07392
vn -0.8224 0.5681 0.03034
vn -0.8224 0.5681 0.03174
vn -0.9982 -0.005113 0.05943
vn -0.9983 0.006373 0.0575
vn -0.9978 0.006423 0.06593
vn -0.8573 0.5133 0.0407
vn -0.02934 0.03687 0.9989
vn 0.01824 0.02842 0.9994
vn -0.005714 0.02862 0.9996
vn -0.4273 0.9041 0.005014
vn -0.4929 0.8701 0.002229
vn -0.8224 0.5681 0.03034
vn -0.8573 0.5133 0.0407
vn -0.02937 0.03687 0.9989
vn 0.7367 -0.4303 0.5216
vn -0.7367 0.4303 -0.5216
vn -0.8329 0.4931 -0.2513
vn -0.8573 0.5133 0.0407
vn -0.9978 0.006423 0.06593
vn -0.9977 -0.001568 0.06817
vn 0.4107 -0.2284 0.8827
vn -0.9977 -0.001544 0.06816
vn -0.02934 0.03687 0.9989
vn -0.9977 -0.001568 0.06817
vn -0.9686 -0.233 0.08647
vn -0.9406 -0.323 0.1049
vn 0.01821 0.02842 0.9994
vn -0.02932 0.03686 0.9989
vn -0.9977 -0.001544 0.06816
vn 0.01824 0.02842 0.9994
vn -0.9406 -0.323 0.1049
vn -0.4273 0.9041 0.005014
vn -0.005759 0.02863 0.9996
vn -0.002055 0.9998 -0.02176
vn 0.4198 0.9076 0.006264
vn 0.4856 0.8742 0.003673
vn 0.4856 0.8741 0.003068
vn 0.4447 0.8957 -0.002391
vn -0.004103 0.9997 -0.02305
vn -0.004109 0.9998 -0.02189
vn 0 -0.3354 0.9421
vn -0.002055 0.9998 -0.02176
vn -0.4198 -0.9076 -0.001207
vn 0.4198 0.9076 0.006264
vn 0.6844 0.4039 -0.6071
vn 0.8529 0.5203 0.04323
vn 0.8176 0.5749 0.03276
vn 0.4856 0.8742 0.003673
vn 0.4198 0.9076 0.006264
vn -0.2993 -0.6305 0.7162
vn -0.0215 0.02825 0.9994
vn -0.04894 -0.008564 0.9988
vn 0.05399 0.03973 0.9978
vn 0.8284 -0.5505 0.1035
vn 0.7676 -0.6298 0.119
vn 0.9429 -0.3152 0.1077
vn -0.0215 0.02825 0.9994
vn 0.002568 0.02866 0.9996
vn -0.0215 0.02825 0.9994
vn 0.9429 -0.3152 0.1077
vn 0.992 0.09074 0.08795
vn 0.9713 -0.2253 0.07679
vn 0.9703 -0.225 0.08933
vn 0.9429 -0.3152 0.1077
vn 0.7676 -0.6298 0.119
vn 0.7624 -0.6281 0.1558
vn 0.8284 -0.5505 0.1035
vn 0.7431 -0.6606 0.1065
vn 0.7675 -0.6302 0.1173
vn 0.005337 0.02349 0.9997
vn 0.01722 0.03309 0.9993
vn 0.5225 0.852 0.03235
vn 0.8334 -0.5099 0.2132
vn 0.8368 -0.5037 0.2144
vn 0.7624 -0.6281 0.1558
vn 0.7676 -0.6298 0.119
vn 0.8284 -0.5505 0.1035
vn 0.5145 0.8568 0.03441
vn -0.006368 0.005565 1
vn 0.8334 -0.5099 0.2132
vn 0.5225 0.852 0.03235
vn 0.655 -0.7552 0.02475
vn 0.5145 0.8568 0.03441
vn 0.5225 0.852 0.03235
vn 0.01722 0.03309 0.9993
vn 0.054 0.03973 0.9978
vn 0.8284 -0.5505 0.1035
vn 0.05399 0.03973 0.9978
vn 0.9978 -0.02472 0.06155
vn 0.9981 0.01463 0.06045
vn 0.9975 0.01468 0.06888
vn 0.9974 0.006706 0.07111
vn 0.9703 -0.225 0.08933
vn 0.9713 -0.2253 0.07679
vn 0.9839 0.1627 0.07365
vn 0.9259 0.3757 0.04082
vn 0.9988 0.002204 0.04878
vn 0.998 0.00314 0.06238
vn 0.9981 0.01463 0.06045
vn 0.9978 -0.02472 0.06155
vn 0.5259 0.8492 0.04729
vn 0.7698 0.638 0.02029
vn 0.7698 0.638 0.01804
vn 0.8793 0.4753 0.02951
vn 0.9976 0.06119 0.03088
vn 0.9973 0.06136 0.04045
vn 0.9988 0.002204 0.04878
vn 0.9259 0.3757 0.04082
vn 0.5465 0.836 0.04903
vn -0.07539 0.9966 0.0329
vn -0.07448 0.9972 -0.003503
vn 0.7698 0.638 0.02029
vn 0.5259 0.8492 0.04729
vn 0.02632 0.9987 0.0427
vn -0.3475 0.9373 0.02474
vn -0.3497 0.9366 -0.02124
vn -0.299 0.9541 -0.01715
vn -0.007772 0.9999 -0.006552
vn -0.07448 0.9972 -0.003503
vn -0.07539 0.9966 0.0329
vn -0.3756 0.9266 0.02053
vn -0.2106 0.9771 0.02957
vn -0.1397 0.99 0.02042
vn -0.1397 0.9901 -0.0116
vn -0.3497 0.9366 -0.02124
vn -0.3475 0.9373 0.02474
vn -0.373 0.9268 0.04302
vn -0.5353 0.8445 0.01746
vn -0.2595 0.9651 0.0367
vn -0.2106 0.9771 0.03172
vn -0.2106 0.9771 0.02957
vn -0.3756 0.9266 0.02053
vn -0.08012 0.9961 0.03575
vn -0.04831 0.9983 0.033
vn -0.04831 0.9986 0.02302
vn -0.1397 0.99 0.02042
vn -0.2106 0.9771 0.02957
vn -0.2106 0.9771 0.03172
vn 0.06692 0.9966 0.0487
vn 0.1512 0.9873 0.04868
vn 0.1643 0.9853 0.04629
vn 0.1644 0.9859 0.03036
vn 0.1329 0.991 0.01461
vn -0.02128 0.9997 0.01199
vn -0.04831 0.9986 0.02302
vn -0.04831 0.9983 0.033
vn 0.1494 0.9827 0.1091
vn 0.4455 0.8879 0.115
vn 0.4483 0.8915 0.06476
vn 0.3754 0.9255 0.04988
vn 0.1643 0.9853 0.04629
vn 0.1512 0.9873 0.04868
vn 0.6216 0.7807 0.06433
vn 0.622 0.7817 0.04494
vn 0.6082 0.7929 0.03724
vn 0.3757 0.9261 0.03415
vn 0.3754 0.9255 0.04988
vn 0.4483 0.8915 0.06476
vn 0.6085 0.7935 -0.009874
vn 0.5939 0.8044 -0.01298
vn 0.4015 0.9157 -0.01553
vn 0.3748 0.9271 -0.01105
vn 0.3745 0.9266 0.03358
vn 0.3757 0.9261 0.03415
vn 0.6082 0.7929 0.03724
vn 0.1644 0.9859 0.03036
vn 0.1643 0.9853 0.04629
vn 0.3754 0.9255 0.04988
vn 0.3757 0.9261 0.03415
vn 0.3745 0.9266 0.03358
vn 0.1329 0.991 0.01461
vn 0.1644 0.9859 0.03036
vn 0.3745 0.9266 0.03358
vn 0.3748 0.9271 -0.01105
vn 0.1328 0.9911 -0.01238
vn 0.4015 0.9157 -0.01553
vn 0.4016 0.9157 -0.01265
vn 0.2085 0.9779 -0.01518
vn 0.1818 0.9833 -0.01135
vn 0.1818 0.9833 -0.003061
vn 0.1328 0.9911 -0.01238
vn 0.3748 0.9271 -0.01105
vn -0.02128 0.9997 0.01199
vn 0.1329 0.991 0.01461
vn 0.1328 0.9911 -0.01238
vn 0.1818 0.9833 -0.003061
vn -0.02133 0.9997 -0.00804
vn -0.1397 0.9901 -0.0116
vn -0.1397 0.99 0.02042
vn -0.04831 0.9986 0.02302
vn -0.02128 0.9997 0.01199
vn -0.02126 0.9997 -0.008049
vn -0.1249 0.9921 -0.01181
vn -0.299 0.9541 -0.01715
vn -0.3497 0.9366 -0.02124
vn -0.1397 0.9901 -0.0116
vn -0.1249 0.9921 -0.01181
vn -0.1249 0.9919 -0.02158
vn -0.2991 0.9538 -0.02683
vn -0.007772 0.9999 -0.006552
vn -0.299 0.9541 -0.01715
vn -0.2991 0.9538 -0.02683
vn -0.08605 0.9963 -0.00167
vn 0.1624 0.9867 0.006649
vn 0.1624 0.9867 0.00642
vn 0.7698 0.638 0.01804
vn 0.7698 0.638 0.02029
vn -0.07448 0.9972 -0.003503
vn -0.007772 0.9999 -0.006552
vn 0.1624 0.9867 0.00642
vn 0.8793 0.4753 0.02951
vn 0.7698 0.638 0.01804
vn 0.1624 0.9867 0.00642
vn 0.1624 0.9867 0.006649
vn 0.1987 0.98 0.009262
vn 0.7976 0.6029 0.0197
vn 0.9587 0.2844 0.004504
vn 0.9976 0.06119 0.03088
vn 0.8793 0.4753 0.02951
vn 0.9587 0.2844 0.004504
vn 0.9897 0.143 0.001757
vn 0.9866 0.1623 0.01856
vn 0.7976 0.6029 0.0197
vn 0.7976 0.6029 0.01883
vn 0.9597 0.2805 0.01352
vn 0.9597 0.2804 -0.01741
vn 0.9897 0.143 0.001757
vn 0.9587 0.2844 0.004504
vn 0.9866 0.1623 0.01856
vn 0.9897 0.143 0.001757
vn 0.9597 0.2804 -0.01741
vn 0.8324 0.5539 -0.01579
vn 0.8324 0.554 0.0176
vn 0.7849 0.6195 0.01064
vn 0.9597 0.2805 0.01352
vn 0.9138 0.4061 0.004916
vn 0.7968 0.6042 0.004192
vn 0.7967 0.604 -0.02257
vn 0.8324 0.5539 -0.01579
vn 0.9597 0.2804 -0.01741
vn 0.7976 0.6029 0.01883
vn 0.6595 0.7511 0.02965
vn 0.6595 0.7511 0.02962
vn 0.9134 0.406 0.03073
vn 0.9138 0.4061 0.004916
vn 0.9597 0.2805 0.01352
vn 0.7968 0.6042 0.004192
vn 0.9138 0.4061 0.004916
vn 0.9134 0.406 0.03073
vn 0.7262 0.6874 0.009628
vn 0.7089 0.7052 0.009431
vn 0.709 0.7052 -0.005233
vn 0.6595 0.7511 0.02962
vn 0.597 0.8015 0.03363
vn 0.5973 0.8019 0.01309
vn 0.726 0.6874 0.0187
vn 0.7262 0.6874 0.009628
vn 0.9134 0.406 0.03073
vn 0.7089 0.7052 0.009431
vn 0.7262 0.6874 0.009628
vn 0.726 0.6874 0.0187
vn 0.6812 0.732 0.01381
vn 0.6339 0.7733 0.0126
vn 0.6339 0.7734 0.001009
vn 0.5973 0.8019 0.01309
vn 0.2952 0.9553 0.01384
vn 0.2943 0.9557 -0.009236
vn 0.4881 0.8726 0.02108
vn 0.7984 0.6017 0.02191
vn 0.6794 0.7319 0.05125
vn 0.6812 0.732 0.01381
vn 0.726 0.6874 0.0187
vn 0.6339 0.7733 0.0126
vn 0.6812 0.732 0.01381
vn 0.6794 0.7319 0.05125
vn 0.6 0.7983 0.05236
vn 0.6015 0.7988 0.009109
vn 0.6339 0.7734 0.001009
vn 0.6339 0.7733 0.0126
vn 0.6015 0.7988 0.009109
vn 0.3579 0.9337 0.007335
vn 0.269 0.963 0.01423
vn 0.2691 0.9631 -0.004034
vn 0.317 0.9484 0.0002258
vn 0.7089 0.7052 0.009431
vn 0.6339 0.7734 0.001009
vn 0.317 0.9484 0.0002258
vn 0.317 0.9484 -0.008671
vn 0.3931 0.9195 -0.003183
vn 0.709 0.7052 -0.005233
vn 0.2691 0.9631 -0.004034
vn 0.0917 0.9958 -0.003538
vn 0.04191 0.9991 0.002163
vn 0.04192 0.9991 -0.004031
vn 0.317 0.9484 -0.008671
vn 0.317 0.9484 0.0002258
vn 0.3931 0.9195 -0.003183
vn 0.317 0.9484 -0.008671
vn 0.04192 0.9991 -0.004031
vn -0.004144 1 0.002098
vn -0.004133 1 -0.005203
vn 0.3818 0.9241 -0.01591
vn 0.393 0.9194 -0.01762
vn 0.04192 0.9991 0.00216
vn -0.05019 0.9987 0.002026
vn -0.05019 0.9987 -0.004166
vn -0.004147 1 0.002098
vn 0.04192 0.9991 -0.004031
vn 0.04191 0.9991 0.002164
vn 0.03528 0.9994 0.002154
vn 0.04192 0.9991 0.00216
vn 0.04191 0.9991 0.002164
vn 0.2054 0.9787 0.002361
vn 0.04191 0.9991 0.002164
vn 0.0917 0.9958 -0.003538
vn 0.09165 0.9956 0.01858
vn -0.09995 0.9948 0.01829
vn -0.09994 0.995 -0.003821
vn 0.07827 0.9969 0.002213
vn 0.04191 0.9991 0.002164
vn 0.2691 0.9631 -0.004034
vn 0.269 0.963 0.01423
vn 0.1361 0.9906 0.01458
vn 0.09165 0.9956 0.01858
vn 0.0917 0.9958 -0.003538
vn -0.09995 0.9948 0.01829
vn 0.09165 0.9956 0.01858
vn 0.1361 0.9906 0.01458
vn 0.1358 0.9891 0.05732
vn -0.295 0.9539 0.05475
vn -0.1443 0.9894 0.01417
vn -0.277 0.9608 0.01343
vn -0.277 0.9608 -0.004841
vn -0.09994 0.995 -0.003821
vn -0.09995 0.9948 0.01829
vn -0.1443 0.9894 0.01417
vn -0.3249 0.9458 -0.0007225
vn -0.3249 0.9457 -0.009619
vn -0.05019 0.9987 -0.004166
vn -0.05019 0.9987 0.002027
vn -0.09994 0.995 -0.003821
vn -0.277 0.9608 -0.004841
vn -0.4006 0.9162 -0.004356
vn -0.4006 0.9161 -0.01756
vn -0.004139 1 -0.005499
vn -0.00415 1 0.002098
vn -0.05019 0.9987 -0.004166
vn -0.3249 0.9457 -0.009619
vn -0.3554 0.9096 -0.2151
vn -0.03001 -0.6558 0.7543
vn -0.5168 -0.7164 0.4687
vn 0.28 0.96 -0.002878
vn -0.2627 0.9392 -0.2211
vn -0.8019 0.5114 -0.3088
vn 0.3427 -0.3006 0.8901
vn -0.03001 -0.6558 0.7543
vn -0.3554 0.9096 -0.2151
vn -0.8019 0.5114 -0.3088
vn -0.8052 0.5043 -0.312
vn -0.9581 -0.06627 -0.2785
vn 0.4863 0.2104 0.8481
vn 0.3427 -0.3006 0.8901
vn -0.9581 -0.06627 -0.2785
vn -0.9544 -0.09464 -0.2832
vn -0.7555 -0.6387 -0.146
vn 0.3465 0.6811 0.645
vn 0.4863 0.2104 0.8481
vn -0.003057 1 -0.00517
vn -0.004193 1 -0.005187
vn -0.004147 1 0.002098
vn -0.004139 1 -0.005499
vn -0.004255 1 -0.004188
vn 0.3818 0.9242 0.003324
vn 0.3818 0.9241 -0.01591
vn -0.004193 1 -0.005187
vn -0.004135 1 -0.004204
vn -0.004122 0.9999 -0.01294
vn 0.4447 0.8957 0.001977
vn 0.4346 0.9006 0.002354
vn 0.4345 0.9006 0.008493
vn 0.3818 0.9242 0.003324
vn -0.004255 1 -0.004188
vn -0.004104 0.9997 -0.02305
vn 0.4447 0.8957 -0.002391
vn 0.4447 0.8957 0.001977
vn -0.004121 0.9999 -0.01294
vn 0.4856 0.8741 0.003068
vn 0.7719 0.6353 0.0252
vn 0.772 0.6354 0.01697
vn 0.7848 0.6194 0.01912
vn 0.4346 0.9006 0.002354
vn 0.4447 0.8957 0.001977
vn 0.4447 0.8957 -0.002391
vn 0.4856 0.8742 0.003673
vn 0.8176 0.5749 0.03276
vn 0.8175 0.5749 0.03417
vn 0.7719 0.6353 0.0252
vn 0.4856 0.8741 0.003068
vn 0.8529 0.5203 0.04323
vn 0.9975 0.01468 0.06888
vn 0.9981 0.01463 0.06045
vn 0.998 0.00314 0.06238
vn 0.8175 0.5749 0.03417
vn 0.8176 0.5749 0.03276
vn 0.9988 0.002204 0.04878
vn 0.9973 0.06136 0.04045
vn 0.772 0.6354 0.01697
vn 0.7719 0.6353 0.0252
vn 0.8175 0.5749 0.03417
vn 0.998 0.00314 0.06238
vn 0.9976 0.06119 0.03088
vn 0.9866 0.1623 0.01856
vn 0.7849 0.6195 0.01064
vn 0.7848 0.6194 0.01912
vn 0.772 0.6354 0.01697
vn 0.9973 0.06136 0.04045
vn 0.8324 0.554 0.0176
vn 0.4345 0.9006 0.008493
vn 0.4346 0.9006 0.002354
vn 0.7848 0.6194 0.01912
vn 0.7849 0.6195 0.01064
vn 0.8324 0.5539 -0.01579
vn 0.7967 0.604 -0.02257
vn 0.393 0.9194 -0.01762
vn 0.3818 0.9241 -0.01591
vn 0.3818 0.9242 0.003324
vn 0.4345 0.9006 0.008493
vn 0.8324 0.554 0.0176
vn 0.7968 0.6042 0.004192
vn 0.709 0.7052 -0.005233
vn 0.3931 0.9195 -0.003183
vn 0.393 0.9194 -0.01762
vn 0.7967 0.604 -0.02257
vn 0.02603 0.0371 0.999
vn 0.9974 0.006701 0.07111
vn 0.9975 0.01468 0.06888
vn 0.6844 0.4039 -0.6071
vn -0.1977 -0.09968 0.9752
vn 0.1977 0.09968 -0.9752
vn 0.1977 0.09968 -0.9752
vn -0.1977 -0.09968 0.9752
vn 0.02601 0.03709 0.999
vn 0.9974 0.006706 0.07111
vn 0.02603 0.0371 0.999
vn -0.02149 0.02825 0.9994
vn 0.9429 -0.3152 0.1077
vn 0.9703 -0.225 0.08933
vn 0.9974 0.006712 0.07111
vn 0.02601 0.03709 0.999
vn -0.3656 0.9307 0.006266
vn -0.277 0.9608 0.01343
vn -0.1443 0.9894 0.01417
vn -0.1442 0.9879 0.0569
vn -0.1394 0.9885 0.05802
vn -0.3654 0.9291 0.05612
vn -0.4387 0.8971 0.05129
vn 0.1358 0.9891 0.05731
vn 0.131 0.9897 0.05842
vn 0.1302 0.9845 0.1173
vn -0.1387 0.9834 0.1169
vn -0.1394 0.9885 0.05802
vn -0.1442 0.9879 0.0569
vn 0.1358 0.9891 0.05731
vn -0.4387 0.8971 0.05129
vn 0.3579 0.9337 0.007335
vn 0.3576 0.9321 0.05719
vn 0.131 0.9897 0.05842
vn 0.1358 0.9891 0.05731
vn 0.1361 0.9906 0.01458
vn 0.269 0.963 0.01423
vn 0.6 0.7983 0.05236
vn 0.5976 0.8001 0.05175
vn 0.3642 0.9297 0.05564
vn 0.3576 0.9321 0.05719
vn 0.3579 0.9337 0.007335
vn 0.6015 0.7988 0.009109
vn 0.7984 0.6017 0.02191
vn 0.7975 0.6013 0.04941
vn 0.7099 0.7025 0.05001
vn 0.5962 0.7992 0.07624
vn 0.5976 0.8001 0.05175
vn 0.6 0.7983 0.05236
vn 0.6794 0.7319 0.05125
vn 0.4881 0.8726 0.02108
vn 0.4878 0.8727 -0.01811
vn 0.714 0.6998 0.02202
vn 0.8751 0.483 0.03117
vn 0.7975 0.6013 0.04941
vn 0.7984 0.6017 0.02191
vn 0.7099 0.7025 0.05001
vn 0.7975 0.6013 0.04941
vn 0.8751 0.483 0.03117
vn 0.8742 0.4826 0.05421
vn 0.7367 0.6736 0.05886
vn 0.7081 0.7009 0.0858
vn 0.7099 0.7025 0.05001
vn 0.7081 0.7009 0.0858
vn 0.7367 0.6736 0.05886
vn 0.7496 0.6537 0.1037
vn 0.5246 0.8418 0.127
vn 0.5256 0.8412 0.1268
vn 0.5173 0.8507 0.09343
vn 0.7081 0.7009 0.0858
vn 0.8742 0.4826 0.05421
vn 0.892 0.4505 0.0375
vn 0.9009 0.4273 0.07624
vn 0.7486 0.6548 0.1041
vn 0.7496 0.6537 0.1037
vn 0.7367 0.6736 0.05886
vn 0.5246 0.8418 0.127
vn 0.7496 0.6537 0.1037
vn 0.7486 0.6548 0.1041
vn 0.7486 0.6548 0.104
vn 0.5246 0.8418 0.1272
vn 0.9009 0.4273 0.07624
vn 0.9002 0.4287 0.07667
vn 0.9002 0.4288 0.07636
vn 0.7486 0.6548 0.104
vn 0.7486 0.6548 0.1041
vn 0.5246 0.8418 0.1272
vn 0.7486 0.6548 0.104
vn 0.7452 0.6628 0.07282
vn 0.5207 0.8493 0.08723
vn 0.9002 0.4288 0.07636
vn 0.8983 0.4361 0.05303
vn 0.8991 0.4343 0.05374
vn 0.749 0.6587 0.07111
vn 0.7452 0.6628 0.07282
vn 0.7486 0.6548 0.104
vn 0.5207 0.8493 0.08723
vn 0.7452 0.6628 0.07282
vn 0.749 0.6587 0.07111
vn 0.7478 0.6638 0.01398
vn 0.7401 0.6725 0.006114
vn 0.5238 0.8517 0.01291
vn 0.5251 0.8465 0.08819
vn 0.8994 0.4339 0.05363
vn 0.9005 0.4316 0.05291
vn 0.8995 0.437 0.0023
vn 0.9001 0.4356 0.003446
vn 0.7478 0.6638 0.01398
vn 0.749 0.6587 0.07111
vn 0.7401 0.6725 0.006114
vn 0.7478 0.6638 0.01398
vn 0.9001 0.4356 0.003446
vn 0.9004 0.4299 -0.06659
vn 0.8997 0.4312 -0.06811
vn 0.7403 0.6638 -0.1062
vn 0.8995 0.437 0.0023
vn 0.987 0.1603 -0.009897
vn 0.988 0.1535 -0.01647
vn 0.988 0.153 -0.02226
vn 0.9004 0.4299 -0.06659
vn 0.9001 0.4356 0.003446
vn 0.8997 0.4312 -0.06811
vn 0.9004 0.4299 -0.06659
vn 0.988 0.153 -0.02226
vn 0.9873 0.1578 -0.01911
vn 0.9875 0.1529 -0.03735
vn 0.9005 0.4213 -0.1076
vn 0.7403 0.6638 -0.1062
vn 0.8997 0.4312 -0.06811
vn 0.9005 0.4213 -0.1076
vn 0.8982 0.4247 -0.1136
vn 0.7483 0.6404 -0.1729
vn 0.747 0.6575 -0.09787
vn 0.9875 0.1529 -0.03735
vn 0.9903 0.1301 -0.04928
vn 0.9763 0.05846 -0.2084
vn 0.9877 0.07 -0.1399
vn 0.8971 0.368 -0.2446
vn 0.8982 0.4247 -0.1136
vn 0.9005 0.4213 -0.1076
vn 0.7483 0.6404 -0.1729
vn 0.8982 0.4247 -0.1136
vn 0.8971 0.368 -0.2446
vn 0.9086 0.3818 -0.169
vn 0.7467 0.6074 -0.2712
vn 0.7437 0.6438 -0.1798
vn 0.9142 0.3318 -0.2327
vn 0.9086 0.3818 -0.1691
vn 0.9086 0.3818 -0.169
vn 0.8971 0.368 -0.2446
vn 0.9877 0.06997 -0.1401
vn 0.9877 0.06995 -0.1401
vn 0.9086 0.3818 -0.1691
vn 0.746 0.6081 -0.2716
vn 0.522 0.7116 0.4703
vn 0.7463 0.6069 -0.2732
vn 0.7467 0.6074 -0.2712
vn 0.9086 0.3818 -0.169
vn 0.7437 0.6438 -0.1798
vn 0.7467 0.6074 -0.2712
vn 0.7463 0.6069 -0.2732
vn 0.5213 0.7776 -0.3515
vn 0.5182 0.8222 -0.2356
vn 0.5236 0.8203 -0.2302
vn -0.0228 0.3792 0.925
vn 0.7463 0.6069 -0.2732
vn 0.5189 0.7789 -0.3521
vn 0.5201 0.7762 -0.3564
vn 0.5201 0.7762 -0.3564
vn 0.5213 0.7776 -0.3515
vn 0.7463 0.6069 -0.2732
vn 0.522 0.7116 0.4703
vn 0.5172 0.7444 -0.4224
vn 0.4533 0.7736 -0.4427
vn 0.1904 0.8567 -0.4794
vn 0.191 0.8915 -0.4108
vn 0.5201 0.7762 -0.3564
vn 0.5189 0.7789 -0.3521
vn 0.1918 0.8902 -0.4132
vn 0.1918 0.8902 -0.4132
vn 0.1926 0.8912 -0.4106
vn 0.5201 0.7762 -0.3564
vn 0.5201 0.7762 -0.3564
vn 0.191 0.8915 -0.4108
vn 0.1918 0.8902 -0.4132
vn 0.1918 0.8902 -0.4132
vn 0.1918 0.8902 -0.4132
vn -0.1979 0.8886 -0.4137
vn -0.1979 0.8886 -0.4138
vn 0.1918 0.8902 -0.4132
vn 0.1918 0.8902 -0.4132
vn 0.1918 0.8902 -0.4132
vn -0.1979 0.8886 -0.4138
vn -0.1987 0.8896 -0.4112
vn -0.1978 0.9412 -0.2738
vn 0.1909 0.9428 -0.2732
vn 0.1926 0.8912 -0.4106
vn -0.1979 0.8886 -0.4137
vn -0.1972 0.8899 -0.4113
vn -0.5254 0.7719 -0.358
vn -0.5254 0.7719 -0.3579
vn -0.1987 0.8896 -0.4112
vn -0.1979 0.8886 -0.4138
vn -0.1978 0.9412 -0.2738
vn -0.1987 0.8896 -0.4112
vn -0.1979 0.9412 -0.2738
vn -0.5254 0.7719 -0.3579
vn -0.5266 0.7733 -0.3531
vn -0.5242 0.8179 -0.2372
vn -0.2006 0.9412 -0.2719
vn -0.1979 0.9412 -0.2738
vn -0.1988 0.8896 -0.4112
vn -0.1979 0.9412 -0.2738
vn -0.2006 0.9412 -0.2719
vn -0.2008 0.9698 -0.1381
vn 0.1932 0.9715 -0.1375
vn 0.1936 0.9428 -0.2713
vn 0.1909 0.9428 -0.2732
vn -0.5242 0.8179 -0.2372
vn -0.5297 0.8159 -0.2318
vn -0.5295 0.8386 -0.1279
vn -0.5221 0.844 -0.1229
vn -0.1972 0.9702 -0.1404
vn -0.2008 0.9698 -0.1381
vn -0.2006 0.9412 -0.2719
vn -0.5266 0.7733 -0.3531
vn -0.7505 0.6007 -0.2754
vn -0.7509 0.6012 -0.2735
vn -0.7485 0.6377 -0.182
vn -0.5297 0.8159 -0.2318
vn -0.5242 0.8179 -0.2372
vn -0.5295 0.8386 -0.1279
vn -0.5297 0.8159 -0.2318
vn -0.7485 0.6377 -0.182
vn -0.7531 0.6342 -0.1751
vn -0.7522 0.6513 -0.1001
vn -0.7509 0.6012 -0.2735
vn -0.7485 0.6377 -0.182
vn -0.7502 0.6019 -0.2738
vn -0.9113 0.3743 -0.1717
vn -0.9113 0.3743 -0.1717
vn -0.7509 0.6012 -0.2735
vn -0.7505 0.6007 -0.2754
vn -0.7505 0.6007 -0.2754
vn -0.5243 0.7746 -0.3536
vn -0.7505 0.6007 -0.2754
vn -0.7505 0.6007 -0.2754
vn -0.5266 0.7733 -0.3531
vn -0.5254 0.7719 -0.3579
vn -0.5254 0.7719 -0.358
vn -0.7469 0.5666 -0.3482
vn -0.7808 0.5271 -0.3354
vn -0.9147 0.3171 -0.2505
vn -0.9162 0.3242 -0.2353
vn -0.9113 0.3743 -0.1717
vn -0.7502 0.6019 -0.2738
vn -0.6925 0.6172 -0.3734
vn -0.6836 0.6537 -0.3247
vn -0.3617 0.8918 -0.2717
vn -0.5685 0.7827 -0.2533
vn 0.2229 0.9285 0.297
vn -0.7808 0.5271 -0.3354
vn -0.7469 0.5666 -0.3482
vn -0.8268 0.4125 -0.3824
vn -0.7808 0.5271 -0.3354
vn 0.854 0.1413 0.5007
vn -0.8268 0.4125 -0.3824
vn -0.7808 0.5271 -0.3354
vn -0.9831 0.0619 -0.1722
vn -0.9938 0.05456 -0.09653
vn -0.9921 0.05435 -0.1133
vn -0.9795 0.01505 -0.2009
vn -0.9878 0.06178 -0.143
vn -0.9162 0.3242 -0.2353
vn -0.9147 0.3171 -0.2505
vn -0.7357 0.636 -0.2329
vn -0.9817 0.07576 -0.1745
vn -0.697 0.5989 -0.3942
vn -0.9784 0.1034 -0.1788
vn -0.7357 0.636 -0.2329
vn -0.7404 0.6405 -0.2038
vn -0.9843 0.05361 -0.1682
vn -0.981 0.08268 -0.1756
vn -0.697 0.5989 -0.3942
vn -0.8685 0.4852 -0.1011
vn -0.9938 0.05456 -0.09653
vn -0.7404 0.6405 -0.2038
vn -0.9921 0.05435 -0.1133
vn -0.9982 0.05522 -0.02435
vn -0.8871 0.461 -0.02164
vn -0.8635 0.4902 -0.1187
vn -0.8757 0.463 -0.1368
vn -0.9925 0.05238 -0.1104
vn -0.9795 0.01505 -0.2009
vn -0.9921 0.05435 -0.1133
vn -0.9925 0.05238 -0.1104
vn -0.9817 -0.02663 -0.1884
vn -0.8541 0.5183 0.04278
vn -0.8749 0.4697 -0.1179
vn -0.8827 0.4516 -0.1301
vn -0.9947 -0.02992 -0.09805
vn -0.9817 -0.02664 -0.1884
vn -0.9817 -0.02664 -0.1884
vn -0.9925 0.05238 -0.1104
vn -0.8635 0.4902 -0.1187
vn -0.3541 -0.1069 -0.9291
vn -0.8381 0.5274 -0.1396
vn -0.8081 0.5764 -0.1218
vn -0.8749 0.4697 -0.1179
vn -0.8541 0.5183 0.04278
vn -0.767 0.6176 -0.1742
vn -0.8594 0.4854 -0.1606
vn -0.8634 0.4878 -0.1287
vn -0.837 0.5338 -0.1208
vn -0.8635 0.4902 -0.1187
vn -0.8685 0.4852 -0.1011
vn -0.7281 0.666 -0.1624
vn -0.727 0.665 -0.1711
vn -0.5519 0.8261 -0.1137
vn -0.6583 0.741 -0.1328
vn -0.8634 0.4878 -0.1287
vn -0.8594 0.4854 -0.1606
vn -0.7823 0.5982 -0.1739
vn -0.7336 0.6569 -0.1739
vn -0.734 0.6573 -0.1711
vn -0.727 0.665 -0.1711
vn -0.7281 0.666 -0.1624
vn -0.6233 0.7534 -0.2093
vn -0.6244 0.7548 -0.2009
vn -0.5907 0.788 -0.1736
vn -0.2774 0.9562 -0.09348
vn -0.3212 0.9424 -0.09313
vn -0.5544 0.8299 -0.06328
vn -0.5519 0.8261 -0.1137
vn -0.727 0.665 -0.1711
vn -0.734 0.6573 -0.1711
vn -0.5832 0.7764 -0.2388
vn -0.4692 0.8715 -0.1429
vn -0.2774 0.9562 -0.09348
vn -0.5907 0.788 -0.1736
vn -0.4642 0.86 -0.212
vn -0.4613 0.8623 -0.2089
vn -0.2915 0.9516 -0.09682
vn -0.3019 0.9481 -0.09997
vn -0.2771 0.9556 -0.0997
vn -0.2774 0.9562 -0.09348
vn -0.4692 0.8715 -0.1429
vn -0.2922 0.9537 -0.07074
vn -0.3117 0.9466 -0.08263
vn -0.3024 0.9496 -0.08216
vn -0.3019 0.9481 -0.09997
vn -0.2915 0.9516 -0.09682
vn -0.5058 0.8623 -0.0254
vn -0.4484 0.8933 -0.03268
vn -0.3125 0.9478 -0.06289
vn -0.3117 0.9466 -0.08263
vn -0.2922 0.9537 -0.07074
vn -0.3059 0.9499 -0.06333
vn -0.3055 0.9485 -0.08373
vn -0.3024 0.9496 -0.08216
vn -0.3117 0.9466 -0.08263
vn -0.3125 0.9478 -0.06289
vn -0.2961 0.9531 -0.06265
vn -0.207 0.9762 -0.06535
vn -0.207 0.9762 -0.0645
vn -0.2396 0.9672 -0.08447
vn -0.3055 0.9485 -0.08373
vn -0.3059 0.9499 -0.06333
vn -0.2966 0.9546 -0.02793
vn -0.1857 0.982 -0.03394
vn -0.1826 0.9826 -0.03526
vn -0.1819 0.9814 -0.06183
vn -0.207 0.9762 -0.06535
vn -0.2961 0.9531 -0.06265
vn -0.185 0.9825 -0.02127
vn -0.04527 0.9987 -0.02351
vn -0.09176 0.9957 -0.01223
vn -0.09169 0.9952 -0.03366
vn -0.1093 0.9933 -0.0368
vn -0.1826 0.9826 -0.03526
vn -0.1857 0.982 -0.03394
vn -0.04532 0.999 0.00367
vn -0.03489 0.9994 0.0034
vn -0.06297 0.998 0.006977
vn -0.134 0.9909 -0.01272
vn -0.09176 0.9957 -0.01223
vn -0.04527 0.9987 -0.02351
vn -0.03049 0.9995 0.001869
vn -0.0305 0.9994 0.01314
vn -0.03484 0.9993 0.01323
vn -0.03489 0.9994 0.0034
vn -0.04532 0.999 0.00367
vn 0.09691 0.995 0.02205
vn -0.1548 0.9876 0.0263
vn -0.212 0.9768 0.03023
vn -0.2121 0.9772 0.008112
vn -0.06297 0.998 0.006977
vn -0.03489 0.9994 0.0034
vn -0.03484 0.9993 0.01323
vn 0.09694 0.9952 0.01385
vn -0.2068 0.9781 0.02323
vn -0.1548 0.9878 0.01924
vn -0.1548 0.9876 0.0263
vn 0.09691 0.995 0.02205
vn -0.6658 0.7456 0.0277
vn -0.6658 0.7456 0.02766
vn -0.6038 0.7965 0.03186
vn -0.212 0.9768 0.03023
vn -0.1548 0.9876 0.0263
vn -0.1548 0.9878 0.01924
vn -0.6038 0.7965 0.03186
vn -0.6039 0.797 0.01131
vn -0.3031 0.9529 0.01296
vn -0.2121 0.9772 0.008112
vn -0.212 0.9768 0.03023
vn -0.3031 0.9529 0.01296
vn -0.3022 0.9532 -0.01012
vn -0.134 0.9909 -0.01081
vn -0.134 0.9909 -0.01272
vn -0.06297 0.998 0.006977
vn -0.2121 0.9772 0.008112
vn -0.09169 0.9952 -0.03366
vn -0.09176 0.9957 -0.01223
vn -0.134 0.9909 -0.01272
vn -0.134 0.9909 -0.01081
vn -0.2363 0.9712 -0.03117
vn -0.1093 0.9933 -0.0368
vn -0.09169 0.9952 -0.03366
vn -0.2363 0.9712 -0.03117
vn -0.2361 0.9705 -0.04929
vn -0.3031 0.9516 -0.05178
vn -0.1096 0.9925 -0.0535
vn -0.1819 0.9814 -0.06183
vn -0.1826 0.9826 -0.03526
vn -0.1093 0.9933 -0.0368
vn -0.1096 0.9925 -0.0535
vn -0.2179 0.9741 -0.0612
vn -0.207 0.9762 -0.0645
vn -0.207 0.9762 -0.06535
vn -0.1819 0.9814 -0.06183
vn -0.2179 0.9741 -0.0612
vn -0.2181 0.9748 -0.04759
vn -0.2738 0.9597 -0.06275
vn -0.2396 0.9672 -0.08447
vn -0.207 0.9762 -0.0645
vn -0.2738 0.9597 -0.06275
vn -0.2735 0.9588 -0.07706
vn -0.3215 0.9431 -0.08495
vn -0.2396 0.9672 -0.08391
vn -0.2771 0.9556 -0.0997
vn -0.3019 0.9481 -0.09997
vn -0.3024 0.9496 -0.08216
vn -0.3055 0.9485 -0.08373
vn -0.2396 0.9672 -0.08447
vn -0.2396 0.9672 -0.08391
vn -0.2774 0.9562 -0.09348
vn -0.2771 0.9556 -0.0997
vn -0.2396 0.9672 -0.08391
vn -0.3215 0.9431 -0.08495
vn -0.3212 0.9424 -0.09313
vn -0.3212 0.9424 -0.09313
vn -0.3215 0.9431 -0.08495
vn -0.2735 0.9588 -0.07706
vn -0.5378 0.8405 -0.06547
vn -0.6949 0.7183 -0.03407
vn -0.6942 0.7181 -0.04922
vn -0.6792 0.7322 -0.05002
vn -0.5544 0.8299 -0.06328
vn -0.2181 0.9748 -0.04759
vn -0.5139 0.8574 -0.02673
vn -0.5397 0.8417 -0.01913
vn -0.5378 0.8405 -0.06547
vn -0.2735 0.9588 -0.07706
vn -0.2738 0.9597 -0.06275
vn -0.3031 0.9516 -0.05178
vn -0.4592 0.8875 -0.03866
vn -0.5139 0.8574 -0.02712
vn -0.5139 0.8574 -0.02673
vn -0.2181 0.9748 -0.04759
vn -0.2179 0.9741 -0.0612
vn -0.1096 0.9925 -0.0535
vn -0.2361 0.9705 -0.04929
vn -0.4591 0.8881 -0.02121
vn -0.4592 0.8875 -0.03866
vn -0.3031 0.9516 -0.05178
vn -0.4953 0.8685 0.01962
vn -0.495 0.8687 -0.01956
vn -0.4591 0.8881 -0.02121
vn -0.2361 0.9705 -0.04929
vn -0.2363 0.9712 -0.03117
vn -0.134 0.9909 -0.01081
vn -0.3022 0.9532 -0.01012
vn -0.7199 0.6938 0.0199
vn -0.72 0.6939 -0.006
vn -0.5139 0.8574 -0.02712
vn -0.4591 0.8875 -0.03867
vn -0.4591 0.8881 -0.02121
vn -0.495 0.8687 -0.01956
vn -0.4592 0.8875 -0.03866
vn -0.4591 0.8881 -0.02121
vn -0.4591 0.8875 -0.03867
vn -0.5397 0.8417 -0.01913
vn -0.5139 0.8574 -0.02673
vn -0.5139 0.8574 -0.02712
vn -0.72 0.6939 -0.006
vn -0.8344 0.5502 0.03254
vn -0.8202 0.5717 0.01929
vn -0.6949 0.7183 -0.03407
vn -0.5378 0.8405 -0.06547
vn -0.5397 0.8417 -0.01913
vn -0.8202 0.5717 0.01929
vn -0.7639 0.6454 -0.004756
vn -0.8154 0.5785 -0.02302
vn -0.6942 0.7181 -0.04922
vn -0.6949 0.7183 -0.03407
vn -0.8154 0.5785 -0.02302
vn -0.8244 0.5659 -0.01213
vn -0.8324 0.5535 -0.02692
vn -0.8137 0.5805 -0.02894
vn -0.8081 0.5764 -0.1218
vn -0.8381 0.5274 -0.1396
vn -0.6734 0.7258 -0.1406
vn -0.6792 0.7322 -0.05002
vn -0.6942 0.7181 -0.04922
vn -0.8137 0.5805 -0.02894
vn -0.6583 0.741 -0.1328
vn -0.5519 0.8261 -0.1137
vn -0.5544 0.8299 -0.06328
vn -0.6792 0.7322 -0.05002
vn -0.6734 0.7258 -0.1406
vn -0.837 0.5338 -0.1208
vn -0.8634 0.4878 -0.1287
vn -0.6583 0.741 -0.1328
vn -0.6734 0.7258 -0.1406
vn -0.8381 0.5274 -0.1396
vn 0.588 -0.6089 -0.5324
vn 0.588 -0.6089 -0.5324
vn -0.8381 0.5274 -0.1396
vn -0.8827 0.4516 -0.1301
vn -0.8749 0.4697 -0.1179
vn -0.8081 0.5764 -0.1218
vn -0.8137 0.5805 -0.02894
vn -0.8324 0.5535 -0.02692
vn -0.8774 0.4796 -0.008906
vn -0.8019 0.5551 0.2209
vn -0.8749 0.4697 -0.1179
vn -0.9947 -0.02992 -0.09805
vn -0.8827 0.4516 -0.1301
vn -0.8774 0.4796 -0.008906
vn -0.9992 -0.03487 0.02176
vn -0.9998 0.004608 0.0169
vn -0.9966 0.07991 -0.02092
vn -0.9974 0.07074 -0.01149
vn -0.9969 0.0699 -0.03495
vn -0.9817 -0.02664 -0.1884
vn -0.9947 -0.02992 -0.09805
vn -0.9969 0.0699 -0.03495
vn -0.9912 0.1219 -0.0522
vn -0.9761 0.05036 -0.2113
vn -0.9817 -0.02663 -0.1884
vn -0.9817 -0.02664 -0.1884
vn -0.9817 -0.02663 -0.1884
vn -0.9817 -0.02662 -0.1884
vn -0.9878 0.06178 -0.143
vn -0.9795 0.01505 -0.2009
vn -0.9817 -0.02662 -0.1884
vn -0.9817 -0.02663 -0.1884
vn -0.9761 0.05036 -0.2113
vn -0.9878 0.06178 -0.143
vn -0.9113 0.3743 -0.1717
vn -0.9113 0.3743 -0.1717
vn -0.9162 0.3242 -0.2353
vn -0.9878 0.06178 -0.143
vn -0.9878 0.06178 -0.143
vn -0.8993 0.3606 -0.2473
vn -0.7531 0.6342 -0.1751
vn -0.7485 0.6376 -0.182
vn -0.7509 0.6012 -0.2734
vn -0.9113 0.3743 -0.1717
vn -0.8993 0.3606 -0.2473
vn -0.9013 0.4173 -0.1163
vn -0.7522 0.6513 -0.1001
vn -0.7531 0.6342 -0.1751
vn -0.9013 0.4173 -0.1163
vn -0.9036 0.4139 -0.1102
vn -0.903 0.4237 -0.07077
vn -0.7455 0.6577 -0.1084
vn -0.9912 0.1219 -0.0522
vn -0.9887 0.1447 -0.04027
vn -0.9036 0.4139 -0.1102
vn -0.9013 0.4173 -0.1163
vn -0.8993 0.3606 -0.2473
vn -0.9878 0.06178 -0.143
vn -0.9761 0.05036 -0.2113
vn -0.9974 0.07074 -0.01149
vn -0.9885 0.1497 -0.02203
vn -0.9887 0.1447 -0.04027
vn -0.9912 0.1219 -0.0522
vn -0.9969 0.0699 -0.03495
vn -0.9966 0.07991 -0.02092
vn -0.9892 0.1453 -0.0194
vn -0.9891 0.1448 -0.02518
vn -0.9885 0.1497 -0.02203
vn -0.9974 0.07074 -0.01149
vn -0.9998 0.004608 0.0169
vn -0.9887 0.1472 0.02754
vn -0.9883 0.1521 -0.01282
vn -0.9892 0.1453 -0.0194
vn -0.9966 0.07991 -0.02092
vn -0.7105 -0.6007 0.3664
vn -0.9982 -0.05143 0.03184
vn -0.9886 0.144 0.04502
vn -0.9883 0.1498 0.02843
vn -0.9887 0.1472 0.02754
vn -0.9998 0.004608 0.0169
vn -0.8244 0.5659 -0.01213
vn -0.9997 -0.012 0.0208
vn -0.9982 -0.05137 0.03183
vn -0.2647 -0.8234 0.5019
vn -0.8774 0.4796 -0.008906
vn -0.8324 0.5535 -0.02692
vn -0.7639 0.6454 -0.004756
vn -0.999 0.0141 0.04158
vn -0.9868 0.1109 0.1182
vn -0.8244 0.5659 -0.01213
vn -0.8154 0.5785 -0.02302
vn -0.8344 0.5502 0.03254
vn -0.8958 0.4431 0.03486
vn -0.9046 0.4198 0.07357
vn -0.9039 0.4212 0.074
vn -0.9891 0.1421 0.03989
vn -0.999 0.01413 0.04158
vn -0.7639 0.6454 -0.004756
vn -0.8202 0.5717 0.01929
vn -0.8794 0.4753 0.02859
vn -0.8785 0.4749 0.05138
vn -0.8958 0.4431 0.03486
vn -0.8344 0.5502 0.03254
vn -0.72 0.6939 -0.006
vn -0.7199 0.6938 0.0199
vn -0.8791 0.4758 0.02858
vn -0.8784 0.4751 0.0515
vn -0.8794 0.4753 0.02859
vn -0.7425 0.6675 0.05667
vn -0.7553 0.6474 0.1015
vn -0.7543 0.6486 0.1019
vn -0.9046 0.4198 0.07357
vn -0.8958 0.4431 0.03486
vn -0.8784 0.4751 0.0515
vn -0.5319 0.8375 0.1255
vn -0.5319 0.8374 0.1257
vn -0.7543 0.6486 0.1018
vn -0.7543 0.6486 0.1019
vn -0.7553 0.6474 0.1015
vn -0.9046 0.4198 0.07357
vn -0.7543 0.6486 0.1019
vn -0.7543 0.6486 0.1018
vn -0.9039 0.4213 0.07369
vn -0.9039 0.4212 0.074
vn -0.5319 0.8374 0.1257
vn -0.5279 0.845 0.08568
vn -0.7509 0.6566 0.07061
vn -0.7543 0.6486 0.1018
vn -0.5319 0.8374 0.1257
vn -0.2024 0.9688 0.1427
vn -0.2004 0.9749 0.09698
vn -0.5324 0.8421 0.08663
vn -0.5279 0.845 0.08568
vn -0.5319 0.8374 0.1257
vn -0.5319 0.8375 0.1255
vn -0.533 0.8368 0.1252
vn -0.2024 0.9689 0.1423
vn -0.2024 0.9688 0.1427
vn -0.5319 0.8374 0.1257
vn -0.2004 0.9749 0.09698
vn -0.2024 0.9688 0.1427
vn 0.1939 0.9705 0.1433
vn 0.192 0.9765 0.09755
vn 0.1901 0.9769 0.09717
vn -0.1985 0.9753 0.0966
vn -0.2026 0.9689 0.1423
vn 0.1942 0.9705 0.1429
vn 0.1939 0.9705 0.1433
vn -0.2024 0.9688 0.1427
vn 0.5246 0.8418 0.127
vn 0.5246 0.8418 0.1272
vn 0.1939 0.9705 0.1433
vn 0.1939 0.9706 0.1429
vn 0.5256 0.8412 0.1268
vn 0.5256 0.8412 0.1268
vn 0.1942 0.9705 0.1429
vn 0.1926 0.9732 0.1255
vn 0.4946 0.8614 0.1158
vn 0.5173 0.8507 0.09343
vn -0.2029 0.9688 0.1423
vn -0.201 0.9716 0.1249
vn -0.1918 0.9723 0.1338
vn 0.1834 0.9738 0.1344
vn 0.1926 0.9732 0.1255
vn 0.1944 0.9705 0.1428
vn 0.4946 0.8614 0.1158
vn 0.1926 0.9732 0.1255
vn 0.1834 0.9738 0.1344
vn 0.184 0.977 0.1075
vn 0.4707 0.8765 0.1009
vn 0.4962 0.8639 0.08607
vn -0.1918 0.9723 0.1338
vn -0.1925 0.9755 0.107
vn -0.1811 0.9766 0.1161
vn 0.1727 0.978 0.1166
vn 0.184 0.977 0.1075
vn 0.1834 0.9738 0.1344
vn -0.1924 0.9755 0.107
vn -0.1918 0.9723 0.1338
vn -0.4783 0.8726 0.09951
vn 0.4242 -0.774 0.4701
vn 0.1604 -0.8442 0.5115
vn 0.1564 -0.8464 0.5091
vn -0.1812 0.9766 0.1161
vn -0.1924 0.9755 0.107
vn 0.4251 -0.7734 0.4703
vn -0.4773 0.8711 0.1157
vn -0.1595 0.9792 0.1254
vn -0.1807 0.9744 0.1341
vn 0.1604 -0.8442 0.5115
vn 0.4242 -0.774 0.4701
vn 0.9991 0.03758 -0.01895
vn -0.4266 0.8985 0.1031
vn -0.4773 0.8711 0.1157
vn 0.4251 -0.7734 0.4703
vn 0.9991 0.03745 -0.01906
vn -0.3799 0.7774 -0.5013
vn -0.4266 0.8985 0.1031
vn 0.9991 0.03758 -0.01895
vn -0.3712 0.9244 0.0871
vn -0.4265 0.8987 0.1017
vn -0.3713 0.7826 -0.4997
vn -0.3799 0.7774 -0.5013
vn 0.9991 0.03745 -0.01906
vn -0.4773 0.8711 0.1157
vn -0.4266 0.8985 0.1031
vn -0.3799 0.7774 -0.5013
vn -0.3713 0.7826 -0.4997
vn -0.1326 0.8359 -0.5327
vn -0.1595 0.9792 0.1254
vn -0.4265 0.8987 0.1017
vn -0.1598 0.9813 0.1072
vn -0.1353 0.8345 -0.5341
vn -0.1326 0.8359 -0.5327
vn -0.3713 0.7826 -0.4997
vn -0.372 0.9266 0.05455
vn -0.3654 0.9291 0.05612
vn -0.1394 0.9885 0.05802
vn -0.1387 0.9834 0.1169
vn -0.1598 0.9813 0.1072
vn -0.4265 0.8987 0.1017
vn -0.3714 0.9244 0.08707
vn 0.1429 0.9828 0.1171
vn 0.1217 0.8365 -0.5343
vn -0.1352 0.8345 -0.5342
vn -0.1597 0.9813 0.1073
vn -0.1387 0.9834 0.1169
vn 0.1302 0.9845 0.1173
vn 0.143 0.9834 0.1115
vn -0.1596 0.9803 0.1165
vn 0.131 0.9897 0.05842
vn 0.3576 0.9321 0.05719
vn 0.3642 0.9297 0.05564
vn 0.3635 0.9274 0.08816
vn 0.4188 0.9022 0.1029
vn 0.1486 0.9829 0.1089
vn 0.1302 0.9845 0.1173
vn 0.5976 0.8001 0.05175
vn 0.5962 0.7992 0.07624
vn 0.4718 0.8783 0.07802
vn 0.3633 0.9275 0.08818
vn 0.3642 0.9297 0.05564
vn 0.7099 0.7025 0.05001
vn 0.7081 0.7009 0.0858
vn 0.5173 0.8507 0.09343
vn 0.4946 0.8614 0.1158
vn 0.4962 0.8639 0.08607
vn 0.4718 0.8783 0.07802
vn 0.5962 0.7992 0.07624
vn 0.4962 0.8639 0.08607
vn 0.4707 0.8765 0.1009
vn -0.4192 -0.7775 0.4688
vn -0.4201 -0.7769 0.469
vn -0.9993 0.02924 -0.02196
vn 0.3632 0.9275 0.08821
vn 0.4718 0.8783 0.07802
vn 0.3633 0.9275 0.08818
vn -0.9993 0.02918 -0.02202
vn 0.3749 0.7805 -0.5002
vn 0.3662 0.7856 -0.4986
vn 0.4188 0.9022 0.1029
vn -0.9993 0.02931 -0.0219
vn 0.4189 0.902 0.1043
vn 0.3749 0.7805 -0.5002
vn -0.9993 0.02918 -0.02202
vn -0.4201 -0.7769 0.469
vn 0.4698 0.875 0.1171
vn 0.4189 0.902 0.1043
vn -0.9993 0.02931 -0.0219
vn 0.3662 0.7856 -0.4986
vn 0.3749 0.7805 -0.5002
vn 0.4189 0.902 0.1043
vn 0.4698 0.875 0.1171
vn 0.151 0.9805 0.1258
vn 0.1272 0.8369 -0.5323
vn 0.4188 0.9022 0.1029
vn 0.3662 0.7856 -0.4986
vn 0.1272 0.8369 -0.5323
vn 0.1299 0.8356 -0.5338
vn 0.1514 0.9826 0.1077
vn -0.1595 0.9792 0.1254
vn -0.1326 0.8359 -0.5327
vn -0.1352 0.8345 -0.5342
vn 0.1271 0.8359 -0.534
vn 0.1272 0.8369 -0.5323
vn 0.151 0.9805 0.1258
vn 0.1722 0.9758 0.1346
vn -0.1807 0.9744 0.1341
vn 1 -0.002033 -0.003618
vn 0.1727 0.9781 0.1158
vn 0.1512 0.9816 0.117
vn 0.1299 0.8356 -0.5338
vn 0.1514 0.9826 0.1077
vn 0.1472 0.983 0.1096
vn 0.1257 0.836 -0.5341
vn 0.1471 0.9822 0.1171
vn -0.1508 -0.8476 0.5087
vn 0.1563 -0.8464 0.5092
vn -0.1811 0.9767 0.1153
vn -0.1596 0.9803 0.1165
vn 0.1471 0.9822 0.1171
vn 0.1728 0.9781 0.1158
vn 0.1728 0.978 0.1166
vn -0.1811 0.9766 0.1161
vn -0.1508 -0.8476 0.5087
vn 0.1727 0.9781 0.1158
vn -0.1391 -0.78 0.6102
vn 0.1683 0.949 -0.2664
vn 0.1727 0.978 0.1166
vn -0.1509 -0.8476 0.5087
vn 1 0.003058 0.00131
vn -0.1391 -0.78 0.6102
vn 0.1391 0.78 -0.6102
vn 0.1726 0.9782 0.1158
vn 1 -0.002033 -0.003618
vn -0.1509 -0.8476 0.5087
vn 0.1683 0.949 -0.2664
vn -0.1391 -0.78 0.6102
vn 0.1727 0.978 0.1166
vn 0.184 0.977 0.1075
vn 0.4707 0.8765 0.1009
vn -0.4192 -0.7775 0.4688
vn -0.1549 -0.8455 0.511
vn -0.4201 -0.7769 0.469
vn -0.4192 -0.7775 0.4688
vn -0.1549 -0.8455 0.511
vn 0.1722 0.9758 0.1346
vn 0.151 0.9805 0.1258
vn 0.4698 0.875 0.1171
vn 0.1604 -0.8442 0.5115
vn -0.1807 0.9744 0.1341
vn 0.1722 0.9758 0.1346
vn -0.1549 -0.8455 0.511
vn -0.1508 -0.8476 0.5087
vn 0.1563 -0.8464 0.5092
vn -1 -0.005234 -0.001643
vn -0.9999 -0.01032 -0.00657
vn -0.1811 0.9767 0.1153
vn 0.1563 -0.8464 0.5092
vn -0.1811 0.9766 0.1161
vn -0.9999 -0.01032 -0.00657
vn -0.1352 0.8345 -0.5342
vn -0.1598 0.9813 0.1072
vn -0.1352 0.8345 -0.5342
vn -0.1596 0.9803 0.1165
vn -0.1811 0.9767 0.1153
vn -0.9999 -0.01032 -0.00657
vn -1 -0.005234 -0.001643
vn 0.5246 0.8418 0.1272
vn 0.5207 0.8493 0.08723
vn 0.5251 0.8465 0.08819
vn 0.192 0.9765 0.09755
vn 0.1939 0.9705 0.1433
vn 0.5246 0.8418 0.1272
vn 0.5238 0.8517 0.01291
vn 0.5151 0.8571 0.006534
vn 0.1894 0.9818 0.01209
vn 0.1901 0.9769 0.09717
vn 0.192 0.9765 0.09755
vn 0.5251 0.8465 0.08819
vn -0.1985 0.9753 0.0966
vn 0.1901 0.9769 0.09717
vn 0.1896 0.9818 0.01201
vn -0.1976 0.9802 0.01151
vn -0.5324 0.8421 0.08663
vn -0.2004 0.9749 0.09698
vn -0.1985 0.9753 0.0966
vn -0.1977 0.9802 0.01159
vn -0.5222 0.8528 0.004998
vn -0.5309 0.8474 0.01135
vn -0.5279 0.845 0.08568
vn -0.5324 0.8421 0.08663
vn -0.5309 0.8474 0.01135
vn -0.7457 0.6663 0.003917
vn -0.7533 0.6575 0.01177
vn -0.7547 0.6525 0.06888
vn -0.7509 0.6566 0.07061
vn -0.5221 0.844 -0.1229
vn -0.5295 0.8386 -0.1279
vn -0.7522 0.6513 -0.1001
vn -0.7455 0.6577 -0.1084
vn -0.7457 0.6663 0.003917
vn -0.5309 0.8474 0.01135
vn -0.5222 0.8528 0.004998
vn -0.903 0.4237 -0.07077
vn -0.9037 0.4225 -0.06925
vn -0.9037 0.4281 0.0007781
vn -0.7533 0.6575 0.01177
vn -0.7457 0.6663 0.003917
vn -0.7455 0.6577 -0.1084
vn -0.1972 0.9702 -0.1404
vn -0.5221 0.844 -0.1229
vn -0.5222 0.8528 0.004998
vn -0.1976 0.9802 0.01151
vn 0.1932 0.9715 -0.1375
vn -0.2008 0.9698 -0.1381
vn -0.1972 0.9702 -0.1404
vn -0.1975 0.9802 0.01144
vn 0.1894 0.9818 0.01209
vn 0.1896 0.9719 -0.1399
vn 0.5182 0.8222 -0.2356
vn 0.1936 0.9428 -0.2713
vn 0.1932 0.9715 -0.1375
vn 0.1896 0.9719 -0.1399
vn 0.5154 0.8483 -0.1214
vn 0.5229 0.843 -0.1264
vn 0.5236 0.8203 -0.2302
vn 0.5151 0.8571 0.006534
vn 0.5154 0.8483 -0.1214
vn 0.1896 0.9719 -0.1399
vn 0.1893 0.9818 0.01217
vn 0.7401 0.6725 0.006114
vn 0.7403 0.6638 -0.1062
vn 0.747 0.6575 -0.09787
vn 0.5229 0.843 -0.1264
vn 0.5154 0.8483 -0.1214
vn 0.5151 0.8571 0.006534
vn 0.5238 0.8517 0.01291
vn 0.7483 0.6404 -0.1729
vn 0.7437 0.6438 -0.1798
vn 0.5236 0.8203 -0.2302
vn 0.5229 0.843 -0.1264
vn 0.747 0.6575 -0.09787
vn 0.5213 0.7776 -0.3515
vn 0.5201 0.7762 -0.3564
vn 0.1926 0.8912 -0.4106
vn 0.1909 0.9428 -0.2732
vn 0.1936 0.9428 -0.2713
vn 0.5182 0.8222 -0.2356
vn -0.9036 0.4139 -0.1102
vn -0.9887 0.1447 -0.04027
vn -0.9885 0.1497 -0.02203
vn -0.9891 0.1448 -0.02518
vn -0.9037 0.4225 -0.06925
vn -0.903 0.4237 -0.07077
vn -0.9892 0.1453 -0.0194
vn -0.9883 0.1521 -0.01282
vn -0.9031 0.4295 -0.0003647
vn -0.9037 0.4281 0.0007781
vn -0.9037 0.4225 -0.06925
vn -0.9891 0.1448 -0.02518
vn -0.7533 0.6575 0.01177
vn -0.9037 0.4281 0.0007781
vn -0.9031 0.4295 -0.0003647
vn -0.9042 0.4242 0.05024
vn -0.9031 0.4264 0.05095
vn -0.7547 0.6525 0.06888
vn -0.9887 0.1472 0.02754
vn -0.9883 0.1498 0.02843
vn -0.9018 0.4293 0.05003
vn -0.9027 0.4274 0.05005
vn -0.9042 0.4242 0.05024
vn -0.9031 0.4295 -0.0003647
vn -0.9883 0.1521 -0.01282
vn -0.9886 0.144 0.04502
vn -0.9891 0.1422 0.03963
vn -0.9039 0.4213 0.07368
vn -0.9021 0.4287 0.05037
vn -0.9028 0.4272 0.04928
vn -0.9018 0.4293 0.05003
vn -0.9883 0.1498 0.02843
vn -0.9982 -0.05142 0.03184
vn -0.814 0.4423 0.3765
vn -0.999 0.0141 0.04158
vn -0.9891 0.1421 0.03988
vn -0.9891 0.1421 0.03962
vn -0.9886 0.144 0.04502
vn 0.2523 -0.8264 0.5034
vn -0.9982 -0.05144 0.03184
vn -0.9982 -0.05141 0.03184
vn 0.5321 -0.7232 0.4404
vn -0.7982 -0.483 -0.36
vn -0.999 0.01415 0.04158
vn -0.3293 0.7341 0.5939
vn -0.7982 -0.483 -0.36
vn -0.999 0.01415 0.04158
vn -0.9891 0.1421 0.03989
vn -0.9891 0.1422 0.03963
vn -0.9891 0.1421 0.03988
vn -0.9039 0.4212 0.074
vn -0.9039 0.4213 0.07365
vn -0.989 0.1422 0.03963
vn -0.9891 0.1421 0.03989
vn -0.9021 0.4287 0.05037
vn -0.9039 0.4213 0.07369
vn -0.9021 0.4287 0.05037
vn -0.9039 0.4213 0.07353
vn -0.9021 0.4286 0.05039
vn -0.9039 0.4213 0.0737
vn -0.9032 0.4261 0.05089
vn -0.9028 0.4272 0.04929
vn -0.9021 0.4287 0.05037
vn -0.9021 0.4286 0.05039
vn -0.9029 0.4269 0.05108
vn -0.9039 0.4213 0.07369
vn -0.7543 0.6486 0.1018
vn -0.7509 0.6566 0.07061
vn -0.7547 0.6525 0.06888
vn -0.9029 0.4269 0.05108
vn -0.9021 0.4286 0.05041
vn -0.9039 0.4213 0.07353
vn -0.9032 0.4261 0.05088
vn -0.9028 0.4272 0.04929
vn -0.9032 0.4261 0.05089
vn -0.9042 0.4242 0.05024
vn -0.9027 0.4274 0.05005
vn -0.9028 0.4272 0.04932
vn -0.9032 0.4261 0.05088
vn -0.9018 0.4293 0.05003
vn -0.9028 0.4272 0.04929
vn -0.9027 0.4274 0.05005
vn 1 0.003058 0.00131
vn 1 -0.002033 -0.003618
vn 0.9831 0.07005 -0.1693
vn 0.9128 0.3247 -0.2478
vn 0.9142 0.3318 -0.2327
vn 0.9876 0.06983 -0.1403
vn 0.9799 0.02318 -0.198
vn 0.9919 0.06257 -0.1104
vn 0.9946 0.06292 -0.08294
vn 0.6927 0.6042 -0.3937
vn 0.9813 0.08627 -0.1719
vn 0.9843 0.06178 -0.1653
vn 0.7357 0.6466 -0.2016
vn 0.7357 0.6466 -0.2016
vn 0.9946 0.06292 -0.08294
vn 0.8673 0.4897 -0.08908
vn 0.9919 0.06257 -0.1104
vn 0.9924 0.06059 -0.1075
vn 0.8723 0.4702 -0.1343
vn 0.8598 0.4973 -0.1162
vn 0.8868 0.4621 0
vn 0.998 0.06363 0
vn 0.7623 0.6239 -0.172
vn 0.8673 0.4897 -0.08908
vn 0.8598 0.4973 -0.1162
vn 0.8329 0.5407 -0.1183
vn 0.8597 0.4949 -0.1261
vn 0.8558 0.4926 -0.158
vn 0.8723 0.4702 -0.1343
vn 0.8713 0.4769 -0.1153
vn 0.8036 0.583 -0.1194
vn 0.8341 0.5343 -0.1372
vn 0.8334 0.5383 -0.1253
vn 0.8598 0.4973 -0.1162
vn 0.9924 0.06059 -0.1075
vn 0.8337 -0.1667 -0.5265
vn 0.9825 -0.01849 -0.1853
vn 0.9952 -0.02166 -0.09512
vn 0.8793 0.4589 -0.1275
vn 0.8713 0.4769 -0.1153
vn 0.8723 0.4702 -0.1343
vn 0.9919 0.06257 -0.1104
vn 0.9799 0.02317 -0.1981
vn 0.9825 -0.0185 -0.1855
vn 0.9924 0.06059 -0.1075
vn 0.9919 0.06257 -0.1104
vn 0.9799 0.02318 -0.198
vn 0.9919 0.06257 -0.1104
vn 0.9799 0.02318 -0.198
vn 0.9919 0.06257 -0.1104
vn 0.9763 0.05846 -0.2084
vn 0.9825 -0.01849 -0.1854
vn 0.8337 -0.1667 -0.5265
vn 0.9799 0.02318 -0.198
vn 0.9876 0.06971 -0.1404
vn 0.9877 0.07003 -0.1397
vn 0.9877 0.07003 -0.1397
vn 0.9876 0.06983 -0.1403
vn 0.9877 0.06997 -0.1401
vn 0.9903 0.1301 -0.04928
vn 0.9964 0.07815 -0.03202
vn 0.9952 -0.02166 -0.09512
vn 0.9825 -0.01849 -0.1854
vn 0.9763 0.05846 -0.2084
vn 0.9873 0.1578 -0.01911
vn 0.9968 0.07899 -0.008546
vn 0.9964 0.07815 -0.03202
vn 0.9903 0.1301 -0.04928
vn 0.9875 0.1529 -0.03735
vn 0.988 0.1535 -0.01647
vn 0.9959 0.08815 -0.01797
vn 0.9968 0.07899 -0.008546
vn 0.9873 0.1578 -0.01911
vn 0.988 0.153 -0.02226
vn 0.987 0.1603 -0.009897
vn 0.9874 0.1554 0.03046
vn 0.9997 0.01288 0.01986
vn 0.9959 0.08815 -0.01797
vn 0.988 0.1535 -0.01647
vn 0.9005 0.4316 0.05291
vn 0.8989 0.4349 0.05271
vn 0.8981 0.4367 0.05269
vn 0.9869 0.158 0.03135
vn 0.9874 0.1554 0.03046
vn 0.987 0.1603 -0.009897
vn 0.8995 0.437 0.0023
vn 0.8996 0.4335 0.05352
vn 0.8991 0.4346 0.05185
vn 0.8989 0.4349 0.05271
vn 0.9005 0.4316 0.05291
vn 0.8983 0.4361 0.05303
vn 0.8983 0.4361 0.05304
vn 0.8991 0.4346 0.05188
vn 0.8994 0.4339 0.05363
vn 0.9002 0.4288 0.07635
vn 0.8983 0.4361 0.05304
vn 0.8983 0.4361 0.05303
vn 0.9869 0.158 0.03135
vn 0.8981 0.4367 0.05269
vn 0.8991 0.4346 0.05192
vn 0.8983 0.4361 0.05304
vn 0.9002 0.4288 0.07634
vn 0.9877 0.1503 0.04255
vn 0.9872 0.1521 0.04794
vn 0.8989 0.4349 0.05271
vn 0.8991 0.4346 0.05188
vn 0.8981 0.4367 0.05269
vn 0.9997 0.01288 0.01986
vn 0.9874 0.1554 0.03046
vn 0.9869 0.158 0.03135
vn 0.9872 0.1521 0.04794
vn 0.9985 -0.04314 0.03479
vn 0.9993 -0.02658 0.02471
vn 0.8793 0.4589 -0.1275
vn 0.9952 -0.02166 -0.09512
vn 0.9964 0.07815 -0.03202
vn 0.9968 0.07899 -0.008546
vn 0.9959 0.08815 -0.01797
vn 0.9997 0.01288 0.01986
vn 0.9993 -0.02658 0.02471
vn 0.8734 0.4869 -0.006319
vn 0.5511 -0.2882 -0.7831
vn 0.9825 -0.01849 -0.1854
vn 0.8713 0.4769 -0.1153
vn 0.8793 0.4589 -0.1275
vn 0.8734 0.4869 -0.006319
vn 0.8279 0.5603 -0.02447
vn 0.809 0.5872 -0.02654
vn 0.8036 0.583 -0.1194
vn 0.9985 -0.04314 0.03479
vn 0.9997 -0.003713 0.02376
vn 0.8197 0.5727 -0.009701
vn 0.8279 0.5603 -0.02447
vn 0.8734 0.4869 -0.006319
vn 0.9993 -0.02658 0.02471
vn 0.9877 0.1503 0.04255
vn 0.9877 0.1503 0.04281
vn 0.9988 0.02243 0.04453
vn 0.9997 -0.003713 0.02376
vn 0.9985 -0.04314 0.03479
vn 0.9872 0.1521 0.04794
vn 0.9002 0.4287 0.07667
vn 0.9877 0.1503 0.04281
vn 0.9877 0.1503 0.04255
vn 0.9002 0.4288 0.07635
vn 0.892 0.4505 0.0375
vn 0.8297 0.5571 0.035
vn 0.8154 0.5785 0.02171
vn 0.7585 0.6517 -0.002506
vn 0.9988 0.02243 0.04453
vn 0.9877 0.1503 0.04281
vn 0.9002 0.4287 0.07667
vn 0.9009 0.4273 0.07624
vn 0.714 0.6998 0.02202
vn 0.7143 0.6999 -0.003883
vn 0.8297 0.5571 0.035
vn 0.892 0.4505 0.0375
vn 0.8742 0.4826 0.05421
vn 0.8751 0.483 0.03117
vn 0.4878 0.8727 -0.01811
vn 0.4518 0.8919 -0.01986
vn 0.4519 0.8913 -0.03731
vn 0.5069 0.8616 -0.02562
vn 0.7143 0.6999 -0.003883
vn 0.714 0.6998 0.02202
vn 0.8154 0.5785 0.02171
vn 0.8297 0.5571 0.035
vn 0.7143 0.6999 -0.003883
vn 0.5069 0.8616 -0.02562
vn 0.5069 0.8616 -0.02523
vn 0.5327 0.8461 -0.01754
vn 0.7585 0.6517 -0.002506
vn 0.8154 0.5785 0.02171
vn 0.5327 0.8461 -0.01754
vn 0.531 0.8449 -0.06389
vn 0.6891 0.724 -0.03202
vn 0.8106 0.5852 -0.02062
vn 0.5069 0.8616 -0.02523
vn 0.2101 0.9765 -0.04696
vn 0.266 0.962 -0.06196
vn 0.2658 0.961 -0.07626
vn 0.531 0.8449 -0.06389
vn 0.5327 0.8461 -0.01754
vn 0.4519 0.8913 -0.03731
vn 0.2954 0.954 -0.05089
vn 0.1015 0.9934 -0.05318
vn 0.21 0.9758 -0.06057
vn 0.2101 0.9765 -0.04696
vn 0.5069 0.8616 -0.02523
vn 0.5069 0.8616 -0.02562
vn 0.4518 0.8919 -0.01986
vn 0.2282 0.9724 -0.0486
vn 0.2954 0.954 -0.05089
vn 0.4519 0.8913 -0.03731
vn 0.2943 0.9557 -0.009236
vn 0.1259 0.992 -0.01043
vn 0.2283 0.9731 -0.03048
vn 0.2282 0.9724 -0.0486
vn 0.4518 0.8919 -0.01986
vn 0.4878 0.8727 -0.01811
vn 0.4881 0.8726 0.02108
vn 0.2952 0.9553 0.01384
vn 0.2039 0.9789 0.008726
vn 0.05469 0.9985 0.007151
vn 0.1258 0.992 -0.01233
vn 0.1259 0.992 -0.01043
vn 0.2943 0.9557 -0.009236
vn 0.597 0.8015 0.03363
vn 0.2038 0.9785 0.03085
vn 0.2039 0.9789 0.008726
vn 0.2952 0.9553 0.01384
vn 0.5973 0.8019 0.01309
vn 0.6595 0.7511 0.02965
vn 0.1466 0.989 0.01969
vn 0.1465 0.9888 0.02675
vn 0.2038 0.9785 0.03085
vn 0.597 0.8015 0.03363
vn 0.6595 0.7511 0.02962
vn 0.1987 0.98 0.009262
vn 0.1986 0.9798 0.02383
vn 0.1466 0.989 0.01969
vn 0.6595 0.7511 0.02965
vn 0.7976 0.6029 0.01883
vn 0.7976 0.6029 0.0197
vn -0.08605 0.9963 -0.00167
vn -0.07863 0.9969 -0.00204
vn -0.07864 0.9968 0.0168
vn -0.1052 0.9944 0.01355
vn 0.1986 0.9798 0.02383
vn 0.1987 0.98 0.009262
vn 0.1624 0.9867 0.006649
vn -0.1249 0.9919 -0.02158
vn -0.1844 0.9827 -0.01745
vn -0.07863 0.9969 -0.00204
vn -0.08605 0.9963 -0.00167
vn -0.2991 0.9538 -0.02683
vn -0.0214 0.9997 -0.008031
vn -0.02139 0.9997 -0.01112
vn -0.1844 0.9827 -0.01745
vn -0.1249 0.9919 -0.02158
vn -0.1249 0.9921 -0.01181
vn -0.02126 0.9997 -0.008049
vn 0.1818 0.9833 -0.003061
vn 0.1818 0.9833 -0.01135
vn 0.01333 0.9998 -0.01497
vn -0.02139 0.9997 -0.01112
vn -0.0214 0.9997 -0.008031
vn -0.07864 0.9968 0.0168
vn -0.07863 0.9969 -0.00204
vn -0.1844 0.9827 -0.01745
vn -0.02139 0.9997 -0.01112
vn 0.01333 0.9998 -0.01497
vn 0.01328 0.9997 0.01917
vn 0.01768 0.9996 0.01978
vn -0.1052 0.9944 0.01355
vn -0.07864 0.9968 0.0168
vn 0.01768 0.9996 0.01978
vn 0.01769 0.9998 0.01267
vn 0.02217 0.9997 0.01322
vn 0.02653 0.9996 0.01332
vn -0.1052 0.9942 0.02175
vn 0.01328 0.9997 0.01917
vn 0.264 0.9643 0.02265
vn 0.2639 0.9641 0.02821
vn 0.1829 0.983 0.01499
vn 0.01769 0.9998 0.01267
vn 0.01768 0.9996 0.01978
vn 0.2084 0.9779 0.01375
vn 0.264 0.9643 0.02265
vn 0.01328 0.9997 0.01917
vn 0.01333 0.9998 -0.01497
vn 0.1818 0.9833 -0.01135
vn 0.2085 0.9779 -0.01518
vn 0.3805 0.9246 0.01642
vn 0.3804 0.9244 0.02801
vn 0.3902 0.9203 0.02983
vn 0.2639 0.9641 0.02821
vn 0.264 0.9643 0.02265
vn 0.2084 0.9779 0.01375
vn 0.5524 0.8329 0.03264
vn 0.5519 0.8321 0.05479
vn 0.4509 0.892 0.03287
vn 0.3902 0.9202 0.03077
vn 0.3902 0.9203 0.02983
vn 0.3804 0.9244 0.02801
vn 0.5579 0.8292 0.0337
vn 0.5751 0.8174 0.03402
vn 0.616 0.7872 0.02841
vn 0.6151 0.7863 0.05823
vn 0.6078 0.7921 0.05663
vn 0.5519 0.8321 0.05479
vn 0.5524 0.8329 0.03264
vn 0.5651 0.8246 0.0265
vn 0.6136 0.7894 0.02015
vn 0.6126 0.7883 0.0582
vn 0.6151 0.7863 0.05823
vn 0.616 0.7872 0.02841
vn 0.5482 0.8362 0.0176
vn 0.6335 0.7737 0.0052
vn 0.6335 0.7737 0.001459
vn 0.7792 0.6261 0.02885
vn 0.7546 0.6556 0.02878
vn 0.6126 0.7883 0.0582
vn 0.6136 0.7894 0.02015
vn 0.5471 0.8355 0.05167
vn 0.4993 0.865 0.04867
vn 0.4972 0.8662 0.04939
vn 0.4979 0.8672 0.003239
vn 0.6335 0.7737 0.0052
vn 0.5482 0.8362 0.0176
vn 0.5677 0.8222 0.0409
vn 0.9996 -0.01362 0.02425
vn 0.9971 0.04781 0.05871
vn 0.3337 0.5726 0.7489
vn 0.4993 0.865 0.04867
vn 0.5471 0.8355 0.05167
vn 0.5236 0.8502 0.05437
vn 0.515 0.8556 0.05299
vn 0.5033 0.8624 0.05439
vn 0.3409 0.579 -0.7406
vn 0.9996 -0.01362 0.02425
vn 0.5677 0.8222 0.0409
vn 0.5146 0.855 0.06442
vn 0.4018 0.9132 0.06811
vn 0.4025 0.9146 0.04025
vn 0.5033 0.8624 0.05439
vn 0.515 0.8556 0.05299
vn 0.355 0.6545 -0.6675
vn 0.4733 0.8778 0.07388
vn 0.4018 0.9132 0.06811
vn 0.5146 0.855 0.06442
vn 0.4441 0.8929 0.07423
vn 0.4479 0.891 0.0749
vn 0.9984 -0.03315 0.04489
vn -0.001877 0.001872 1
vn -0.9987 0.03317 -0.03764
vn 0.4706 0.8731 0.1275
vn 0.04412 0.982 0.1837
vn -0.9974 0.03308 -0.06442
vn 0.4474 0.8899 0.08888
vn 0.4107 0.9083 0.07892
vn 0.9982 -0.0377 0.04641
vn 0.9984 -0.03316 0.04489
vn 0.4479 0.891 0.0749
vn 0.5641 0.821 0.0877
vn 0.5597 0.8158 0.1456
vn 0.4653 0.8759 0.128
vn 0.4104 0.9031 0.1266
vn 0.4107 0.9083 0.07892
vn 0.4474 0.8899 0.08888
vn 0.6344 0.7661 0.1031
vn 0.8577 0.5059 0.09157
vn 0.8587 0.5043 0.0911
vn 0.8532 0.5003 0.1476
vn 0.8134 0.5646 0.14
vn 0.5597 0.8158 0.1456
vn 0.5641 0.821 0.0877
vn 0.4653 0.8759 0.128
vn 0.5597 0.8158 0.1456
vn 0.8134 0.5646 0.14
vn 0.8064 0.5604 0.1886
vn 0.6994 0.6962 0.1614
vn 0.4629 0.8715 0.162
vn 0.9471 0.2886 0.1406
vn 0.9672 0.2053 0.1496
vn 0.8064 0.5604 0.1886
vn 0.8134 0.5646 0.14
vn 0.8532 0.5003 0.1476
vn 0.9481 0.2891 0.1321
vn 0.9391 0.3336 0.08217
vn 0.9216 0.3765 0.0946
vn 0.9183 0.3758 0.1249
vn 0.9481 0.2891 0.1321
vn 0.8532 0.5003 0.1476
vn 0.8587 0.5043 0.0911
vn 0.977 0.213 0.01039
vn 0.08607 -0.02094 0.9961
vn -0.001504 0.002578 1
vn 0.6994 0.6962 0.1614
vn 0.8064 0.5604 0.1886
vn -0.1513 0.2126 0.9654
vn 0.6385 -0.7603 0.1197
vn 0.5134 -0.8498 0.1196
vn 0.322 -0.9412 0.1018
vn -0.001563 0.002578 1
vn 0.08607 -0.02094 0.9961
vn -0.001537 0.002572 1
vn 0.322 -0.9413 0.1018
vn 0.5134 -0.8498 0.1196
vn 0.5149 -0.8531 0.08378
vn 0.6086 -0.7895 0.07975
vn 0.4537 -0.8883 0.07112
vn 0.4526 -0.8851 0.1083
vn 0.322 -0.9413 0.1018
vn 0.7008 -0.7027 0.1228
vn 0.703 -0.7036 0.1035
vn 0.7724 -0.6281 0.09396
vn 0.5149 -0.8531 0.08378
vn 0.5134 -0.8498 0.1196
vn 0.6385 -0.7603 0.1197
vn 0.8287 -0.4152 -0.3753
vn -0.1513 0.2126 0.9654
vn 0.6245 -0.7742 0.1033
vn 0.6262 -0.7782 0.0475
vn 0.6726 -0.7388 0.04305
vn 0.7755 -0.6297 0.04413
vn 0.7724 -0.6281 0.09396
vn 0.703 -0.7036 0.1035
vn 0.629 -0.7759 0.04825
vn 0.6291 -0.7759 0.04842
vn 0.1798 -0.9807 0.07731
vn 0.7951 -0.604 0.05494
vn 0.6726 -0.7388 0.04305
vn 0.6262 -0.7782 0.0475
vn 0.4577 -0.8879 0.0474
vn 0.4577 -0.8879 0.0474
vn 0.629 -0.7759 0.04825
vn 0.4606 -0.8863 0.04916
vn 0.4606 -0.8854 0.06222
vn 0.6615 -0.7477 0.05718
vn 0.6291 -0.7759 0.04842
vn 0.629 -0.7759 0.04825
vn 0.4577 -0.8879 0.0474
vn 0.6564 -0.7511 0.07084
vn 0.7618 -0.644 0.07001
vn 0.6418 -0.7661 0.03282
vn 0.1798 -0.9807 0.07731
vn 0.6291 -0.7759 0.04842
vn 0.6615 -0.7477 0.05718
vn 0.5849 -0.8099 0.04503
vn 0.5847 -0.8095 0.05378
vn 0.6725 -0.7384 0.04977
vn 0.7621 -0.6443 0.0643
vn 0.7618 -0.644 0.07001
vn 0.6564 -0.7511 0.07084
vn 0.4354 -0.899 0.04828
vn 0.46 -0.8858 0.06153
vn 0.4603 -0.8865 0.04682
vn 0.5084 -0.8599 0.04548
vn 0.5847 -0.8095 0.05378
vn 0.5849 -0.8099 0.04503
vn 0.3261 -0.9449 0.03013
vn 0.3261 -0.9453 -0.004587
vn 0.4496 -0.893 -0.01971
vn 0.5428 -0.8397 -0.01563
vn 0.5421 -0.84 0.02344
vn 0.5084 -0.8599 0.04548
vn 0.4603 -0.8865 0.04682
vn 0.1863 -0.9818 0.03623
vn 0.03761 -0.999 0.02271
vn 0.0374 -0.9993 -0.001585
vn 0.09411 -0.9955 -0.01432
vn 0.3261 -0.9453 -0.004587
vn 0.3261 -0.9449 0.03013
vn -0.104 -0.9945 -0.01011
vn -0.1016 -0.9948 -0.003367
vn 0.1123 -0.9937 -0.005287
vn 0.09411 -0.9955 -0.01432
vn 0.0374 -0.9993 -0.001585
vn -0.2529 -0.9675 0.004553
vn -0.2182 -0.9759 0.009285
vn -0.4336 -0.897 -0.08574
vn -0.5113 -0.8325 -0.2132
vn -0.5172 -0.8397 -0.1654
vn -0.7158 -0.6983 -0.003885
vn -0.2322 -0.9721 -0.03374
vn -0.1016 -0.9948 -0.003367
vn -0.104 -0.9945 -0.01011
vn -0.4105 -0.908 -0.08339
vn -0.4689 -0.858 -0.2098
vn -0.4889 -0.8482 -0.2038
vn -0.5113 -0.8325 -0.2132
vn -0.4336 -0.897 -0.08574
vn -0.4531 -0.8893 -0.06274
vn 0.004114 -0.9999 -0.01511
vn -0.3327 -0.9399 -0.07676
vn 0.1276 -0.9877 -0.09036
vn -0.3825 -0.9108 -0.1552
vn -0.4689 -0.858 -0.2098
vn -0.4105 -0.908 -0.08339
vn -0.4485 -0.8938 -0.000323
vn 0.004075 -0.9999 0.01171
vn 0.004114 -0.9999 -0.01511
vn -0.4531 -0.8893 -0.06274
vn 0.004112 -0.9999 0.01171
vn 0.004143 -1 -0.007921
vn 0.01212 -0.9999 -0.00862
vn 0.2214 -0.9751 -0.01177
vn 0.5969 -0.8022 0.01336
vn -0.3327 -0.9399 -0.07676
vn 0.004114 -0.9999 -0.01511
vn 0.004075 -0.9999 0.01171
vn 0.004153 -1 -0.007922
vn 0.004153 -1 -0.007792
vn 0.004132 -1 -0.007792
vn 0.004143 -1 -0.007921
vn 0.004156 -1 -0.007922
vn -0.003802 -1 -0.008644
vn -0.003762 -0.9999 -0.01053
vn -0.01627 -0.9998 -0.009203
vn 0.004153 -1 -0.007792
vn 0.004153 -1 -0.007922
vn 0.004127 -0.9999 0.01171
vn 0.004114 -0.9999 -0.01509
vn 0.3406 -0.9371 -0.07576
vn -0.5903 -0.8071 0.01161
vn -0.2133 -0.9769 -0.01241
vn -0.003802 -1 -0.008644
vn 0.004156 -1 -0.007922
vn -0.003762 -0.9999 -0.01053
vn -0.003802 -1 -0.008644
vn -0.2133 -0.9769 -0.01241
vn -0.3695 -0.929 -0.02087
vn -0.2975 -0.9542 -0.03012
vn -0.5903 -0.8071 0.01161
vn -0.6959 -0.7173 -0.03483
vn -0.7491 -0.6623 -0.01668
vn -0.3695 -0.929 -0.02087
vn -0.2133 -0.9769 -0.01241
vn 0.3406 -0.9371 -0.07576
vn -0.1192 -0.9887 -0.09072
vn -0.2229 -0.9541 -0.2
vn -0.7371 -0.6751 -0.03114
vn -0.6959 -0.7173 -0.03483
vn -0.5903 -0.8071 0.01161
vn -0.7491 -0.6623 -0.01668
vn -0.6959 -0.7173 -0.03483
vn -0.7371 -0.6751 -0.03114
vn -0.7454 -0.6657 -0.03396
vn -0.7836 -0.6211 -0.01691
vn -0.2229 -0.9541 -0.2
vn -0.04041 -0.9824 -0.1823
vn -0.377 -0.9187 -0.1175
vn -0.7454 -0.6657 -0.03396
vn -0.7371 -0.6751 -0.03114
vn -0.7836 -0.6211 -0.01691
vn -0.7454 -0.6657 -0.03396
vn -0.377 -0.9187 -0.1175
vn -0.5923 -0.796 -0.1246
vn -0.6719 -0.7346 -0.09465
vn -0.9157 -0.4019 -0.000729
vn -0.8974 -0.4412 -0.007766
vn -0.7075 -0.7067 -0.004563
vn -0.6257 -0.7775 -0.06341
vn -0.3126 -0.9491 -0.04008
vn -0.2975 -0.9542 -0.03012
vn -0.3695 -0.929 -0.02087
vn -0.7491 -0.6623 -0.01668
vn -0.7836 -0.6211 -0.01691
vn -0.7075 -0.7067 -0.004563
vn -0.7072 -0.7064 -0.02919
vn -0.8848 -0.4617 -0.062
vn -0.7072 -0.7064 -0.02919
vn -0.7075 -0.7067 -0.004563
vn -0.8974 -0.4412 -0.007766
vn -0.9195 -0.393 -0.0122
vn -0.8645 -0.5026 -0.009302
vn -0.8848 -0.4617 -0.062
vn -0.9195 -0.393 -0.0122
vn -0.9151 -0.403 -0.01257
vn -0.9131 -0.4076 -0.006627
vn -0.8969 -0.442 -0.01052
vn -0.902 -0.4317 -0.003822
vn -0.8871 -0.4616 -0.003351
vn -0.8645 -0.5026 -0.009302
vn -0.8969 -0.442 -0.01052
vn -0.8404 -0.5419 -0.0004923
vn -0.902 -0.4317 -0.00805
vn -0.902 -0.4317 -0.003822
vn -0.8969 -0.442 -0.01052
vn -0.9131 -0.4076 -0.006627
vn -0.8931 -0.4498 -0.004585
vn -0.8931 -0.4498 0.01214
vn -0.8387 -0.5439 0.02571
vn -0.83 -0.5571 0.02793
vn -0.8402 -0.5418 0.0215
vn -0.8404 -0.5419 -0.0004923
vn -0.8931 -0.4498 0.01214
vn -0.8387 -0.5439 0.02736
vn -0.8559 -0.5171 0.0096
vn -0.8387 -0.5439 0.02571
vn -0.8387 -0.5439 0.02736
vn -0.752 -0.6589 0.01965
vn -0.721 -0.6924 0.02729
vn -0.8023 -0.5924 -0.07413
vn -0.8049 -0.593 0.02306
vn -0.8931 -0.4498 -0.004585
vn -0.8077 -0.5892 -0.01862
vn -0.752 -0.659 -0.01325
vn -0.752 -0.6589 0.01965
vn -0.8387 -0.5439 0.02736
vn -0.8931 -0.4498 0.01214
vn -0.9152 -0.4029 -0.01253
vn -0.8685 -0.4943 -0.03634
vn -0.8075 -0.5891 -0.03166
vn -0.8077 -0.5892 -0.01862
vn -0.8931 -0.4498 -0.004585
vn -0.9131 -0.4076 -0.006627
vn -0.9157 -0.4019 -0.000729
vn -0.9152 -0.4029 -0.01253
vn -0.9195 -0.393 -0.0122
vn -0.8974 -0.4412 -0.007766
vn -0.6719 -0.7346 -0.09465
vn -0.6618 -0.7325 -0.1599
vn -0.8685 -0.4943 -0.03634
vn -0.9152 -0.4028 -0.0125
vn -0.9157 -0.4019 -0.000729
vn -0.7934 -0.6087 -0.007892
vn -0.7924 -0.6083 -0.04553
vn -0.8075 -0.5891 -0.03166
vn -0.8685 -0.4943 -0.03634
vn -0.6618 -0.7325 -0.1599
vn -0.5027 -0.8378 -0.2129
vn -0.6426 -0.6921 -0.3288
vn -0.6476 -0.7003 -0.3002
vn -0.752 -0.659 -0.01325
vn -0.8077 -0.5892 -0.01862
vn -0.8075 -0.5891 -0.03166
vn -0.7924 -0.6083 -0.04553
vn -0.537 -0.8434 -0.02022
vn -0.5303 -0.8477 -0.01459
vn -0.5301 -0.8475 -0.02725
vn -0.721 -0.6924 0.02729
vn -0.752 -0.6589 0.01965
vn -0.752 -0.659 -0.01325
vn -0.5301 -0.8475 -0.02725
vn -0.4111 -0.9115 -0.01398
vn -0.6016 -0.794 -0.08756
vn -0.6036 -0.7962 -0.04056
vn -0.7891 -0.6055 -0.104
vn -0.8593 -0.4868 -0.1568
vn -0.8668 -0.4908 -0.0878
vn -0.8319 -0.5483 -0.08544
vn -0.8023 -0.5924 -0.07413
vn -0.721 -0.6924 0.02729
vn -0.6036 -0.7962 -0.04056
vn -0.8403 -0.5418 -0.0199
vn -0.8049 -0.593 0.02306
vn -0.8023 -0.5924 -0.07413
vn -0.8319 -0.5483 -0.08544
vn -0.8337 -0.552 -0.01681
vn -0.8944 -0.4455 -0.03891
vn -0.878 -0.4777 -0.02916
vn -0.8412 -0.5406 0.01369
vn -0.8403 -0.5418 -0.0199
vn -0.8337 -0.552 -0.01681
vn -0.893 -0.4449 -0.0675
vn -0.963 -0.2453 -0.1114
vn -0.966 -0.231 -0.1164
vn -0.9667 -0.2311 -0.1096
vn -0.922 -0.3804 -0.07192
vn -0.8944 -0.4455 -0.03891
vn -0.893 -0.4449 -0.0675
vn -0.9598 -0.2435 -0.1394
vn -0.963 -0.2453 -0.1114
vn -0.893 -0.4449 -0.0675
vn -0.8337 -0.552 -0.01681
vn -0.8319 -0.5483 -0.08544
vn -0.8668 -0.4908 -0.0878
vn -0.9584 -0.2514 -0.1352
vn -0.8593 -0.4868 -0.1568
vn -0.8962 -0.408 -0.1745
vn -0.8996 -0.4095 -0.1519
vn -0.9584 -0.2514 -0.1352
vn -0.8668 -0.4908 -0.0878
vn -0.7834 -0.6013 -0.1572
vn -0.7891 -0.6055 -0.104
vn -0.6036 -0.7962 -0.04056
vn -0.6016 -0.794 -0.08756
vn -0.649 -0.7547 -0.09648
vn -0.6904 -0.715 -0.11
vn -0.4111 -0.9115 -0.01398
vn -0.4111 -0.9112 0.02686
vn -0.4287 -0.903 0.02645
vn -0.4433 -0.8961 0.02131
vn -0.4815 -0.8557 -0.1897
vn -0.6543 -0.75 -0.09637
vn -0.649 -0.7547 -0.09648
vn -0.6016 -0.794 -0.08756
vn -0.6902 -0.7147 -0.1134
vn -0.6904 -0.715 -0.11
vn -0.649 -0.7547 -0.09648
vn -0.6543 -0.75 -0.09637
vn -0.676 -0.7297 -0.1027
vn -0.676 -0.7297 -0.1027
vn -0.6543 -0.75 -0.09637
vn -0.4815 -0.8557 -0.1897
vn -0.582 -0.7872 -0.2038
vn -0.5855 -0.7839 -0.2064
vn -0.4433 -0.8961 0.02131
vn -0.5994 -0.8005 -0.0009209
vn -0.582 -0.7872 -0.2038
vn -0.4815 -0.8557 -0.1897
vn -0.9233 -0.3805 -0.05155
vn -0.8997 -0.3708 -0.2301
vn -0.8671 -0.4354 -0.2422
vn -0.5855 -0.7839 -0.2064
vn -0.582 -0.7872 -0.2038
vn -0.5994 -0.8005 -0.0009209
vn -0.5971 -0.8022 -0.001078
vn -0.4778 -0.8729 0.09845
vn -0.657 -0.7498 0.07891
vn -0.595 -0.7982 0.09408
vn -0.5971 -0.8022 -0.001078
vn -0.5994 -0.8005 -0.0009209
vn -0.4433 -0.8961 0.02131
vn -0.4287 -0.903 0.02645
vn -0.2742 -0.9427 0.1902
vn -0.4778 -0.8729 0.09845
vn -0.4287 -0.903 0.02645
vn -0.4111 -0.9112 0.02686
vn -0.4695 -0.8829 -0.007448
vn -0.2722 -0.9436 0.1885
vn -0.5303 -0.8477 -0.01459
vn -0.4695 -0.8829 -0.007448
vn -0.4111 -0.9112 0.02686
vn -0.4111 -0.9115 -0.01398
vn -0.5301 -0.8475 -0.02725
vn -0.5975 -0.7845 -0.166
vn -0.6848 -0.7133 -0.1492
vn -0.4855 -0.8739 0.02348
vn -0.2722 -0.9436 0.1885
vn -0.4695 -0.8829 -0.007448
vn -0.5303 -0.8477 -0.01459
vn -0.537 -0.8434 -0.02022
vn -0.537 -0.8417 0.05611
vn -0.8384 -0.3981 -0.3724
vn -0.6848 -0.7133 -0.1492
vn -0.5975 -0.7845 -0.166
vn -0.6054 -0.7764 -0.1755
vn -0.6212 -0.4442 -0.6456
vn -0.557 -0.3904 -0.733
vn -0.8702 -0.08392 -0.4855
vn -0.4097 -0.8933 -0.1848
vn -0.6054 -0.7764 -0.1755
vn -0.5975 -0.7845 -0.166
vn -0.6212 -0.4442 -0.6456
vn -0.6054 -0.7764 -0.1755
vn -0.4097 -0.8933 -0.1848
vn -0.3807 -0.9216 0.07552
vn 0.4843 -0.8453 -0.2257
vn -0.557 -0.3904 -0.733
vn -0.6212 -0.4442 -0.6456
vn 0.4843 -0.8453 -0.2257
vn 0.7724 -0.2688 -0.5755
vn -0.1671 0.3987 -0.9017
vn -0.1734 0.4055 -0.8975
vn 0.7183 -0.6616 0.2154
vn 0.7936 -0.5598 0.2383
vn 0.7847 -0.303 -0.5408
vn 0.7724 -0.2688 -0.5755
vn 0.4843 -0.8453 -0.2257
vn -0.3807 -0.9216 0.07552
vn -0.3807 -0.9216 0.07552
vn -0.4097 -0.8933 -0.1848
vn -0.1671 0.3987 -0.9017
vn 0.7724 -0.2688 -0.5755
vn 0.7847 -0.303 -0.5408
vn -0.1674 0.9078 -0.3846
vn -0.7358 0.4084 -0.5402
vn -0.6811 0.4914 -0.5428
vn -0.6198 0.5549 -0.5549
vn -0.1734 0.4055 -0.8975
vn -0.1671 0.3987 -0.9017
vn -0.557 -0.3904 -0.733
vn -0.1734 0.4055 -0.8975
vn -0.6198 0.5549 -0.5549
vn -0.7974 0.2288 -0.5584
vn -0.8702 -0.08392 -0.4855
vn -0.6811 0.4914 -0.5428
vn -0.742 0.4959 -0.4511
vn -0.8591 0.2782 -0.4296
vn -0.7974 0.2288 -0.5584
vn -0.6198 0.5549 -0.5549
vn -0.7358 0.4084 -0.5402
vn -0.7851 0.4549 -0.4203
vn -0.7532 0.5078 -0.4181
vn -0.8427 0.3483 -0.4105
vn -0.742 0.4959 -0.4511
vn -0.6811 0.4914 -0.5428
vn -0.1674 0.9078 -0.3846
vn -0.1535 0.9456 -0.2867
vn -0.2981 0.8919 -0.3401
vn -0.7851 0.4549 -0.4203
vn -0.7358 0.4084 -0.5402
vn 0.4827 0.8752 0.03204
vn 0.4581 0.8887 0.02102
vn 0.4108 0.9115 0.01984
vn 0.4481 0.894 -0.006973
vn 0.4476 0.8941 -0.01714
vn 0.2648 0.956 -0.1263
vn -0.1535 0.9456 -0.2867
vn -0.1674 0.9078 -0.3846
vn -0.2981 0.8919 -0.3401
vn -0.1535 0.9456 -0.2867
vn 0.2648 0.956 -0.1263
vn 0.2586 0.9626 -0.08043
vn 0.05575 0.9854 -0.1611
vn -0.3246 0.9112 -0.2535
vn 0.4476 0.8941 -0.01714
vn -0.1492 0.9826 -0.1103
vn -0.1504 0.983 -0.1049
vn -0.5571 0.808 -0.1918
vn 0.2586 0.9626 -0.08043
vn 0.2648 0.956 -0.1263
vn 0.05575 0.9854 -0.1611
vn 0.2586 0.9626 -0.08043
vn -0.5571 0.808 -0.1918
vn -0.5801 0.7897 -0.1995
vn -0.1504 0.983 -0.1049
vn -0.6116 0.7761 -0.1535
vn -0.6567 0.739 -0.1508
vn -0.6544 0.7397 -0.1566
vn -0.7161 0.6685 -0.2008
vn -0.5702 0.7949 -0.2073
vn -0.5745 0.7953 -0.1935
vn -0.5801 0.7897 -0.1995
vn -0.5571 0.808 -0.1918
vn 0.05575 0.9854 -0.1611
vn -0.5801 0.7897 -0.1995
vn -0.5745 0.7953 -0.1935
vn -0.5144 0.8355 -0.1935
vn -0.5964 0.7344 -0.324
vn -0.3246 0.9112 -0.2535
vn -0.5702 0.7949 -0.2073
vn -0.6764 0.6869 -0.2657
vn -0.7236 0.6364 -0.2671
vn -0.5144 0.8355 -0.1935
vn -0.5745 0.7953 -0.1935
vn -0.7161 0.6685 -0.2008
vn -0.7141 0.6659 -0.2161
vn -0.678 0.7025 -0.2163
vn -0.6764 0.6869 -0.2657
vn -0.5702 0.7949 -0.2073
vn -0.6544 0.7397 -0.1566
vn -0.785 0.5963 -0.1679
vn -0.8001 0.578 -0.1602
vn -0.8002 0.5795 -0.1542
vn -0.8154 0.5576 -0.1557
vn -0.7141 0.6659 -0.2161
vn -0.7161 0.6685 -0.2008
vn -0.6567 0.739 -0.1508
vn -0.8684 0.4663 -0.1687
vn -0.7762 0.6028 -0.1848
vn -0.785 0.5963 -0.1679
vn -0.6544 0.7397 -0.1566
vn -0.7423 0.6385 -0.2035
vn -0.7706 0.6166 -0.1609
vn -0.768 0.6203 -0.1596
vn -0.8001 0.578 -0.1602
vn -0.785 0.5963 -0.1679
vn -0.7762 0.6028 -0.1848
vn -0.8574 0.4751 -0.1977
vn -0.7499 0.6297 -0.2027
vn -0.8684 0.4663 -0.1687
vn -0.8684 0.4663 -0.1684
vn -0.9382 0.3036 -0.166
vn -0.8574 0.4751 -0.1977
vn -0.7762 0.6028 -0.1848
vn -0.7381 0.6367 -0.2231
vn -0.7499 0.6297 -0.2027
vn -0.8574 0.4751 -0.1977
vn -0.9382 0.3036 -0.166
vn -0.9246 0.3101 -0.2212
vn -0.9678 0.1598 -0.1945
vn -0.9246 0.3102 -0.2212
vn -0.9382 0.3036 -0.166
vn -0.8684 0.4663 -0.1684
vn -0.852 0.4942 -0.1728
vn -0.8444 0.4958 -0.2029
vn -0.9678 0.1599 -0.1945
vn -0.8444 0.4958 -0.2029
vn -0.8942 0.4044 -0.192
vn 0.6735 -0.148 -0.7243
vn 0.7304 -0.003163 -0.6831
vn -0.852 0.4942 -0.1728
vn -0.6123 0.7762 -0.1507
vn -0.5928 0.791 -0.1511
vn -0.5874 0.7863 -0.1915
vn -0.8942 0.4044 -0.192
vn -0.8444 0.4958 -0.2029
vn -0.6116 0.7761 -0.1535
vn -0.6123 0.7762 -0.1507
vn -0.852 0.4942 -0.1728
vn -0.8684 0.4663 -0.1684
vn -0.8684 0.4663 -0.1687
vn -0.6567 0.739 -0.1508
vn -0.1492 0.9826 -0.1103
vn -0.05194 0.9948 -0.08709
vn -0.5928 0.791 -0.1511
vn -0.6123 0.7762 -0.1507
vn -0.6116 0.7761 -0.1535
vn -0.1504 0.983 -0.1049
vn 0.4481 0.894 -0.006973
vn -0.05212 0.9949 -0.0858
vn -0.05194 0.9948 -0.08709
vn -0.1492 0.9826 -0.1103
vn 0.4476 0.8941 -0.01714
vn -0.2511 0.9564 -0.1489
vn -0.05212 0.9949 -0.0858
vn 0.4481 0.894 -0.006973
vn 0.4108 0.9115 0.01984
vn 0.4316 0.9017 0.02552
vn 0.4843 0.8742 0.03442
vn -0.5874 0.7863 -0.1915
vn -0.5928 0.791 -0.1511
vn -0.05194 0.9948 -0.08709
vn -0.05212 0.9949 -0.0858
vn -0.2511 0.9564 -0.1489
vn -0.272 0.9499 -0.154
vn -0.7313 0.6561 -0.1864
vn -0.8942 0.4044 -0.192
vn -0.5874 0.7863 -0.1915
vn -0.7313 0.6561 -0.1864
vn 0.6032 -0.3589 -0.7123
vn 0.6724 -0.1486 -0.7251
vn 0.6735 -0.148 -0.7243
vn -0.272 0.9499 -0.154
vn -0.2065 0.4721 -0.857
vn 0.5132 -0.2903 -0.8077
vn 0.4842 -0.4361 -0.7585
vn 0.6032 -0.3589 -0.7123
vn -0.7313 0.6561 -0.1864
vn 0.6724 -0.1486 -0.7251
vn 0.6032 -0.3589 -0.7123
vn 0.4842 -0.4361 -0.7585
vn 0.7472 -0.659 -0.08614
vn 0.5752 -0.8149 -0.07128
vn 0.9352 -0.3445 -0.08224
vn 0.986 -0.1421 -0.08701
vn 0.7511 -0.03429 -0.6593
vn 0.7304 -0.003163 -0.6831
vn 0.6735 -0.148 -0.7243
vn 0.6724 -0.1486 -0.7251
vn 0.9352 -0.3445 -0.08224
vn 0.9785 -0.185 -0.09113
vn 0.9785 -0.185 -0.09113
vn 0.9352 -0.3445 -0.08224
vn 0.5752 -0.8149 -0.07128
vn 0.5766 -0.8169 -0.01599
vn 0.9739 -0.1842 -0.1325
vn 0.7472 -0.659 -0.08614
vn 0.5755 -0.8134 -0.08437
vn 0.5841 -0.8116 0.009044
vn 0.7416 -0.669 -0.05023
vn 0.5766 -0.8169 -0.01599
vn 0.5752 -0.8149 -0.07128
vn 0.5132 -0.2903 -0.8077
vn -0.05853 -0.7526 -0.6559
vn 0.2124 -0.9752 -0.06164
vn 0.5755 -0.8134 -0.08437
vn 0.7472 -0.659 -0.08614
vn 0.4842 -0.4361 -0.7585
vn 0.4124 -0.1587 -0.8971
vn 0.5132 -0.2903 -0.8077
vn -0.6638 0.7335 -0.1463
vn -0.9511 0.2753 -0.1404
vn -0.3829 0.09596 -0.9188
vn -0.08028 -0.8269 -0.5566
vn -0.05853 -0.7526 -0.6559
vn 0.5132 -0.2903 -0.8077
vn 0.4124 -0.1587 -0.8971
vn -0.2511 0.9564 -0.1489
vn -0.9538 0.2998 0.01765
vn -0.9539 0.2998 0.01766
vn -0.4849 -0.8739 -0.03462
vn -0.4849 -0.8739 -0.03463
vn -0.9511 0.2753 -0.1404
vn -0.6638 0.7335 -0.1463
vn -0.272 0.9499 -0.154
vn -0.4849 -0.8739 -0.03463
vn -0.9511 0.2753 -0.1404
vn -0.3829 0.09596 -0.9188
vn -0.4482 -0.8935 -0.02649
vn -0.4739 -0.88 -0.03218
vn -0.5015 -0.8646 -0.03132
vn -0.4877 -0.8723 -0.03666
vn -0.4849 -0.8739 -0.03462
vn -0.08028 -0.8269 -0.5566
vn -0.3829 0.09596 -0.9188
vn -0.4482 -0.8935 -0.02649
vn -0.05853 -0.7526 -0.6559
vn -0.08028 -0.8269 -0.5566
vn -0.4482 -0.8935 -0.02649
vn -0.4324 -0.9013 -0.02785
vn -0.455 -0.8899 -0.03235
vn -0.4517 -0.8915 -0.0351
vn 0.2124 -0.9752 -0.06164
vn -0.4739 -0.88 -0.03218
vn -0.6462 0.2682 -0.7144
vn -0.3226 0.1849 -0.9283
vn -0.4324 -0.9013 -0.02785
vn -0.4482 -0.8935 -0.02649
vn -0.5015 -0.8646 -0.03132
vn -0.8662 0.3087 -0.393
vn -0.6463 0.2681 -0.7144
vn -0.4739 -0.88 -0.03218
vn -0.4877 -0.8723 -0.03666
vn -0.9461 0.3079 -0.1002
vn -0.8661 0.3088 -0.393
vn -0.5015 -0.8646 -0.03132
vn -0.6463 0.268 -0.7144
vn -0.8661 0.3088 -0.393
vn 0.4526 0.8917 0.007306
vn -0.9461 0.3079 -0.1002
vn 0.4917 0.8699 0.03712
vn 0.4526 0.8917 0.007306
vn -0.8661 0.3089 -0.393
vn 0.4316 0.9017 0.02552
vn -0.3225 0.1851 -0.9283
vn -0.6463 0.2681 -0.7144
vn 0.4526 0.8917 0.007306
vn 0.4917 0.8699 0.03712
vn 0.4843 0.8742 0.03442
vn 0.4843 0.8742 0.03442
vn 0.4917 0.8699 0.03712
vn -0.9461 0.3079 -0.1002
vn -0.9539 0.2998 0.01766
vn -0.9539 0.2998 0.01766
vn -0.9461 0.3079 -0.1002
vn -0.4877 -0.8723 -0.03666
vn -0.4849 -0.8739 -0.03462
vn -0.9538 0.2998 0.01763
vn -0.4849 -0.8739 -0.03463
vn 0.4581 0.8887 0.02102
vn -0.06264 0.1356 -0.9888
vn -0.07558 0.1123 -0.9908
vn -0.3226 0.1849 -0.9283
vn 0.4316 0.9017 0.02552
vn 0.4108 0.9115 0.01984
vn 0.4827 0.8752 0.03204
vn 0.5883 0.8078 0.03613
vn 0.1006 0.09238 -0.9906
vn 0.07131 0.05839 -0.9957
vn -0.04927 0.1279 -0.9906
vn 0.4581 0.8887 0.02102
vn 0.5932 0.8042 0.03724
vn 0.5883 0.8078 0.03613
vn 0.4827 0.8752 0.03204
vn 0.1006 0.09238 -0.9906
vn 0.5883 0.8078 0.03613
vn 0.5932 0.8042 0.03724
vn 0.8243 0.5643 0.04462
vn 0.8257 0.5623 0.04429
vn 0.1202 0.07351 -0.99
vn 0.8243 0.5643 0.04462
vn 0.5932 0.8042 0.03724
vn 0.8722 0.4871 0.04557
vn 0.8257 0.5623 0.04429
vn 0.8243 0.5643 0.04462
vn 0.1202 0.07351 -0.99
vn 0.8257 0.5623 0.04429
vn 0.8722 0.4871 0.04557
vn 0.8804 0.4724 0.04214
vn 0.2095 -0.05232 -0.9764
vn 0.2165 -0.04862 -0.9751
vn 0.1201 0.07345 -0.99
vn 0.1006 0.09238 -0.9906
vn 0.1201 0.07348 -0.99
vn -0.8254 -0.562 -0.05431
vn -0.5903 -0.8064 -0.03562
vn 0.07131 0.05839 -0.9957
vn 0.2165 -0.04862 -0.9751
vn -0.8786 -0.4735 -0.06215
vn -0.8255 -0.5618 -0.05435
vn 0.1201 0.07345 -0.99
vn -0.5903 -0.8064 -0.03562
vn -0.8255 -0.5618 -0.05435
vn -0.7914 -0.5487 0.2697
vn -0.5768 -0.7724 0.266
vn -0.5903 -0.8064 -0.03562
vn -0.8786 -0.4735 -0.06215
vn -0.8601 -0.5087 -0.03798
vn -0.8572 -0.5139 -0.03229
vn -0.9609 -0.1695 0.2188
vn -0.9592 -0.1784 0.2192
vn -0.7914 -0.5487 0.2697
vn -0.8256 -0.5616 -0.05439
vn -0.4084 -0.8801 0.2423
vn -0.5768 -0.7724 0.266
vn -0.7914 -0.5487 0.2697
vn -0.9592 -0.1784 0.2192
vn -0.9592 -0.1784 0.2192
vn -0.9609 -0.1695 0.2188
vn -0.9826 0.0995 0.1568
vn -0.9078 0.416 0.05362
vn -0.8572 -0.5139 -0.03229
vn -0.9725 -0.208 -0.1046
vn -0.9826 0.0995 0.1568
vn -0.9609 -0.1695 0.2188
vn -0.8601 -0.5087 -0.03798
vn -0.8431 -0.5366 -0.03446
vn -0.43 0.4637 -0.7746
vn -0.7479 0.2665 -0.608
vn -0.9217 0.3515 -0.164
vn -0.9725 -0.208 -0.1046
vn -0.8572 -0.5139 -0.03229
vn 0.2165 -0.04862 -0.9751
vn 0.2095 -0.05232 -0.9764
vn 0.3413 -0.2678 -0.901
vn -0.8158 -0.5771 -0.03685
vn -0.8431 -0.5366 -0.03446
vn -0.8601 -0.5087 -0.03798
vn -0.8786 -0.4735 -0.06215
vn -0.43 0.4637 -0.7746
vn -0.8431 -0.5366 -0.03446
vn -0.8158 -0.5771 -0.03685
vn -0.813 -0.5812 -0.0353
vn 0.3413 -0.2678 -0.901
vn 0.3472 -0.2641 -0.8998
vn 0.5423 -0.5706 -0.6167
vn -0.6659 -0.7451 -0.03733
vn -0.7608 -0.6484 -0.02723
vn -0.813 -0.5812 -0.0353
vn -0.8158 -0.5771 -0.03685
vn 0.8804 0.4724 0.04214
vn 0.8718 0.4882 0.03894
vn 0.8147 0.5786 0.03736
vn 0.3472 -0.2641 -0.8998
vn 0.3413 -0.2678 -0.901
vn 0.2095 -0.05232 -0.9764
vn 0.9823 -0.02183 -0.186
vn 0.9926 -0.03367 -0.1163
vn 0.9832 0.1716 -0.06178
vn 0.8722 0.487 0.046
vn 0.8726 0.4853 0.05589
vn 0.8804 0.4724 0.04214
vn 0.8722 0.4871 0.04557
vn 0.9722 0.2295 0.0462
vn 0.5932 -0.7484 0.2968
vn 0.6964 -0.6547 0.294
vn 0.7631 0.6457 0.02827
vn 0.8147 0.5786 0.03736
vn 0.8726 0.4853 0.05589
vn 0.5776 -0.7596 0.2988
vn 0.9652 0.2105 0.1555
vn 0.5932 -0.7484 0.2968
vn 0.873 0.4822 0.07282
vn 0.8722 0.487 0.046
vn 0.9072 0.418 0.04737
vn 0.9721 0.2309 0.04046
vn 0.9652 0.2105 0.1555
vn -0.813 -0.5812 -0.0353
vn -0.7608 -0.6484 -0.02723
vn 0.5983 -0.7446 0.2961
vn 0.9702 0.2203 0.101
vn 0.9721 0.2309 0.04046
vn 0.9949 -0.09271 0.03877
vn 0.7652 -0.6437 0.01108
vn 0.7172 -0.6968 0.01236
vn 0.4562 -0.8899 0.008409
vn 0.9072 0.418 0.04737
vn 0.9072 0.4181 0.04581
vn 0.9954 -0.09278 0.02502
vn 0.9949 -0.09271 0.03877
vn 0.9721 0.2309 0.04046
vn 0.9832 0.1716 -0.06178
vn 0.9875 0.1561 0.01937
vn 0.9072 0.4181 0.04581
vn 0.9072 0.418 0.04737
vn 0.8722 0.487 0.046
vn 0.9926 -0.03367 -0.1163
vn 0.903 -0.3736 -0.2123
vn 0.9135 -0.4016 -0.06519
vn 0.9875 0.1561 0.01937
vn 0.9832 0.1716 -0.06178
vn 0.9823 -0.02183 -0.186
vn 0.5587 -0.7404 -0.3738
vn 0.5635 -0.7788 -0.2756
vn 0.903 -0.3736 -0.2123
vn 0.9926 -0.03367 -0.1163
vn 0.4173 -0.2746 -0.8663
vn 0.506 -0.7797 -0.3689
vn 0.538 -0.7552 -0.3745
vn 0.5587 -0.7404 -0.3738
vn 0.9823 -0.02183 -0.186
vn 0.5635 -0.7788 -0.2756
vn 0.5587 -0.7404 -0.3738
vn 0.538 -0.7552 -0.3745
vn 0.5513 -0.7929 -0.2597
vn 0.6162 -0.74 -0.2696
vn 0.506 -0.7797 -0.3689
vn 0.06555 -0.935 -0.3486
vn 0.07904 -0.9655 -0.248
vn 0.5513 -0.7929 -0.2597
vn 0.538 -0.7552 -0.3745
vn 0.4173 -0.2746 -0.8663
vn 0.4167 -0.2572 -0.8719
vn -0.2468 -0.5164 -0.82
vn 0.003865 -0.9418 -0.3361
vn 0.06555 -0.935 -0.3486
vn 0.506 -0.7797 -0.3689
vn -0.1638 0.7083 -0.6867
vn -0.1467 0.6993 -0.6996
vn 0.4167 -0.2572 -0.8719
vn 0.4173 -0.2746 -0.8663
vn -0.2468 -0.5164 -0.82
vn 0.4167 -0.2572 -0.8719
vn -0.1467 0.6993 -0.6996
vn -0.8252 0.4376 -0.3572
vn -0.3833 -0.6872 -0.6171
vn -0.9191 -0.3914 0.04638
vn -0.8252 0.4376 -0.3572
vn -0.1467 0.6993 -0.6996
vn -0.1638 0.7083 -0.6867
vn -0.4853 0.8674 0.11
vn -0.6861 0.725 0.06073
vn -0.6476 -0.7003 -0.3002
vn -0.6426 -0.6921 -0.3288
vn -0.3833 -0.6872 -0.6171
vn -0.8252 0.4376 -0.3572
vn -0.9191 -0.3914 0.04638
vn -0.8625 -0.4105 -0.2959
vn -0.5027 -0.8378 -0.2129
vn 0.003865 -0.9418 -0.3361
vn -0.2468 -0.5164 -0.82
vn -0.3833 -0.6872 -0.6171
vn -0.6426 -0.6921 -0.3288
vn -0.6476 -0.7003 -0.3002
vn -0.8625 -0.4105 -0.2959
vn -0.8625 -0.4105 -0.2959
vn -0.9191 -0.3914 0.04638
vn -0.5923 -0.796 -0.1246
vn 0.229 -0.941 -0.2494
vn 0.07904 -0.9655 -0.248
vn 0.06555 -0.935 -0.3486
vn 0.003865 -0.9418 -0.3361
vn -0.5027 -0.8378 -0.2129
vn -0.6618 -0.7325 -0.1599
vn -0.6719 -0.7346 -0.09465
vn -0.377 -0.9187 -0.1175
vn -0.04041 -0.9824 -0.1823
vn 0.237 -0.9507 -0.2002
vn 0.229 -0.941 -0.2494
vn -0.5923 -0.796 -0.1246
vn 0.6162 -0.74 -0.2696
vn 0.5513 -0.7929 -0.2597
vn 0.07904 -0.9655 -0.248
vn 0.229 -0.941 -0.2494
vn 0.237 -0.9507 -0.2002
vn 0.4384 -0.8729 -0.2144
vn 0.6322 -0.7587 -0.1572
vn 0.9135 -0.4016 -0.06519
vn 0.903 -0.3736 -0.2123
vn 0.5635 -0.7788 -0.2756
vn 0.6162 -0.74 -0.2696
vn 0.6322 -0.7587 -0.1572
vn 0.5755 -0.8023 -0.1583
vn 0.9072 0.4181 0.04581
vn 0.9875 0.1561 0.01937
vn 0.9135 -0.4016 -0.06519
vn 0.5755 -0.8023 -0.1583
vn 0.5661 -0.812 -0.1418
vn 0.4915 -0.8579 -0.1493
vn 0.6457 -0.7624 0.04244
vn 0.841 -0.5409 0.01524
vn 0.9954 -0.09278 0.02502
vn 0.4384 -0.8729 -0.2144
vn 0.3901 -0.9067 -0.1601
vn 0.4983 -0.8482 -0.1794
vn 0.5661 -0.812 -0.1418
vn 0.5755 -0.8023 -0.1583
vn 0.6322 -0.7587 -0.1572
vn -0.1192 -0.9887 -0.09072
vn 0.3905 -0.9076 -0.1541
vn 0.3901 -0.9067 -0.1601
vn 0.4384 -0.8729 -0.2144
vn 0.237 -0.9507 -0.2002
vn -0.04041 -0.9824 -0.1823
vn -0.2229 -0.9541 -0.2
vn 0.3406 -0.9371 -0.07576
vn 0.004114 -0.9999 -0.01509
vn 0.4606 -0.8855 -0.06139
vn 0.4183 -0.9046 -0.08217
vn 0.4767 -0.854 -0.2084
vn 0.3905 -0.9076 -0.1541
vn -0.1192 -0.9887 -0.09072
vn 0.4983 -0.8482 -0.1794
vn 0.3901 -0.9067 -0.1601
vn 0.3905 -0.9076 -0.1541
vn 0.4767 -0.854 -0.2084
vn 0.4965 -0.8441 -0.2024
vn 0.4915 -0.8579 -0.1493
vn 0.5661 -0.812 -0.1418
vn 0.4983 -0.8482 -0.1794
vn 0.4965 -0.8441 -0.2024
vn 0.5188 -0.8283 -0.2117
vn 0.5246 -0.8354 -0.1638
vn 0.6457 -0.7624 0.04244
vn 0.4915 -0.8579 -0.1493
vn 0.5246 -0.8354 -0.1638
vn 0.7215 -0.6924 -0.001758
vn 0.4717 -0.8812 0.03055
vn 0.841 -0.5409 0.01524
vn 0.6457 -0.7624 0.04244
vn 0.4717 -0.8812 0.03055
vn 0.472 -0.8816 -0.007832
vn 0.4831 -0.8755 -0.008155
vn 0.841 -0.5409 0.01121
vn 0.7215 -0.6924 -0.001758
vn 0.2403 -0.9701 -0.03304
vn 0.2404 -0.9705 -0.0169
vn 0.2639 -0.9643 -0.02014
vn 0.472 -0.8816 -0.007832
vn 0.4717 -0.8812 0.03055
vn 0.5188 -0.8283 -0.2117
vn 0.4412 -0.8934 -0.08445
vn 0.2263 -0.974 0.009943
vn 0.2609 -0.9654 0.005311
vn 0.1122 -0.9936 -0.00979
vn 0.1098 -0.9939 -0.003056
vn 0.2403 -0.9701 -0.03304
vn 0.7215 -0.6924 -0.001758
vn 0.5246 -0.8354 -0.1638
vn 0.4183 -0.9046 -0.08217
vn 0.4412 -0.8934 -0.08445
vn 0.5188 -0.8283 -0.2117
vn 0.4965 -0.8441 -0.2024
vn 0.4767 -0.854 -0.2084
vn 0.3951 -0.9181 0.03061
vn 0.3135 -0.949 0.0345
vn 0.2263 -0.974 0.009943
vn 0.4412 -0.8934 -0.08445
vn 0.4183 -0.9046 -0.08217
vn 0.4606 -0.8855 -0.06139
vn 0.4559 -0.89 0.001005
vn 0.3135 -0.949 0.0345
vn 0.3141 -0.9493 0.01349
vn 0.2607 -0.9653 0.01294
vn 0.2609 -0.9654 0.005311
vn 0.2263 -0.974 0.009943
vn 0.2607 -0.9653 0.01294
vn 0.1951 -0.9805 0.02192
vn 0.01246 -0.9996 0.02672
vn -0.02941 -0.9993 0.02261
vn -0.02912 -0.9996 -0.001684
vn 0.1122 -0.9936 -0.00979
vn 0.2609 -0.9654 0.005311
vn -0.1041 -0.9946 -0.005608
vn 0.1098 -0.9939 -0.003056
vn 0.1122 -0.9936 -0.00979
vn -0.02912 -0.9996 -0.001684
vn -0.08582 -0.9962 -0.01458
vn -0.1783 -0.9833 0.0357
vn -0.3183 -0.9475 0.02918
vn -0.3183 -0.948 -0.005539
vn -0.08582 -0.9962 -0.01458
vn -0.02912 -0.9996 -0.001684
vn -0.02941 -0.9993 0.02261
vn 0.00422 -0.9982 0.06019
vn -0.1778 -0.982 0.06395
vn -0.1783 -0.9833 0.0357
vn -0.02941 -0.9993 0.02261
vn 0.01246 -0.9996 0.02672
vn 0.01204 -0.9986 0.05153
vn 0.1948 -0.98 0.04073
vn 0.01204 -0.9986 0.05153
vn 0.01246 -0.9996 0.02672
vn 0.1951 -0.9805 0.02192
vn 0.00411 -0.9999 0.01614
vn 0.3958 -0.9183 0.01222
vn 0.3951 -0.9181 0.03061
vn 0.4559 -0.89 0.001005
vn 0.004127 -0.9999 0.0117
vn 0.004075 -0.9999 0.0117
vn 0.4559 -0.89 0.001005
vn 0.4606 -0.8855 -0.06139
vn 0.004114 -0.9999 -0.01509
vn -0.104 -0.9943 -0.02393
vn -0.07684 -0.9966 -0.02988
vn 0.2404 -0.9705 -0.0169
vn 0.2403 -0.9701 -0.03304
vn 0.1098 -0.9939 -0.003056
vn -0.1041 -0.9946 -0.005608
vn -0.07643 -0.9926 -0.09428
vn 0.1621 -0.983 -0.08592
vn 0.2638 -0.964 -0.03393
vn 0.2639 -0.9643 -0.02014
vn 0.2404 -0.9705 -0.0169
vn -0.07684 -0.9966 -0.02988
vn 0.1621 -0.983 -0.08592
vn -0.07643 -0.9926 -0.09428
vn -0.08667 -0.9912 -0.1005
vn -0.08667 -0.9912 -0.1005
vn -0.4213 -0.8978 -0.1284
vn 0.4122 0.6451 -0.6434
vn 0.1427 0.7343 -0.6637
vn 0.148 0.7208 -0.6772
vn -0.4515 -0.8847 -0.1158
vn -0.7327 -0.6666 -0.1371
vn 0.595 0.501 -0.6285
vn 0.4121 0.6469 -0.6416
vn 0.4122 0.6451 -0.6434
vn -0.4213 -0.8978 -0.1284
vn 0.595 0.501 -0.6284
vn 0.7432 0.6643 -0.08002
vn 0.7412 0.6665 -0.0806
vn 0.4489 0.8887 -0.09367
vn 0.4121 0.6469 -0.6416
vn 0.595 0.501 -0.6285
vn 0.9051 0.4186 -0.07449
vn 0.8943 0.4132 -0.1718
vn 0.8159 0.5457 -0.191
vn 0.7308 0.6568 -0.1859
vn 0.7412 0.6665 -0.0806
vn 0.7432 0.6643 -0.08002
vn 0.8159 0.5457 -0.191
vn 0.8943 0.4132 -0.1718
vn 0.9759 0.1573 -0.1514
vn 0.9809 -0.1321 -0.1424
vn 0.9809 -0.1321 -0.1424
vn 0.9739 -0.1842 -0.1325
vn 0.5766 -0.8169 -0.01599
vn 0.7416 -0.669 -0.05023
vn 0.7416 -0.669 -0.05023
vn 0.5841 -0.8116 0.009044
vn 0.1382 -0.9818 0.1305
vn 0.5755 -0.8134 -0.08437
vn 0.2124 -0.9752 -0.06164
vn -0.4517 -0.8915 -0.0351
vn -0.1282 -0.9662 0.2236
vn 0.1382 -0.9818 0.1305
vn 0.5841 -0.8116 0.009044
vn -0.455 -0.8899 -0.03235
vn -0.4542 -0.8904 -0.0302
vn -0.5903 -0.8064 -0.03562
vn -0.5768 -0.7724 0.266
vn -0.4084 -0.8801 0.2423
vn -0.1282 -0.9662 0.2236
vn -0.4517 -0.8915 -0.0351
vn -0.4324 -0.9013 -0.02785
vn -0.3226 0.1847 -0.9283
vn -0.07558 0.1123 -0.9908
vn -0.4591 -0.8878 -0.0304
vn -0.455 -0.8899 -0.03235
vn -0.04927 0.1279 -0.9906
vn -0.4542 -0.8904 -0.0302
vn -0.07558 0.1123 -0.9908
vn -0.03589 0.1202 -0.9921
vn 0.07131 0.05839 -0.9957
vn -0.5903 -0.8064 -0.03562
vn -0.4493 -0.8929 -0.03
vn 0.1382 -0.9818 0.1305
vn -0.1282 -0.9662 0.2236
vn -0.4084 -0.8801 0.2423
vn 0.3636 0.9121 -0.1892
vn 0.4452 0.876 -0.1853
vn 0.7308 0.6568 -0.1859
vn 0.8159 0.5457 -0.191
vn 0.4489 0.8887 -0.09367
vn 0.7412 0.6665 -0.0806
vn 0.7308 0.6568 -0.1859
vn 0.4452 0.876 -0.1853
vn 0.4509 0.8877 -0.09319
vn 0.4122 0.6451 -0.6434
vn 0.4121 0.6469 -0.6416
vn 0.4489 0.8887 -0.09367
vn 0.4509 0.8877 -0.09319
vn 0.108 0.988 -0.1103
vn 0.1427 0.7343 -0.6637
vn 0.3636 0.9121 -0.1892
vn 0.1211 0.9799 -0.1586
vn 0.1219 0.9868 -0.107
vn 0.108 0.988 -0.1103
vn 0.4509 0.8877 -0.09319
vn 0.4452 0.876 -0.1853
vn -0.3146 0.9405 -0.1287
vn -0.1875 0.9731 -0.1337
vn 0.1211 0.9799 -0.1586
vn 0.3636 0.9121 -0.1892
vn 0.1219 0.9868 -0.107
vn 0.1211 0.9799 -0.1586
vn -0.1875 0.9731 -0.1337
vn -0.1875 0.973 -0.1343
vn -0.1405 0.9823 -0.1237
vn 0.1427 0.7343 -0.6637
vn 0.108 0.988 -0.1103
vn 0.1219 0.9868 -0.107
vn -0.1405 0.9823 -0.1237
vn -0.04556 0.717 -0.6956
vn 0.148 0.7208 -0.6772
vn -0.1875 0.973 -0.1343
vn -0.4281 0.8908 -0.152
vn -0.2516 0.6221 -0.7414
vn -0.03316 0.7003 -0.7131
vn -0.04556 0.717 -0.6956
vn -0.1405 0.9823 -0.1237
vn -0.3146 0.9405 -0.1287
vn -0.549 0.833 -0.06909
vn -0.5428 0.8236 -0.1645
vn -0.4281 0.8908 -0.152
vn -0.1875 0.973 -0.1343
vn -0.1875 0.9731 -0.1337
vn -0.9078 0.416 0.05362
vn -0.8894 0.455 0.04523
vn -0.549 0.833 -0.06909
vn -0.3146 0.9405 -0.1287
vn -0.5428 0.8236 -0.1645
vn -0.549 0.833 -0.06909
vn -0.8894 0.455 0.04523
vn -0.9221 0.3505 -0.1639
vn -0.6852 0.7089 -0.1672
vn -0.4281 0.8908 -0.152
vn -0.5428 0.8236 -0.1645
vn -0.6852 0.7089 -0.1672
vn -0.4449 0.5078 -0.7377
vn -0.2617 0.6238 -0.7365
vn -0.2516 0.6221 -0.7414
vn -0.7479 0.2665 -0.608
vn -0.5701 0.4643 -0.6778
vn -0.4449 0.5078 -0.7377
vn -0.6852 0.7089 -0.1672
vn -0.9219 0.351 -0.164
vn -0.9826 0.0995 0.1568
vn -0.9725 -0.208 -0.1046
vn -0.9219 0.351 -0.164
vn -0.8894 0.455 0.04523
vn -0.9078 0.416 0.05362
vn 0.4562 -0.8899 0.008409
vn 0.7172 -0.6968 0.01236
vn 0.7473 -0.6644 0.01397
vn -0.5701 0.4643 -0.6778
vn -0.7479 0.2665 -0.608
vn -0.43 0.4637 -0.7746
vn -0.4449 0.5078 -0.7377
vn -0.5701 0.4643 -0.6778
vn 0.7473 -0.6644 0.01397
vn 0.7992 -0.6009 0.01099
vn 0.4522 -0.8918 -0.01515
vn -0.2617 0.6238 -0.7365
vn 0.7652 -0.6437 0.01108
vn 0.7992 -0.6009 0.01237
vn 0.7992 -0.6009 0.01099
vn 0.7473 -0.6644 0.01397
vn 0.7172 -0.6968 0.01236
vn 0.9722 0.2295 0.0462
vn 0.4562 -0.8899 0.008409
vn 0.9949 -0.09271 0.03877
vn 0.9954 -0.09278 0.02502
vn 0.841 -0.5409 0.01524
vn 0.841 -0.5409 0.01121
vn 0.7992 -0.6009 0.01237
vn 0.7652 -0.6437 0.01108
vn 0.4831 -0.8755 -0.008155
vn 0.4831 -0.8754 -0.01808
vn 0.4522 -0.8918 -0.01515
vn 0.7992 -0.6009 0.01099
vn 0.7992 -0.6009 0.01237
vn 0.841 -0.5409 0.01121
vn -0.03316 0.7003 -0.7131
vn -0.2516 0.6221 -0.7414
vn -0.2617 0.6238 -0.7365
vn 0.4522 -0.8918 -0.01515
vn 0.4831 -0.8754 -0.01808
vn 0.2638 -0.964 -0.03393
vn 0.1621 -0.983 -0.08592
vn 0.4831 -0.8755 -0.008155
vn 0.472 -0.8816 -0.007832
vn 0.2639 -0.9643 -0.02014
vn 0.2638 -0.964 -0.03393
vn 0.4831 -0.8754 -0.01808
vn 0.148 0.7208 -0.6772
vn -0.04556 0.717 -0.6956
vn -0.03316 0.7003 -0.7131
vn -0.7608 -0.6484 -0.02723
vn -0.6659 -0.7451 -0.03733
vn -0.6532 -0.7563 -0.03582
vn 0.693 -0.6537 0.3039
vn 0.6964 -0.6547 0.294
vn 0.6085 -0.7368 0.2947
vn 0.7631 0.6457 0.02827
vn 0.6964 -0.6547 0.294
vn 0.693 -0.6537 0.3039
vn 0.7853 -0.5407 0.3014
vn 0.6535 0.7561 0.03583
vn 0.67 0.7414 0.03776
vn -0.6532 -0.7563 -0.03582
vn -0.6017 -0.7975 -0.04465
vn 0.8471 -0.5314 0.01162
vn 0.7853 -0.5407 0.3014
vn 0.693 -0.6537 0.3039
vn 0.5423 -0.5706 -0.6167
vn 0.6958 -0.4085 -0.5908
vn 0.78 -0.5106 -0.3617
vn -0.6017 -0.7975 -0.04465
vn -0.6532 -0.7563 -0.03582
vn -0.6659 -0.7451 -0.03733
vn 0.3472 -0.2641 -0.8998
vn 0.8147 0.5786 0.03736
vn 0.7631 0.6457 0.02827
vn 0.67 0.7414 0.03776
vn 0.6958 -0.4085 -0.5908
vn 0.5423 -0.5706 -0.6167
vn 0.6535 0.7561 0.03583
vn 0.6008 0.7982 0.04464
vn 0.8193 -0.4547 -0.3492
vn 0.78 -0.5106 -0.3617
vn 0.6958 -0.4085 -0.5908
vn 0.67 0.7414 0.03776
vn 0.7853 -0.5407 0.3014
vn 0.8471 -0.5314 0.01162
vn 0.6008 0.7981 0.04463
vn 0.6535 0.7561 0.03583
vn 0.847 -0.5314 0.01161
vn 0.8193 -0.4547 -0.3492
vn 0.6009 0.7981 0.04463
vn 0.8471 -0.5314 0.01162
vn -0.6017 -0.7975 -0.04465
vn 0.78 -0.5106 -0.3617
vn 0.8193 -0.4547 -0.3492
vn 0.847 -0.5314 0.01161
vn 0.6008 0.7981 0.04463
vn 0.8193 -0.4547 -0.3492
vn -0.7446 0.6357 -0.2035
vn -0.7675 0.6132 -0.1868
vn -0.6873 0.7083 -0.1612
vn -0.7706 0.6166 -0.1609
vn -0.7423 0.6385 -0.2035
vn -0.7046 -0.6985 -0.1255
vn -0.7063 -0.69 -0.1581
vn -0.4517 0.8765 -0.1664
vn -0.7675 0.6132 -0.1868
vn -0.7446 0.6357 -0.2035
vn -0.8471 -0.5149 -0.1317
vn -0.8471 -0.5225 -0.09681
vn -0.6094 -0.7867 -0.09872
vn -0.7063 -0.69 -0.1581
vn -0.7046 -0.6985 -0.1255
vn -0.8555 -0.508 -0.1006
vn -0.8249 -0.563 -0.05083
vn -0.5904 -0.8051 -0.05664
vn -0.6094 -0.7867 -0.09872
vn -0.8471 -0.5225 -0.09681
vn -0.4654 0.8635 -0.1945
vn -0.5834 0.7837 -0.213
vn -0.6876 0.7072 -0.1645
vn -0.6873 0.7083 -0.1612
vn -0.7675 0.6132 -0.1868
vn -0.4517 0.8765 -0.1664
vn -0.3994 0.8936 -0.2047
vn -0.373 0.9083 -0.1894
vn -0.4955 0.8482 -0.1873
vn -0.5635 0.8135 -0.1438
vn -0.5834 0.7837 -0.213
vn -0.4654 0.8635 -0.1945
vn -0.637 0.5589 -0.5308
vn -0.614 0.6145 -0.4954
vn -0.3398 0.9077 -0.2462
vn -0.3208 0.917 -0.2369
vn -0.3478 0.9078 -0.2346
vn -0.3774 0.9009 -0.2142
vn -0.373 0.9083 -0.1894
vn -0.3994 0.8936 -0.2047
vn -0.9608 -0.004673 -0.2773
vn -0.4955 0.8482 -0.1873
vn -0.373 0.9083 -0.1894
vn -0.3774 0.9009 -0.2142
vn -0.4782 0.8542 -0.2041
vn -0.4967 0.8461 -0.1935
vn -0.3628 0.9174 -0.1639
vn -0.4689 0.8706 -0.1486
vn -0.4782 0.8542 -0.2041
vn -0.3774 0.9009 -0.2142
vn -0.3478 0.9078 -0.2346
vn -0.3765 0.9037 -0.2038
vn -0.2912 0.9333 -0.2103
vn -0.3765 0.9037 -0.2038
vn -0.3478 0.9078 -0.2346
vn -0.3208 0.917 -0.2369
vn -0.5863 0.7918 -0.1715
vn -0.7375 0.6694 -0.08941
vn -0.7467 0.6469 -0.1549
vn -0.4967 0.8461 -0.1935
vn -0.4782 0.8542 -0.2041
vn -0.4689 0.8706 -0.1486
vn -0.839 0.5396 -0.0703
vn -0.8409 0.5313 -0.1033
vn -0.8676 0.483 -0.1187
vn -0.7753 0.6178 -0.131
vn -0.7467 0.6469 -0.1549
vn -0.7375 0.6694 -0.08941
vn -0.4955 0.8482 -0.1873
vn -0.4967 0.8461 -0.1935
vn -0.7467 0.6469 -0.1549
vn -0.7753 0.6178 -0.131
vn -0.7764 0.615 -0.1381
vn -0.5635 0.8135 -0.1438
vn -0.8676 0.483 -0.1187
vn -0.8679 0.4774 -0.1374
vn -0.7773 0.614 -0.1372
vn -0.7764 0.615 -0.1381
vn -0.7753 0.6178 -0.131
vn -0.5834 0.7837 -0.213
vn -0.5635 0.8135 -0.1438
vn -0.7764 0.615 -0.1381
vn -0.7773 0.614 -0.1372
vn -0.7784 0.6058 -0.1646
vn -0.768 0.6202 -0.16
vn -0.6876 0.7072 -0.1645
vn -0.8154 0.5576 -0.1557
vn -0.8002 0.5795 -0.1542
vn -0.7784 0.6058 -0.1646
vn -0.7773 0.614 -0.1372
vn -0.8679 0.4774 -0.1374
vn -0.8136 0.5504 -0.1876
vn -0.8001 0.578 -0.1602
vn -0.768 0.6203 -0.1596
vn -0.768 0.6202 -0.16
vn -0.7784 0.6058 -0.1646
vn -0.8002 0.5795 -0.1542
vn -0.7706 0.6166 -0.1609
vn -0.6873 0.7083 -0.1612
vn -0.6876 0.7072 -0.1645
vn -0.768 0.6202 -0.16
vn -0.768 0.6203 -0.1596
vn -0.678 0.7025 -0.2163
vn -0.7141 0.6659 -0.2161
vn -0.8154 0.5576 -0.1557
vn -0.8136 0.5504 -0.1876
vn -0.8668 0.463 -0.185
vn -0.8558 0.4449 -0.2639
vn -0.8678 0.4133 -0.2761
vn -0.6764 0.6869 -0.2657
vn -0.678 0.7025 -0.2163
vn -0.8678 0.4133 -0.2761
vn -0.8657 0.4113 -0.2853
vn -0.8702 0.4005 -0.2871
vn -0.7236 0.6364 -0.2671
vn -0.8758 0.4057 -0.2615
vn -0.8724 0.4022 -0.2777
vn -0.8773 0.387 -0.2838
vn -0.8657 0.4113 -0.2853
vn -0.8678 0.4133 -0.2761
vn -0.8558 0.4449 -0.2639
vn -0.8702 0.4005 -0.2871
vn -0.8657 0.4113 -0.2853
vn -0.8773 0.387 -0.2838
vn -0.8622 0.374 -0.3416
vn -0.8558 0.3876 -0.3427
vn -0.8724 0.4022 -0.2777
vn -0.9427 0.2416 -0.2299
vn -0.9167 0.3031 -0.2602
vn -0.9005 0.2878 -0.3261
vn -0.9015 0.2848 -0.3258
vn -0.8669 0.3664 -0.338
vn -0.8622 0.374 -0.3416
vn -0.8773 0.387 -0.2838
vn -0.7532 0.5078 -0.4181
vn -0.7767 0.5333 -0.3351
vn -0.8558 0.3876 -0.3427
vn -0.8622 0.374 -0.3416
vn -0.8669 0.3664 -0.338
vn -0.8427 0.3483 -0.4105
vn -0.9015 0.2848 -0.3258
vn -0.867 0.2568 -0.4271
vn -0.8591 0.2782 -0.4296
vn -0.742 0.4959 -0.4511
vn -0.8427 0.3483 -0.4105
vn -0.8669 0.3664 -0.338
vn -0.867 0.2568 -0.4271
vn -0.9052 -0.3472 -0.2449
vn -0.8384 -0.3981 -0.3724
vn -0.8702 -0.08392 -0.4855
vn -0.7974 0.2288 -0.5584
vn -0.8591 0.2782 -0.4296
vn -0.8694 0.4571 -0.1877
vn -0.8631 0.4488 -0.2318
vn -0.8758 0.4057 -0.2615
vn -0.8558 0.4449 -0.2639
vn -0.8668 0.463 -0.185
vn -0.8694 0.457 -0.1877
vn -0.874 0.4756 -0.09924
vn -0.8694 0.457 -0.1877
vn -0.8668 0.463 -0.185
vn -0.8136 0.5504 -0.1876
vn -0.8679 0.4774 -0.1374
vn -0.8676 0.483 -0.1187
vn -0.8409 0.5313 -0.1033
vn -0.7851 0.4549 -0.4203
vn -0.2981 0.8919 -0.3401
vn -0.3246 0.9112 -0.2535
vn -0.5964 0.7344 -0.324
vn -0.7767 0.5333 -0.3351
vn -0.7532 0.5078 -0.4181
vn -0.5144 0.8355 -0.1935
vn -0.7236 0.6364 -0.2671
vn -0.8702 0.4005 -0.2871
vn -0.8558 0.3876 -0.3427
vn -0.7767 0.5333 -0.3351
vn -0.5964 0.7344 -0.324
vn -0.967 -0.006398 0.2545
vn -0.3398 0.9077 -0.2462
vn -0.614 0.6145 -0.4954
vn -0.6062 0.618 -0.5006
vn -0.5785 0.6721 -0.4622
vn -0.3398 0.9077 -0.2462
vn -0.5785 0.6721 -0.4622
vn -0.9795 0.005336 0.2015
vn -0.5715 0.6747 -0.467
vn -0.5785 0.6721 -0.4622
vn 0.9425 0.02325 -0.3333
vn -0.5716 0.6746 -0.467
vn -0.4893 -0.7346 -0.4701
vn -0.6062 0.618 -0.5006
vn -0.5786 0.672 -0.4622
vn 0.9426 0.02332 -0.3331
vn -0.4893 -0.7346 -0.4701
vn -0.5716 0.6746 -0.467
vn -0.5023 0.338 -0.7959
vn 0.09863 -0.9898 0.1027
vn 0.02702 -0.9995 -0.01409
vn 0.02702 -0.9995 -0.01409
vn 0.3149 0.4584 -0.8311
vn 0.1637 0.3834 -0.909
vn -0.4892 -0.7347 -0.47
vn -0.637 0.5589 -0.5308
vn 0.7847 -0.303 -0.5408
vn 0.7936 -0.5598 0.2383
vn 0.5354 0.8329 -0.1401
vn 0.6694 0.7235 -0.1688
vn 0.7183 -0.6616 0.2154
vn 0.08764 -0.01476 -0.996
vn 0.5354 0.8329 -0.1401
vn 0.7936 -0.5598 0.2383
vn -0.537 -0.8417 0.05611
vn -0.7091 -0.7039 -0.04077
vn 0.05588 -0.03343 -0.9979
vn 0.08764 -0.01476 -0.996
vn 0.7183 -0.6616 0.2154
vn 0.6694 0.7235 -0.1688
vn 0.5354 0.8329 -0.1401
vn 0.08764 -0.01476 -0.996
vn 0.05588 -0.03343 -0.9979
vn 0.08068 0.01634 -0.9966
vn 0.8572 0.5017 -0.116
vn 0.6694 0.7235 -0.1688
vn 0.8572 0.5017 -0.116
vn -0.4853 0.8674 0.11
vn -0.4853 0.8674 0.11
vn 0.8572 0.5017 -0.116
vn 0.08068 0.01634 -0.9966
vn -0.6861 0.725 0.06073
vn -0.6861 0.725 0.06073
vn 0.08068 0.01634 -0.9966
vn 0.05588 -0.03343 -0.9979
vn -0.7091 -0.7039 -0.04077
vn -0.7934 -0.6087 -0.007892
vn -0.7934 -0.6087 -0.007892
vn -0.7091 -0.7039 -0.04077
vn -0.537 -0.8417 0.05611
vn -0.537 -0.8434 -0.02022
vn -0.7924 -0.6083 -0.04553
vn -0.3304 -0.9436 -0.02175
vn -0.01626 -0.9997 -0.01837
vn -0.01627 -0.9998 -0.009203
vn -0.003762 -0.9999 -0.01053
vn -0.2975 -0.9542 -0.03012
vn -0.3126 -0.9491 -0.04008
vn -0.01645 -0.9997 -0.01811
vn 0.0246 -0.9995 -0.01805
vn 0.02459 -0.9997 -0.009145
vn 0.004132 -1 -0.007792
vn 0.004153 -1 -0.007792
vn -0.01627 -0.9998 -0.009203
vn -0.01626 -0.9997 -0.01837
vn -0.01647 -0.9998 -0.01028
vn 0.02477 -0.9996 -0.01022
vn 0.02469 -0.9995 -0.01817
vn -0.01645 -0.9997 -0.01811
vn 0.3382 -0.9408 -0.02074
vn 0.3205 -0.9464 -0.03914
vn 0.3055 -0.9517 -0.02923
vn 0.01208 -0.9999 -0.01051
vn 0.02459 -0.9997 -0.009145
vn 0.02469 -0.9995 -0.01817
vn 0.6323 -0.7723 -0.06154
vn 0.7131 -0.7006 -0.02709
vn 0.7134 -0.7008 -0.002463
vn 0.7887 -0.6146 -0.01459
vn 0.7546 -0.656 -0.01446
vn 0.3773 -0.9259 -0.01976
vn 0.3055 -0.9517 -0.02923
vn 0.3205 -0.9464 -0.03914
vn 0.6328 -0.7742 -0.01439
vn 0.8238 -0.5667 -0.01347
vn 0.8909 -0.4542 -0.000723
vn 0.8686 -0.4954 -0.006741
vn 0.8888 -0.4544 -0.05938
vn 0.7131 -0.7006 -0.02709
vn 0.6323 -0.7723 -0.06154
vn 0.8239 -0.5667 -0.007473
vn 0.8973 -0.4413 -0.008265
vn 0.9056 -0.4242 -0.00538
vn 0.9056 -0.4242 -0.00115
vn 0.8909 -0.4542 -0.000723
vn 0.8238 -0.5667 -0.01347
vn 0.8558 -0.5167 0.02397
vn 0.8446 -0.5348 0.02399
vn 0.8449 -0.5349 0.001998
vn 0.9056 -0.4242 -0.00538
vn 0.8973 -0.4413 -0.008265
vn 0.8345 -0.5502 0.03039
vn 0.8431 -0.537 0.0282
vn 0.8431 -0.537 0.02984
vn 0.8967 -0.4424 0.01478
vn 0.8449 -0.5349 0.001998
vn 0.8446 -0.5348 0.02399
vn 0.8601 -0.51 0.01213
vn 0.8097 -0.5863 0.02545
vn 0.8073 -0.5857 -0.07175
vn 0.7266 -0.6864 0.02943
vn 0.7574 -0.6526 0.02188
vn 0.8431 -0.537 0.02984
vn 0.8431 -0.537 0.0282
vn 0.6103 -0.7912 -0.03877
vn 0.6084 -0.7889 -0.08577
vn 0.4187 -0.908 -0.01275
vn 0.5372 -0.8431 -0.02568
vn 0.7575 -0.6527 -0.01102
vn 0.7574 -0.6526 0.02188
vn 0.7266 -0.6864 0.02943
vn 0.7943 -0.5989 -0.1016
vn 0.7888 -0.5948 -0.1549
vn 0.6967 -0.7092 -0.108
vn 0.6555 -0.7493 -0.09455
vn 0.6084 -0.7889 -0.08577
vn 0.6103 -0.7912 -0.03877
vn 0.8638 -0.4797 -0.1542
vn 0.9 -0.4006 -0.1719
vn 0.9384 -0.2976 -0.1756
vn 0.9261 -0.2939 -0.2364
vn 0.8485 -0.4973 -0.181
vn 0.7888 -0.5948 -0.1549
vn 0.7943 -0.5989 -0.1016
vn 0.9731 -0.1081 -0.2034
vn 0.9585 -0.1067 -0.2645
vn 0.9261 -0.2939 -0.2364
vn 0.9384 -0.2976 -0.1756
vn 0.9631 -0.01327 -0.2689
vn 0.9695 -0.01331 -0.2448
vn 0.9621 -0.1912 -0.1945
vn 0.8852 -0.4365 -0.1608
vn 0.8513 -0.4989 -0.1623
vn 0.8485 -0.4973 -0.181
vn 0.9261 -0.2939 -0.2364
vn 0.9585 -0.1067 -0.2645
vn 0.9469 0.1594 -0.2793
vn 0.9566 0.07065 -0.2829
vn 0.9616 0.07106 -0.2652
vn 0.9694 -0.006333 -0.2456
vn 0.9695 -0.01331 -0.2448
vn 0.9631 -0.01327 -0.2689
vn 0.9356 0.2082 -0.2851
vn 0.8799 0.3848 -0.2789
vn 0.8748 0.3825 -0.2973
vn 0.9205 0.2631 -0.2889
vn 0.9566 0.07065 -0.2829
vn 0.9469 0.1594 -0.2793
vn 0.8802 0.3839 -0.2789
vn 0.7719 0.5823 -0.2551
vn 0.6991 0.6801 -0.2205
vn 0.6895 0.6718 -0.2708
vn 0.7622 0.585 -0.2772
vn 0.8748 0.3825 -0.2973
vn 0.8799 0.3848 -0.2789
vn 0.6188 0.7599 -0.1991
vn 0.5847 0.7928 -0.1719
vn 0.5775 0.7812 -0.2371
vn 0.6895 0.6718 -0.2708
vn 0.6991 0.6801 -0.2205
vn 0.6177 0.7586 -0.2075
vn 0.729 0.6633 -0.169
vn 0.722 0.671 -0.1689
vn 0.5454 0.8306 -0.1121
vn 0.5477 0.8344 -0.06164
vn 0.3137 0.945 -0.0922
vn 0.2697 0.9585 -0.09267
vn 0.5847 0.7928 -0.1719
vn 0.6188 0.7599 -0.1991
vn 0.7287 0.663 -0.1718
vn 0.7778 0.6046 -0.1716
vn 0.723 0.672 -0.1603
vn 0.722 0.671 -0.1689
vn 0.729 0.6633 -0.169
vn 0.8558 0.4926 -0.158
vn 0.8597 0.4949 -0.1261
vn 0.6525 0.7464 -0.1308
vn 0.5454 0.8306 -0.1121
vn 0.722 0.671 -0.1689
vn 0.723 0.672 -0.1603
vn 0.7311 0.642 -0.2308
vn 0.9793 0.1025 -0.1745
vn 0.6927 0.6042 -0.3937
vn 0.8334 0.5383 -0.1253
vn 0.8665 -0.4974 -0.04267
vn 0.6677 0.7314 -0.1386
vn 0.6525 0.7464 -0.1308
vn 0.8597 0.4949 -0.1261
vn 0.8341 0.5343 -0.1372
vn 0.8338 0.536 -0.1323
vn 0.8036 0.583 -0.1194
vn 0.809 0.5872 -0.02654
vn 0.6884 0.7238 -0.04718
vn 0.6733 0.7378 -0.04802
vn 0.6677 0.7314 -0.1386
vn 0.9932 0.04487 -0.1072
vn 0.8279 0.5603 -0.02447
vn 0.8197 0.5727 -0.009701
vn 0.8106 0.5852 -0.02062
vn 0.6891 0.724 -0.03202
vn 0.6884 0.7238 -0.04718
vn 0.809 0.5872 -0.02654
vn 0.9997 -0.003713 0.02376
vn 0.9988 0.02243 0.04453
vn 0.7585 0.6517 -0.002506
vn 0.8106 0.5852 -0.02062
vn 0.8197 0.5727 -0.009701
vn 0.531 0.8449 -0.06389
vn 0.2658 0.961 -0.07626
vn 0.314 0.9457 -0.08401
vn 0.3137 0.945 -0.0922
vn 0.5477 0.8344 -0.06164
vn 0.6733 0.7378 -0.04802
vn 0.6884 0.7238 -0.04718
vn 0.6891 0.724 -0.03202
vn 0.266 0.962 -0.06196
vn 0.1991 0.9779 -0.0639
vn 0.2318 0.9691 -0.08377
vn 0.2318 0.9692 -0.08321
vn 0.314 0.9457 -0.08401
vn 0.2658 0.961 -0.07626
vn 0.2101 0.9765 -0.04696
vn 0.21 0.9758 -0.06057
vn 0.174 0.9828 -0.0613
vn 0.1991 0.9778 -0.06475
vn 0.1991 0.9779 -0.0639
vn 0.266 0.962 -0.06196
vn 0.1015 0.9934 -0.05318
vn 0.1012 0.9942 -0.03649
vn 0.1746 0.984 -0.03474
vn 0.174 0.9828 -0.0613
vn 0.21 0.9758 -0.06057
vn 0.2954 0.954 -0.05089
vn 0.2282 0.9724 -0.0486
vn 0.2283 0.9731 -0.03048
vn 0.08353 0.9959 -0.0334
vn 0.1012 0.9942 -0.03649
vn 0.1015 0.9934 -0.05318
vn 0.1259 0.992 -0.01043
vn 0.1258 0.992 -0.01233
vn 0.08353 0.9964 -0.01197
vn 0.08353 0.9959 -0.0334
vn 0.2283 0.9731 -0.03048
vn 0.05469 0.9985 0.007151
vn 0.0266 0.9996 0.00349
vn 0.03702 0.9993 0.003791
vn 0.03705 0.999 -0.02338
vn 0.08353 0.9964 -0.01197
vn 0.1258 0.992 -0.01233
vn 0.2039 0.9789 0.008726
vn 0.2038 0.9785 0.03085
vn 0.1465 0.9888 0.02675
vn -0.1052 0.9942 0.02175
vn 0.02653 0.9996 0.01332
vn 0.0266 0.9996 0.00349
vn 0.05469 0.9985 0.007151
vn 0.1466 0.989 0.01969
vn 0.1986 0.9798 0.02383
vn -0.1052 0.9944 0.01355
vn -0.1052 0.9942 0.02175
vn 0.1465 0.9888 0.02675
vn 0.02217 0.9997 0.01322
vn 0.02219 0.9998 0.001947
vn 0.03702 0.9993 0.003791
vn 0.0266 0.9996 0.00349
vn 0.02653 0.9996 0.01332
vn 0.01769 0.9998 0.01267
vn 0.1829 0.983 0.01499
vn 0.183 0.9831 0.006037
vn 0.1722 0.985 0.004087
vn 0.02219 0.9998 0.001947
vn 0.02217 0.9997 0.01322
vn 0.2639 0.9641 0.02821
vn 0.3902 0.9203 0.02983
vn 0.3902 0.9202 0.03077
vn 0.2884 0.9575 0.007315
vn 0.183 0.9831 0.006037
vn 0.1829 0.983 0.01499
vn 0.4509 0.892 0.03287
vn 0.4511 0.8924 0.009416
vn 0.4231 0.9061 -0.005086
vn 0.2884 0.9575 -0.009372
vn 0.2884 0.9575 0.007315
vn 0.3902 0.9202 0.03077
vn 0.5519 0.8321 0.05479
vn 0.6078 0.7921 0.05663
vn 0.6088 0.7932 0.01484
vn 0.4511 0.8924 0.009416
vn 0.4509 0.892 0.03287
vn 0.6151 0.7863 0.05823
vn 0.6126 0.7883 0.0582
vn 0.7546 0.6556 0.02878
vn 0.7549 0.6558 0.007592
vn 0.618 0.7861 0.0105
vn 0.6088 0.7932 0.01484
vn 0.6078 0.7921 0.05663
vn 0.7792 0.6261 0.02885
vn 0.7802 0.6256 0.0004273
vn 0.7645 0.6446 0.0007601
vn 0.7549 0.6558 0.007592
vn 0.7546 0.6556 0.02878
vn 0.618 0.7861 0.0105
vn 0.7549 0.6558 0.007592
vn 0.7645 0.6446 0.0007601
vn 0.7657 0.6421 -0.03902
vn 0.7378 0.6723 -0.05976
vn 0.6221 0.7815 -0.04695
vn 0.4511 0.8924 0.009416
vn 0.6088 0.7932 0.01484
vn 0.618 0.7861 0.0105
vn 0.6221 0.7815 -0.04695
vn 0.6466 0.762 -0.03488
vn 0.4266 0.9038 -0.03358
vn 0.4231 0.9061 -0.005086
vn 0.7378 0.6723 -0.05976
vn 0.7384 0.6735 -0.03437
vn 0.7628 0.6463 -0.02153
vn 0.6478 0.7618 0.002401
vn 0.6466 0.762 -0.03488
vn 0.6221 0.7815 -0.04695
vn 0.4266 0.9038 -0.03358
vn 0.6466 0.762 -0.03488
vn 0.6478 0.7618 0.002401
vn 0.6493 0.7606 0.003186
vn 0.48 0.8768 -0.02807
vn 0.4367 0.8992 -0.02666
vn 0.4231 0.9061 -0.005086
vn 0.4266 0.9038 -0.03358
vn 0.4367 0.8992 -0.02666
vn 0.4411 0.8971 -0.02547
vn 0.29 0.9566 -0.02668
vn 0.2883 0.9575 -0.009342
vn 0.48 0.8768 -0.02807
vn 0.48 0.8768 -0.02676
vn 0.4987 0.8664 -0.02391
vn 0.441 0.8969 -0.03137
vn 0.4411 0.8971 -0.02547
vn 0.4367 0.8992 -0.02666
vn 0.29 0.9566 -0.02668
vn 0.4411 0.8971 -0.02547
vn 0.441 0.8969 -0.03137
vn 0.3048 0.9504 -0.06197
vn 0.2982 0.9524 -0.06244
vn 0.2884 0.9555 -0.06178
vn 0.2888 0.957 -0.02706
vn 0.2883 0.9575 -0.009342
vn 0.29 0.9566 -0.02668
vn 0.2888 0.957 -0.02706
vn 0.1777 0.9835 -0.03341
vn 0.1769 0.984 -0.02074
vn 0.1723 0.9848 -0.02317
vn 0.2885 0.9574 -0.009402
vn 0.1991 0.9778 -0.06475
vn 0.174 0.9828 -0.0613
vn 0.1746 0.984 -0.03474
vn 0.1777 0.9835 -0.03341
vn 0.2888 0.957 -0.02706
vn 0.2884 0.9555 -0.06178
vn 0.1746 0.984 -0.03474
vn 0.1012 0.9942 -0.03649
vn 0.08353 0.9959 -0.0334
vn 0.08353 0.9964 -0.01197
vn 0.03705 0.999 -0.02338
vn 0.1769 0.984 -0.02074
vn 0.1777 0.9835 -0.03341
vn 0.03702 0.9993 0.003791
vn 0.02219 0.9998 0.001947
vn 0.1722 0.985 0.004087
vn 0.1723 0.9848 -0.02317
vn 0.1769 0.984 -0.02074
vn 0.03705 0.999 -0.02338
vn 0.183 0.9831 0.006037
vn 0.2884 0.9575 0.007315
vn 0.2885 0.9574 -0.009402
vn 0.1723 0.9848 -0.02317
vn 0.1722 0.985 0.004087
vn 0.1991 0.9779 -0.0639
vn 0.1991 0.9778 -0.06475
vn 0.2884 0.9555 -0.06178
vn 0.2982 0.9524 -0.06244
vn 0.2978 0.951 -0.08283
vn 0.2318 0.9691 -0.08377
vn 0.3048 0.9504 -0.06197
vn 0.3041 0.9491 -0.08173
vn 0.2948 0.9521 -0.08128
vn 0.2978 0.951 -0.08283
vn 0.2982 0.9524 -0.06244
vn 0.2845 0.9561 -0.06989
vn 0.3041 0.9491 -0.08173
vn 0.3048 0.9504 -0.06197
vn 0.441 0.8969 -0.03137
vn 0.4987 0.8664 -0.02391
vn 0.4987 0.8664 -0.02391
vn 0.48 0.8768 -0.02676
vn 0.8344 0.551 0.0138
vn 0.7522 0.6589 0.009466
vn 0.6757 0.7352 0.05387
vn 0.6236 0.7806 0.04259
vn 0.0313 0.9985 -0.04524
vn 0.6493 0.7606 0.003186
vn 0.7519 0.6588 -0.02552
vn 0.7529 0.657 -0.03966
vn 0.8344 0.551 0.0138
vn 0.48 0.8768 -0.02676
vn 0.48 0.8768 -0.02807
vn 0.7628 0.6463 -0.02153
vn 0.7628 0.6463 -0.01962
vn 0.7519 0.6588 -0.02552
vn 0.6493 0.7606 0.003186
vn 0.6478 0.7618 0.002401
vn 0.7384 0.6735 -0.03437
vn 0.8311 0.5438 -0.1165
vn 0.8169 0.5291 -0.2298
vn 0.9241 0.3522 -0.1485
vn 0.9321 0.3323 -0.1443
vn 0.7628 0.6463 -0.01962
vn 0.7628 0.6463 -0.02153
vn 0.7529 0.657 -0.03966
vn 0.7519 0.6588 -0.02552
vn 0.7628 0.6463 -0.01962
vn 0.9321 0.3323 -0.1443
vn 0.987 0.1562 0.03781
vn 0.9844 0.1737 0.02741
vn 0.8457 0.5314 -0.04818
vn 0.7522 0.6589 0.009466
vn 0.8344 0.551 0.0138
vn 0.7529 0.657 -0.03966
vn 0.8457 0.5314 -0.04818
vn 0.849 0.5282 0.01766
vn 0.6757 0.7352 0.05387
vn 0.7522 0.6589 0.009466
vn 0.849 0.5282 0.01766
vn 0.9998 0.004182 0.01719
vn 0.992 0.004427 0.1258
vn 0.6236 0.7806 0.04259
vn 0.6757 0.7352 0.05387
vn 0.992 0.004427 0.1258
vn 0.9919 0.01017 0.1264
vn 0.9898 0.01101 0.1422
vn 0.8392 0.5421 0.0439
vn 0.6232 0.7808 0.04488
vn 0.6581 -0.7417 0.1298
vn 0.6346 -0.762 0.129
vn 0.9919 0.01017 0.1264
vn 0.992 0.004427 0.1258
vn 0.9998 0.004182 0.01719
vn 0.9962 -0.08368 0.02512
vn 0.9967 -0.07657 0.02613
vn 0.9987 -0.04978 0.009166
vn 0.9844 0.1737 0.02741
vn 0.9981 0.05101 -0.03343
vn 1 -0.002958 0.003857
vn 0.9962 -0.08368 0.02512
vn 0.9998 0.004182 0.01719
vn 0.849 0.5282 0.01766
vn 0.8457 0.5314 -0.04818
vn 0.987 0.1562 0.03781
vn 0.9945 0.0296 -0.1005
vn 0.9768 -0.2071 0.05425
vn 0.9981 0.05101 -0.03343
vn 0.9844 0.1737 0.02741
vn 1 -0.002958 0.003857
vn 0.9981 0.05101 -0.03343
vn 0.9768 -0.2071 0.05425
vn 0.8704 -0.4877 0.06701
vn 0.8708 -0.4896 0.04466
vn 0.8377 -0.5431 0.05677
vn 0.9962 -0.08368 0.02512
vn 1 -0.002958 0.003857
vn 0.8377 -0.5431 0.05677
vn 0.8368 -0.5425 0.07338
vn 0.8808 -0.4697 0.06007
vn 0.9967 -0.07657 0.02613
vn 0.8708 -0.4896 0.04466
vn 0.663 -0.7447 0.07631
vn 0.6629 -0.7443 0.08087
vn 0.6013 -0.7933 0.09584
vn 0.8368 -0.5425 0.07338
vn 0.8377 -0.5431 0.05677
vn 0.8808 -0.4697 0.06007
vn 0.8368 -0.5425 0.07338
vn 0.6013 -0.7933 0.09584
vn 0.6037 -0.7972 0.0006964
vn 0.9266 -0.3728 -0.04881
vn 0.8804 -0.4715 -0.05055
vn 0.6629 -0.7443 0.08087
vn 0.4847 -0.869 0.09988
vn 0.4361 -0.8995 0.02772
vn 0.4506 -0.8924 0.02263
vn 0.606 -0.7955 0.000859
vn 0.6037 -0.7972 0.0006964
vn 0.6013 -0.7933 0.09584
vn 0.663 -0.7447 0.07631
vn 0.4735 -0.8718 0.1257
vn 0.4554 -0.8858 0.08957
vn 0.2814 -0.9404 0.191
vn 0.4847 -0.869 0.09988
vn 0.6629 -0.7443 0.08087
vn 0.4361 -0.8995 0.02772
vn 0.4847 -0.869 0.09988
vn 0.2814 -0.9404 0.191
vn 0.2795 -0.9413 0.1893
vn 0.4768 -0.879 -0.006049
vn 0.4186 -0.9077 0.02809
vn 0.6084 -0.7889 -0.08577
vn 0.6555 -0.7493 -0.09455
vn 0.6608 -0.7446 -0.09442
vn 0.4892 -0.8516 -0.1882
vn 0.4506 -0.8924 0.02263
vn 0.4361 -0.8995 0.02772
vn 0.4186 -0.9077 0.02809
vn 0.4187 -0.908 -0.01275
vn 0.5372 -0.8431 -0.02568
vn 0.4187 -0.908 -0.01275
vn 0.4186 -0.9077 0.02809
vn 0.4768 -0.879 -0.006049
vn 0.5373 -0.8433 -0.01301
vn 0.7575 -0.6527 -0.01102
vn 0.5372 -0.8431 -0.02568
vn 0.5373 -0.8433 -0.01301
vn 0.544 -0.8389 -0.01862
vn 0.7975 -0.6017 -0.04318
vn 0.8124 -0.5824 -0.02927
vn 0.8126 -0.5825 -0.01623
vn 0.8967 -0.4424 0.01478
vn 0.8431 -0.537 0.02984
vn 0.7574 -0.6526 0.02188
vn 0.7575 -0.6527 -0.01102
vn 0.8126 -0.5825 -0.01623
vn 0.8968 -0.4424 -0.00194
vn 0.9056 -0.4242 -0.00538
vn 0.8449 -0.5349 0.001998
vn 0.8967 -0.4424 0.01478
vn 0.8968 -0.4424 -0.00194
vn 0.9165 -0.4 -0.003923
vn 0.9006 -0.4346 -0.007865
vn 0.9056 -0.4242 -0.00115
vn 0.8124 -0.5824 -0.02927
vn 0.8727 -0.4871 -0.03377
vn 0.9185 -0.3953 -0.009829
vn 0.9165 -0.4 -0.003923
vn 0.8968 -0.4424 -0.00194
vn 0.8126 -0.5825 -0.01623
vn 0.6543 -0.6949 -0.2982
vn 0.6493 -0.6867 -0.3269
vn 0.5103 -0.8336 -0.2114
vn 0.6683 -0.7269 -0.1579
vn 0.8727 -0.4871 -0.03377
vn 0.8124 -0.5824 -0.02927
vn 0.7975 -0.6017 -0.04318
vn 0.7984 -0.6021 -0.005541
vn 0.544 -0.8389 -0.01862
vn 0.5438 -0.8372 0.05771
vn 0.7151 -0.698 -0.03867
vn 0.7984 -0.6021 -0.005541
vn 0.7975 -0.6017 -0.04318
vn 0.5438 -0.8372 0.05771
vn 0.544 -0.8389 -0.01862
vn 0.5373 -0.8433 -0.01301
vn 0.4768 -0.879 -0.006049
vn 0.2795 -0.9413 0.1893
vn 0.4926 -0.8699 0.02492
vn 0.6911 -0.7076 -0.1472
vn 0.6045 -0.7795 -0.1643
vn 0.2814 -0.9404 0.191
vn 0.4554 -0.8858 0.08957
vn 0.504 -0.8612 0.06525
vn 0.4926 -0.8699 0.02492
vn 0.2795 -0.9413 0.1893
vn 0.6911 -0.7076 -0.1472
vn 0.4926 -0.8699 0.02492
vn 0.504 -0.8612 0.06525
vn 0.7871 -0.6026 -0.1317
vn 0.9088 -0.3397 -0.2422
vn 0.8427 -0.3911 -0.3699
vn 0.6045 -0.7795 -0.1643
vn 0.6911 -0.7076 -0.1472
vn 0.8427 -0.3911 -0.3699
vn 0.8723 -0.07677 -0.4829
vn 0.5624 -0.3858 -0.7313
vn 0.6267 -0.439 -0.6438
vn 0.6123 -0.7713 -0.1736
vn 0.6045 -0.7795 -0.1643
vn 0.6123 -0.7713 -0.1736
vn 0.4177 -0.8899 -0.1835
vn 0.6267 -0.439 -0.6438
vn -0.4767 -0.8492 -0.2272
vn 0.3881 -0.9184 0.07665
vn 0.4177 -0.8899 -0.1835
vn 0.6123 -0.7713 -0.1736
vn 0.4177 -0.8899 -0.1835
vn 0.3881 -0.9184 0.07665
vn 0.3881 -0.9184 0.07665
vn -0.4767 -0.8492 -0.2272
vn -0.7684 -0.2752 -0.5777
vn -0.7805 -0.3095 -0.5431
vn -0.7897 -0.5663 0.236
vn -0.7134 -0.6675 0.2133
vn 0.5624 -0.3858 -0.7313
vn 0.1727 0.407 -0.897
vn 0.1664 0.4 -0.9013
vn -0.7684 -0.2752 -0.5777
vn -0.4767 -0.8492 -0.2272
vn 0.6267 -0.439 -0.6438
vn 0.8723 -0.07677 -0.4829
vn 0.7971 0.2354 -0.5561
vn 0.6168 0.5601 -0.553
vn 0.1727 0.407 -0.897
vn 0.5624 -0.3858 -0.7313
vn 0.1664 0.4 -0.9013
vn 0.1727 0.407 -0.897
vn 0.6168 0.5601 -0.553
vn 0.6786 0.4971 -0.5408
vn 0.7339 0.4146 -0.5381
vn 0.161 0.9091 -0.3841
vn -0.7805 -0.3095 -0.5431
vn -0.7684 -0.2752 -0.5777
vn 0.1664 0.4 -0.9013
vn -0.6749 0.7179 -0.1708
vn -0.5418 0.8285 -0.1417
vn -0.7897 -0.5663 0.236
vn -0.7805 -0.3095 -0.5431
vn -0.7134 -0.6675 0.2133
vn -0.7897 -0.5663 0.236
vn -0.5418 0.8285 -0.1417
vn -0.08457 -0.01546 -0.9963
vn -0.6749 0.7179 -0.1708
vn -0.861 0.4946 -0.1186
vn -0.07786 0.01567 -0.9968
vn -0.05267 -0.03387 -0.998
vn -0.08457 -0.01546 -0.9963
vn -0.5418 0.8285 -0.1417
vn 0.4777 0.8714 0.1114
vn -0.861 0.4946 -0.1186
vn -0.6749 0.7179 -0.1708
vn -0.07786 0.01567 -0.9968
vn -0.861 0.4946 -0.1186
vn 0.4777 0.8714 0.1114
vn 0.6799 0.7306 0.06275
vn 0.6799 0.7306 0.06275
vn 0.4777 0.8714 0.1114
vn 0.1599 0.7096 -0.6862
vn 0.1429 0.7005 -0.6992
vn 0.8226 0.4445 -0.3547
vn 0.9221 -0.3837 0.0491
vn 0.7984 -0.6021 -0.005541
vn 0.7151 -0.698 -0.03867
vn -0.05267 -0.03387 -0.998
vn -0.07786 0.01567 -0.9968
vn 0.6799 0.7306 0.06275
vn -0.7134 -0.6675 0.2133
vn -0.08457 -0.01546 -0.9963
vn -0.05267 -0.03387 -0.998
vn 0.7151 -0.698 -0.03867
vn 0.5438 -0.8372 0.05771
vn 0.7971 0.2354 -0.5561
vn 0.858 0.2852 -0.4271
vn 0.7392 0.502 -0.4489
vn 0.6786 0.4971 -0.5408
vn 0.6168 0.5601 -0.553
vn 0.9088 -0.3397 -0.2422
vn 0.8661 0.264 -0.4245
vn 0.858 0.2852 -0.4271
vn 0.7971 0.2354 -0.5561
vn 0.8723 -0.07677 -0.4829
vn 0.8427 -0.3911 -0.3699
vn 0.7871 -0.6026 -0.1317
vn 0.8607 -0.505 -0.06516
vn 0.9596 -0.1952 -0.2026
vn 0.899 0.2952 -0.3234
vn 0.9001 0.2922 -0.3231
vn 0.8661 0.264 -0.4245
vn 0.9088 -0.3397 -0.2422
vn 0.4735 -0.8718 0.1257
vn 0.8607 -0.505 -0.06516
vn 0.7871 -0.6026 -0.1317
vn 0.504 -0.8612 0.06525
vn 0.4554 -0.8858 0.08957
vn 0.8704 -0.4877 0.06701
vn 0.9851 -0.163 -0.0543
vn 0.9596 -0.1952 -0.2026
vn 0.8607 -0.505 -0.06516
vn 0.4735 -0.8718 0.1257
vn 0.663 -0.7447 0.07631
vn 0.8708 -0.4896 0.04466
vn 0.9945 0.0296 -0.1005
vn 0.9793 0.147 -0.1389
vn 0.9708 0.115 -0.2104
vn 0.9851 -0.163 -0.0543
vn 0.8704 -0.4877 0.06701
vn 0.9768 -0.2071 0.05425
vn 0.9241 0.3522 -0.1485
vn 0.9193 0.3142 -0.2368
vn 0.9793 0.147 -0.1389
vn 0.9945 0.0296 -0.1005
vn 0.987 0.1562 0.03781
vn 0.9321 0.3323 -0.1443
vn 0.8169 0.5291 -0.2298
vn 0.86 0.4559 -0.2292
vn 0.8732 0.413 -0.2589
vn 0.8699 0.4094 -0.2751
vn 0.9414 0.2494 -0.2271
vn 0.9193 0.3142 -0.2368
vn 0.9241 0.3522 -0.1485
vn 0.9708 0.115 -0.2104
vn 0.9793 0.147 -0.1389
vn 0.9193 0.3142 -0.2368
vn 0.9414 0.2494 -0.2271
vn 0.915 0.3106 -0.2575
vn 0.899 0.2952 -0.3234
vn 0.9596 -0.1952 -0.2026
vn 0.9851 -0.163 -0.0543
vn 0.9708 0.115 -0.2104
vn 0.915 0.3106 -0.2575
vn 0.9001 0.2922 -0.3231
vn 0.899 0.2952 -0.3234
vn 0.915 0.3106 -0.2575
vn 0.9414 0.2494 -0.2271
vn 0.8699 0.4094 -0.2751
vn 0.8749 0.3943 -0.2812
vn 0.8601 0.3812 -0.3391
vn 0.8648 0.3736 -0.3354
vn 0.8732 0.413 -0.2589
vn 0.8529 0.452 -0.2614
vn 0.8651 0.4204 -0.2735
vn 0.8631 0.4185 -0.2827
vn 0.8749 0.3943 -0.2812
vn 0.8699 0.4094 -0.2751
vn 0.86 0.4559 -0.2292
vn 0.8662 0.4642 -0.1851
vn 0.8635 0.4702 -0.1824
vn 0.8529 0.452 -0.2614
vn 0.8732 0.413 -0.2589
vn 0.8311 0.5438 -0.1165
vn 0.8247 0.5537 -0.1154
vn 0.8661 0.4642 -0.1851
vn 0.86 0.4559 -0.2292
vn 0.8169 0.5291 -0.2298
vn 0.7657 0.6421 -0.03902
vn 0.7957 0.6043 -0.04102
vn 0.8238 0.5632 -0.06454
vn 0.8247 0.5537 -0.1154
vn 0.8311 0.5438 -0.1165
vn 0.7384 0.6735 -0.03437
vn 0.7378 0.6723 -0.05976
vn 0.7802 0.6256 0.0004273
vn 0.7962 0.6049 -0.009582
vn 0.7957 0.6043 -0.04102
vn 0.7657 0.6421 -0.03902
vn 0.7645 0.6446 0.0007601
vn 0.6335 0.7737 0.001459
vn 0.7344 0.6788 -0.000761
vn 0.7352 0.6767 -0.03912
vn 0.814 0.5808 -0.009805
vn 0.7962 0.6049 -0.009582
vn 0.7802 0.6256 0.0004273
vn 0.7792 0.6261 0.02885
vn 0.6335 0.7737 0.0052
vn 0.4979 0.8672 0.003239
vn 0.5497 0.8354 -0.004715
vn 0.5495 0.8349 -0.03122
vn 0.7344 0.6788 -0.000761
vn 0.6335 0.7737 0.001459
vn 0.4972 0.8662 0.04939
vn 0.4389 0.8978 0.03729
vn 0.2583 0.9653 0.03786
vn 0.3141 0.949 0.02889
vn 0.3143 0.9493 -0.01229
vn 0.5497 0.8354 -0.004715
vn 0.4979 0.8672 0.003239
vn 0.4993 0.865 0.04867
vn 0.3337 0.5726 0.7489
vn -0.2183 0.9737 0.06468
vn -0.2733 0.9616 0.027
vn 0.3889 0.9203 0.04221
vn 0.4389 0.8978 0.03729
vn 0.4972 0.8662 0.04939
vn 0.9971 0.04781 0.05871
vn -0.2183 0.9737 0.06468
vn 0.3337 0.5726 0.7489
vn 0.9996 -0.01362 0.02425
vn 0.3409 0.579 -0.7406
vn -0.2733 0.9616 0.027
vn -0.2183 0.9737 0.06468
vn 0.9971 0.04781 0.05871
vn 0.5033 0.8624 0.05439
vn 0.4025 0.9146 0.04025
vn 0.3889 0.9203 0.04221
vn -0.2733 0.9616 0.027
vn 0.3409 0.579 -0.7406
vn 0.4018 0.9132 0.06811
vn 0.4733 0.8778 0.07388
vn 0.3741 0.9246 0.07177
vn 0.2441 0.9668 0.07567
vn 0.2577 0.9633 0.07448
vn 0.2583 0.9653 0.03786
vn 0.4389 0.8978 0.03729
vn 0.3889 0.9203 0.04221
vn 0.4025 0.9146 0.04025
vn 0.355 0.6545 -0.6675
vn 0.2825 0.6937 -0.6626
vn 0.3741 0.9246 0.07177
vn 0.4733 0.8778 0.07388
vn 0.3718 0.9192 0.1301
vn 0.4706 0.8731 0.1275
vn -0.001882 0.001875 1
vn -0.001888 0.001878 1
vn -0.331 -0.02152 0.9434
vn -0.9823 -0.0713 -0.1732
vn 0.01064 0.007932 0.9999
vn -0.9974 0.03308 -0.06442
vn 0.355 0.6545 -0.6675
vn 0.2825 0.6937 -0.6626
vn 0.2582 0.7157 -0.649
vn 0.0614 -0.7017 -0.7098
vn 0.06717 -0.6981 -0.7129
vn 0.09593 -0.6876 -0.7197
vn -0.9974 0.03309 -0.06442
vn 0.2441 0.9668 0.07567
vn 0.1758 0.6897 -0.7025
vn 0.2582 0.7157 -0.649
vn 0.2825 0.6937 -0.6626
vn 0.3741 0.9246 0.07177
vn -0.2394 -0.9489 -0.2055
vn 0.2394 0.9489 0.2055
vn -0.2394 -0.9489 -0.2055
vn 0.2431 0.9631 0.1156
vn 0.2621 0.9581 0.1153
vn 0.3718 0.9192 0.1301
vn -0.001328 0.003034 1
vn 0.04412 0.982 0.1837
vn 0.2601 0.9417 0.2136
vn 0.2621 0.9581 0.1153
vn 0.3718 0.9192 0.1301
vn 0.4706 0.8731 0.1275
vn -0.9987 0.03318 -0.03764
vn 0.2042 -0.977 0.06138
vn -0.02326 -0.9993 0.03012
vn -0.01145 -0.9994 0.0332
vn 0.02701 0.9889 0.146
vn 0.2601 0.9417 0.2136
vn 0.04412 0.982 0.1837
vn -0.9974 0.03308 -0.06442
vn -0.9987 0.03318 -0.03764
vn 0.9984 -0.03316 0.04489
vn -0.001882 0.001875 1
vn -0.001888 0.001878 1
vn -0.9974 0.03309 -0.06442
vn 0.0939 -0.6876 -0.72
vn 0.135 -0.9882 0.0718
vn -0.9987 0.03318 -0.03764
vn 0.2042 -0.977 0.06138
vn 0.9984 -0.03316 0.0449
vn 0.9982 -0.0377 0.04641
vn 0.9963 -0.06792 0.05205
vn 0.9796 -0.1909 0.06333
vn 0.9986 0.004232 0.05221
vn -0.009174 -0.9987 0.05027
vn 0.07441 -0.9955 0.05856
vn 0.4526 -0.8851 0.1083
vn 0.4537 -0.8883 0.07112
vn 0.1352 -0.9899 0.04327
vn 0.5156 -0.8541 0.06874
vn -0.0001825 0.001336 1
vn -0.02326 -0.9993 0.03012
vn 0.2042 -0.977 0.06138
vn 0.1354 -0.9882 0.07174
vn 0.09425 -0.9931 0.06949
vn -0.02658 -0.9988 0.04195
vn 0.09593 -0.6876 -0.7197
vn 0.1354 -0.9882 0.07174
vn 0.1306 -0.9905 0.04293
vn -0.00239 0.002036 1
vn 0.06712 -0.6981 -0.7129
vn 0.0911 -0.9624 0.2559
vn 0.1358 -0.9881 0.07168
vn 0.09795 -0.6875 -0.7195
vn 0.0614 -0.7017 -0.7098
vn 0.03029 -0.6886 -0.7246
vn 0.04328 -0.998 0.04506
vn -0.02658 -0.9988 0.04195
vn 0.0911 -0.9624 0.2559
vn 0.06721 -0.698 -0.7129
vn -0.9823 -0.0713 -0.1732
vn -0.001402 0.001436 1
vn 0.06721 -0.698 -0.7129
vn 0.0847 -0.8974 0.4331
vn 0.06712 -0.6981 -0.7129
vn 0.2582 0.7157 -0.649
vn 0.1758 0.6897 -0.7025
vn 0.03989 0.6996 -0.7134
vn -0.007628 -0.6888 -0.7249
vn 0.02999 -0.6885 -0.7246
vn 0.0614 -0.7017 -0.7098
vn 0.0433 -0.998 0.04506
vn 0.03014 -0.6885 -0.7246
vn -0.0002356 0.002583 1
vn 0.00668 0.006311 1
vn -0.001093 0.02233 0.9998
vn -0.0002356 0.002583 1
vn 0.02983 -0.6884 -0.7247
vn 0.04318 -0.9981 0.04503
vn 0.04529 -0.9989 0.0146
vn -0.001093 0.02233 0.9998
vn -0.0001114 0.002584 1
vn -0.02326 -0.9993 0.03012
vn -0.02658 -0.9988 0.04195
vn 0.04322 -0.998 0.04504
vn -0.02339 -0.9992 0.03108
vn -0.01776 -0.9985 0.05136
vn -0.01145 -0.9994 0.0332
vn 0.02969 -0.6884 -0.7247
vn -0.007628 -0.6888 -0.7249
vn -0.00378 -0.7543 -0.6565
vn -0.02339 -0.9992 0.03108
vn 0.04304 -0.9981 0.045
vn -0.02355 -0.999 0.03915
vn -0.02979 -0.9995 0.008935
vn 0.04308 -0.999 0.01444
vn -0.0001114 0.002584 1
vn -0.01678 -0.05467 0.9984
vn -0.02098 -0.02535 0.9995
vn -0.0242 -0.997 0.07288
vn -0.003016 -0.7374 -0.6755
vn -0.003177 -0.7543 -0.6565
vn -0.9998 0.007301 -0.01699
vn 1 -0.007252 0.001669
vn -0.02014 -0.9985 0.05135
vn -0.01776 -0.9985 0.05136
vn -0.02339 -0.9992 0.03108
vn -0.00378 -0.7543 -0.6565
vn -0.02355 -0.999 0.03915
vn -0.02098 -0.02554 0.9995
vn -0.003177 -0.7543 -0.6565
vn -0.00378 -0.7543 -0.6565
vn -0.007628 -0.6888 -0.7249
vn 0.03989 0.6996 -0.7134
vn 0.04671 0.7538 -0.6555
vn -0.9998 0.007301 -0.01699
vn 0.03046 0.7541 -0.656
vn -0.02979 -0.9995 0.008935
vn -0.0208 -0.9995 -0.02329
vn -0.04134 -0.9991 -0.005021
vn -0.05984 -0.9959 0.06741
vn -0.02355 -0.999 0.03915
vn 0.0475 -0.9988 0.01477
vn 0.1921 -0.9809 0.03148
vn 0.1922 -0.9813 -0.002533
vn -0.02093 -0.9997 -0.01488
vn -0.0207 -0.9995 -0.02339
vn -0.02979 -0.9995 0.008935
vn 0.04308 -0.999 0.01444
vn -0.0002356 0.002583 1
vn -0.0001114 0.002584 1
vn -0.02087 0.002497 0.9998
vn 0.04223 0.997 0.06463
vn 0.2577 0.9633 0.07448
vn 0.2441 0.9668 0.07567
vn -0.001361 0.003031 1
vn 0.04173 0.9955 0.08561
vn -0.2394 -0.9489 -0.2055
vn 0.2431 0.9631 0.1156
vn 0.2394 0.9489 0.2055
vn -0.2394 -0.9489 -0.2055
vn 0.1758 0.6897 -0.7025
vn 0.03989 0.6996 -0.7134
vn 0.04671 0.7538 -0.6555
vn 0.01805 0.9929 -0.1177
vn 0.05762 0.9971 0.0498
vn 0.04223 0.997 0.06463
vn -0.01258 -0.1126 0.9936
vn 0.01372 0.7543 -0.6564
vn 0.04671 0.7538 -0.6555
vn 1 -0.007252 0.001669
vn -0.9998 0.007301 -0.01699
vn 0.02404 0.9924 0.1204
vn 0.04298 0.9951 0.08919
vn 0.04173 0.9955 0.08561
vn 0.01797 0.9883 0.1515
vn -0.01259 -0.1125 0.9936
vn 0.04684 0.7475 -0.6626
vn 0.03046 0.7541 -0.656
vn 0.03115 0.9975 -0.06289
vn 0.04359 0.9989 0.01867
vn 0.04684 0.7475 -0.6626
vn -0.02089 0.003047 0.9998
vn 0.04415 0.999 -0.007878
vn 0.04359 0.9989 0.01867
vn 0.9744 -0.02456 0.2233
vn 0.9996 -0.02014 0.0186
vn 0.1459 0.9857 -0.08457
vn 0.04415 0.999 -0.007877
vn -0.02089 0.003367 0.9998
vn -0.02098 -0.02543 0.9995
vn 0.05762 0.9971 0.0498
vn 0.0355 0.9984 -0.04455
vn 0.1459 0.9857 -0.08457
vn 0.1662 0.9809 -0.1005
vn 0.1407 0.9867 -0.08123
vn 0.09091 0.9955 -0.02555
vn 0.06535 0.9977 0.01935
vn 0.2701 0.9418 -0.2001
vn 0.1463 0.9855 -0.0859
vn 0.1459 0.9857 -0.08457
vn 0.1463 0.9855 -0.08589
vn 0.2701 0.9418 -0.2001
vn 0.2701 0.9418 -0.2001
vn 0.2699 0.9419 -0.1999
vn 0.2702 0.9418 -0.2001
vn 0.4486 0.8153 -0.3662
vn 0.4489 0.815 -0.3665
vn 0.2701 0.9418 -0.2001
vn 0.2701 0.9418 -0.2001
vn 0.4485 0.8153 -0.3662
vn 0.2702 0.9418 -0.2001
vn 0.4485 0.8153 -0.3662
vn 0.4485 0.8153 -0.3662
vn 0.6537 0.5063 -0.5624
vn 0.6538 0.5063 -0.5624
vn 0.6569 0.5009 -0.5635
vn 0.6537 0.5063 -0.5624
vn 0.4484 0.8154 -0.3661
vn 0.6538 0.5063 -0.5624
vn 0.6537 0.5063 -0.5624
vn 0.6569 0.5009 -0.5635
vn -0.04161 -0.9991 -0.004762
vn 0.3836 0.8718 -0.3048
vn 0.4485 0.8153 -0.3662
vn 0.6538 0.5063 -0.5624
vn 0.633 0.5547 -0.54
vn -0.7179 0.05689 -0.6938
vn -0.5629 -0.3961 -0.7254
vn 0.4492 0.8147 -0.3668
vn 0.7371 0.1924 -0.6478
vn -0.0416 -0.9991 -0.004765
vn -0.5499 -0.5888 -0.5923
vn -0.3215 -0.9139 0.2478
vn 0.633 0.5547 -0.54
vn -0.04161 -0.9991 -0.004761
vn -0.5499 -0.5888 -0.5923
vn -0.3215 -0.9139 0.2478
vn 0.7371 0.1924 -0.6478
vn -0.04161 -0.9991 -0.004764
vn 0.2907 -0.9097 -0.2966
vn -0.3215 -0.9139 0.2478
vn 0.4988 -0.6381 0.5865
vn -0.04161 -0.9991 -0.004763
vn -0.04133 -0.9991 -0.005009
vn -0.0416 -0.9991 -0.004764
vn -0.04133 -0.9991 -0.005009
vn -0.04133 -0.9991 -0.005006
vn -0.04161 -0.9991 -0.004763
vn 0.4988 -0.6381 0.5865
vn 0.519 -0.6998 -0.4909
vn -0.04135 -0.9991 -0.005044
vn 0.519 -0.6998 -0.4909
vn -0.5499 -0.5888 -0.5923
vn -0.04161 -0.9991 -0.004762
vn -0.05984 -0.9959 0.06741
vn -0.0415 -0.9991 -0.004924
vn 0.6569 0.5009 -0.5635
vn -0.021 -0.02531 0.9995
vn -0.02356 -0.999 0.03915
vn -0.05984 -0.9959 0.06741
vn -0.02355 -0.999 0.03915
vn -0.02099 -0.02532 0.9995
vn -0.02355 -0.999 0.03915
vn 0.9744 -0.02456 0.2233
vn -0.02419 -0.997 0.07287
vn 0.9763 0.06696 0.206
vn -0.003009 -0.7376 -0.6752
vn 0.9996 -0.02014 0.0186
vn -0.0242 -0.997 0.07288
vn -0.003012 -0.7375 -0.6754
vn -0.003009 -0.7376 -0.6752
vn -0.02098 -0.02553 0.9995
vn -0.02355 -0.999 0.03915
vn -0.02419 -0.997 0.07287
vn -0.003016 -0.7374 -0.6755
vn -0.003177 -0.7543 -0.6565
vn 0.0472 0.7537 -0.6555
vn 0.04684 0.7475 -0.6626
vn 0.9996 -0.02014 0.0186
vn -0.003009 -0.7376 -0.6752
vn -0.02014 -0.9985 0.05135
vn -0.0242 -0.997 0.07287
vn 0.9763 0.06696 0.206
vn 0.9975 0.06759 -0.019
vn -0.008407 -0.9942 0.1073
vn 0.0301 0.9956 0.0892
vn 0.0218 0.9986 0.04907
vn 0.9975 0.06759 -0.019
vn 0.9763 0.06696 0.206
vn 0.9744 -0.02456 0.2233
vn 0.04359 0.9989 0.01867
vn 0.01797 0.9883 0.1515
vn 0.2583 0.9653 0.03786
vn 0.2577 0.9633 0.07448
vn 0.04223 0.997 0.06463
vn 0.05762 0.9971 0.0498
vn 0.06535 0.9977 0.01935
vn 0.3141 0.949 0.02889
vn -0.001402 0.001436 1
vn 0.0945 -0.9952 0.02716
vn 0.1921 -0.9809 0.03148
vn 0.0475 -0.9988 0.01477
vn -0.001093 0.02233 0.9998
vn 0.0227 0.01286 0.9997
vn -0.004597 0.002735 1
vn 0.126 -0.9911 0.04259
vn 0.2965 -0.954 0.04501
vn 0.0945 -0.9952 0.02716
vn -0.001271 -9.222E-05 1
vn -0.9823 -0.0713 -0.1732
vn 0.5156 -0.8541 0.06874
vn 0.5164 -0.8556 0.03604
vn 0.4837 -0.8745 0.03585
vn 0.2967 -0.9548 0.01554
vn 0.2965 -0.954 0.04501
vn 0.1306 -0.9905 0.04293
vn 0.6086 -0.7895 0.07975
vn 0.6099 -0.7913 0.04291
vn 0.5774 -0.8154 0.04237
vn 0.5164 -0.8556 0.03604
vn 0.5156 -0.8541 0.06874
vn 0.4537 -0.8883 0.07112
vn -0.001475 0.002577 1
vn 0.3219 -0.9413 0.1018
vn 0.4526 -0.8851 0.1083
vn 0.07441 -0.9955 0.05856
vn -0.001465 0.002594 1
vn 0.4629 0.8715 0.162
vn 0.6994 0.6962 0.1614
vn -0.00146 0.002588 1
vn 0.4174 0.8963 0.1498
vn 0.4653 0.8759 0.128
vn 0.4629 0.8715 0.162
vn 0.4174 0.8963 0.1498
vn 0.2548 0.9563 0.1436
vn 0.2565 0.962 0.09377
vn 0.4104 0.9031 0.1266
vn -0.001481 0.002581 1
vn 0.1114 0.9889 0.09846
vn 0.2548 0.9563 0.1436
vn 0.4174 0.8963 0.1498
vn -0.009174 -0.9987 0.05027
vn -0.001476 0.002576 1
vn 0.07441 -0.9955 0.05856
vn 0.9986 0.004232 0.05221
vn -0.001478 0.002548 1
vn -0.009174 -0.9987 0.05027
vn 0.9796 -0.1909 0.06333
vn 0.1114 0.9889 0.09846
vn -0.001481 0.002565 1
vn 0.9986 0.004232 0.05221
vn 0.9963 -0.06792 0.05205
vn 0.2565 0.962 0.09377
vn 0.2548 0.9563 0.1436
vn 0.1114 0.9889 0.09846
vn 0.9796 -0.1909 0.06333
vn 0.4107 0.9083 0.07892
vn 0.4104 0.9031 0.1266
vn 0.2565 0.962 0.09377
vn 0.9963 -0.06792 0.05205
vn 0.9982 -0.0377 0.04641
vn 0.5149 -0.8531 0.08378
vn 0.7724 -0.6281 0.09396
vn 0.7755 -0.6297 0.04413
vn 0.7234 -0.6885 0.05225
vn 0.6922 -0.7198 0.05248
vn 0.6099 -0.7913 0.04291
vn 0.6086 -0.7895 0.07975
vn 0.6726 -0.7388 0.04305
vn 0.7951 -0.604 0.05494
vn 0.6418 -0.7661 0.03282
vn 0.7618 -0.644 0.07001
vn 0.7621 -0.6443 0.0643
vn 0.723 -0.6878 0.06523
vn 0.7234 -0.6885 0.05225
vn 0.7755 -0.6297 0.04413
vn 0.1798 -0.9807 0.07731
vn 0.6418 -0.7661 0.03282
vn 0.7951 -0.604 0.05494
vn 0.6725 -0.7384 0.04977
vn 0.7162 -0.6978 0.01184
vn 0.8002 -0.5996 0.01262
vn 0.8265 -0.5621 0.03187
vn 0.723 -0.6878 0.06523
vn 0.7621 -0.6443 0.0643
vn 0.7234 -0.6885 0.05225
vn 0.723 -0.6878 0.06523
vn 0.8265 -0.5621 0.03187
vn 0.8667 -0.4977 0.03265
vn 0.6937 -0.7202 -0.008908
vn 0.6922 -0.7198 0.05248
vn 0.8002 -0.5996 0.01262
vn 0.7996 -0.5996 -0.0339
vn 0.8542 -0.5177 -0.04775
vn 0.8837 -0.4656 -0.04828
vn 0.8661 -0.4971 -0.05161
vn 0.8667 -0.4977 0.03265
vn 0.8265 -0.5621 0.03187
vn 0.7162 -0.6978 0.01184
vn 0.7359 -0.6764 0.02952
vn 0.7356 -0.6767 -0.03114
vn 0.7454 -0.6658 -0.03347
vn 0.7996 -0.5996 -0.0339
vn 0.8002 -0.5996 0.01262
vn 0.8542 -0.5177 -0.04775
vn 0.7996 -0.5996 -0.0339
vn 0.7454 -0.6658 -0.03347
vn 0.7439 -0.6647 -0.06901
vn 0.8527 -0.5165 -0.07843
vn 0.8837 -0.4656 -0.04828
vn 0.8542 -0.5177 -0.04775
vn 0.8527 -0.5165 -0.07843
vn 0.9169 -0.3824 -0.1145
vn 0.9582 -0.2617 -0.1156
vn 0.9323 -0.3335 -0.1401
vn 0.9351 -0.3421 -0.09282
vn 0.7439 -0.6647 -0.06901
vn 0.7312 -0.6783 -0.07248
vn 0.7257 -0.6732 -0.1417
vn 0.9009 -0.4032 -0.1608
vn 0.9123 -0.3807 -0.1509
vn 0.9169 -0.3824 -0.1145
vn 0.8527 -0.5165 -0.07843
vn 0.4496 -0.893 -0.01971
vn 0.449 -0.8922 -0.04831
vn 0.4617 -0.8855 -0.05262
vn 0.7312 -0.6783 -0.07248
vn 0.7439 -0.6647 -0.06901
vn 0.7454 -0.6658 -0.03347
vn 0.7356 -0.6767 -0.03114
vn 0.5428 -0.8397 -0.01563
vn 0.5428 -0.8397 -0.01563
vn 0.7356 -0.6767 -0.03114
vn 0.7359 -0.6764 0.02952
vn 0.5421 -0.84 0.02344
vn 0.5847 -0.8095 0.05378
vn 0.5084 -0.8599 0.04548
vn 0.5421 -0.84 0.02344
vn 0.7359 -0.6764 0.02952
vn 0.7162 -0.6978 0.01184
vn 0.6725 -0.7384 0.04977
vn 0.3261 -0.9453 -0.004587
vn 0.09411 -0.9955 -0.01432
vn 0.1123 -0.9937 -0.005287
vn 0.1123 -0.9934 -0.02361
vn 0.449 -0.8922 -0.04831
vn 0.4496 -0.893 -0.01971
vn -0.1016 -0.9948 -0.003367
vn -0.2322 -0.9721 -0.03374
vn -0.2323 -0.9725 -0.0176
vn 0.08517 -0.9959 -0.02964
vn 0.1123 -0.9934 -0.02361
vn 0.1123 -0.9937 -0.005287
vn -0.7158 -0.6983 -0.003885
vn -0.4644 -0.8851 0.02916
vn -0.4646 -0.8855 -0.009215
vn -0.2559 -0.9665 -0.02091
vn -0.2323 -0.9725 -0.0176
vn -0.2322 -0.9721 -0.03374
vn -0.5172 -0.8397 -0.1654
vn -0.484 -0.862 -0.1508
vn -0.6395 -0.7677 0.04054
vn -0.4644 -0.8851 0.02916
vn -0.7158 -0.6983 -0.003885
vn -0.4646 -0.8855 -0.009215
vn -0.4644 -0.8851 0.02916
vn -0.6395 -0.7677 0.04054
vn -0.8365 -0.5478 0.01276
vn -0.8365 -0.5479 0.008737
vn -0.4758 -0.8795 -0.009572
vn -0.484 -0.862 -0.1508
vn -0.559 -0.8167 -0.1435
vn -0.5684 -0.8071 -0.16
vn -0.9099 -0.4091 -0.06789
vn -0.9889 0.148 0.01645
vn -0.9108 0.4106 0.04312
vn -0.9946 -0.1011 0.02207
vn -0.8365 -0.5478 0.01276
vn -0.6395 -0.7677 0.04054
vn -0.8365 -0.5479 0.008737
vn -0.8365 -0.5478 0.01276
vn -0.9946 -0.1011 0.02207
vn -0.9942 -0.101 0.03583
vn -0.7599 -0.65 0.008823
vn -0.7942 -0.6075 0.01002
vn -0.4758 -0.8795 -0.009572
vn -0.8365 -0.5479 0.008737
vn -0.7942 -0.6075 0.01002
vn -0.7942 -0.6075 0.008635
vn -0.4448 -0.8955 -0.01647
vn -0.4757 -0.8794 -0.01949
vn -0.7599 -0.65 0.008823
vn -0.7114 -0.7027 0.01025
vn -0.7418 -0.6705 0.01177
vn -0.7942 -0.6075 0.008635
vn -0.7942 -0.6075 0.01002
vn -0.4448 -0.8955 -0.01647
vn -0.7942 -0.6075 0.008635
vn -0.7418 -0.6705 0.01177
vn 0.5683 0.469 -0.6761
vn 0.4429 0.5114 -0.7364
vn 0.2586 0.626 -0.7357
vn 0.4285 0.4672 -0.7733
vn 0.7475 0.2726 -0.6057
vn 0.5683 0.469 -0.6761
vn -0.7418 -0.6705 0.01177
vn -0.7114 -0.7027 0.01025
vn -0.4488 -0.8936 0.00707
vn 0.4429 0.5114 -0.7364
vn 0.5683 0.469 -0.6761
vn 0.7475 0.2726 -0.6057
vn 0.9195 0.3586 -0.1613
vn 0.6797 0.7146 -0.1652
vn 0.4285 0.4672 -0.7733
vn 0.8476 -0.5296 -0.03197
vn 0.8644 -0.5015 -0.03544
vn 0.8616 -0.5068 -0.02975
vn 0.9745 -0.2 -0.1017
vn 0.9193 0.3591 -0.1613
vn 0.7475 0.2726 -0.6057
vn 0.8179 -0.5744 -0.03288
vn 0.8207 -0.5703 -0.03443
vn 0.8476 -0.5296 -0.03197
vn 0.4285 0.4672 -0.7733
vn 0.8644 -0.5015 -0.03544
vn 0.8476 -0.5296 -0.03197
vn 0.8207 -0.5703 -0.03443
vn -0.342 -0.2664 -0.9011
vn -0.3366 -0.2713 -0.9017
vn -0.2061 -0.05428 -0.977
vn 0.8826 -0.4662 -0.05954
vn 0.8179 -0.5744 -0.03288
vn 0.7663 -0.642 -0.02497
vn 0.6722 -0.7395 -0.03535
vn -0.6831 -0.4063 -0.6069
vn -0.5409 -0.5845 -0.6047
vn -0.342 -0.2664 -0.9011
vn 0.8207 -0.5703 -0.03443
vn -0.3366 -0.2713 -0.9017
vn -0.342 -0.2664 -0.9011
vn -0.5409 -0.5845 -0.6047
vn -0.6763 0.7358 0.03577
vn -0.7685 0.6393 0.02601
vn -0.8196 0.5719 0.03494
vn -0.6831 -0.4063 -0.6069
vn -0.7764 -0.5197 -0.3566
vn -0.6075 0.7932 0.04286
vn -0.6598 0.7506 0.03389
vn -0.6763 0.7358 0.03577
vn -0.5409 -0.5845 -0.6047
vn 0.6722 -0.7395 -0.03535
vn 0.6596 -0.7509 -0.03388
vn 0.6084 -0.7924 -0.04286
vn -0.8127 -0.4589 -0.359
vn -0.7764 -0.5197 -0.3566
vn -0.6831 -0.4063 -0.6069
vn 0.7663 -0.642 -0.02497
vn -0.6033 -0.7418 0.2929
vn -0.6918 -0.6604 0.2919
vn -0.6885 -0.6594 0.3018
vn 0.6596 -0.7509 -0.03388
vn 0.6722 -0.7395 -0.03535
vn 0.6084 -0.7924 -0.04286
vn 0.6596 -0.7509 -0.03388
vn -0.6885 -0.6594 0.3018
vn -0.7819 -0.547 0.2991
vn -0.8427 -0.5383 0.009122
vn 0.6084 -0.7925 -0.04286
vn -0.8127 -0.4589 -0.359
vn 0.6084 -0.7925 -0.04286
vn -0.8127 -0.459 -0.3589
vn -0.8427 -0.5384 0.009121
vn -0.8127 -0.459 -0.3589
vn 0.6084 -0.7925 -0.04286
vn -0.7764 -0.5197 -0.3566
vn -0.8127 -0.459 -0.3589
vn -0.8427 -0.5383 0.009122
vn -0.6075 0.7932 0.04286
vn -0.6598 0.7506 0.03389
vn -0.6075 0.7932 0.04286
vn -0.8427 -0.5383 0.009124
vn -0.7819 -0.547 0.2991
vn -0.6763 0.7358 0.03577
vn -0.6598 0.7506 0.03389
vn -0.7819 -0.547 0.2991
vn -0.6885 -0.6594 0.3018
vn -0.6918 -0.6604 0.2919
vn -0.7685 0.6393 0.02601
vn -0.9741 0.2219 0.04333
vn -0.9741 0.2228 0.03759
vn -0.9108 0.4104 0.04468
vn -0.8763 0.4798 0.04342
vn -0.876 0.481 0.03636
vn -0.8196 0.5719 0.03494
vn -0.7685 0.6393 0.02601
vn -0.6918 -0.6604 0.2919
vn -0.6032 -0.7418 0.2929
vn -0.6032 -0.7418 0.2929
vn 0.7663 -0.642 -0.02497
vn 0.8179 -0.5744 -0.03288
vn -0.2061 -0.05428 -0.977
vn -0.3366 -0.2713 -0.9017
vn -0.8196 0.5719 0.03494
vn -0.876 0.481 0.03636
vn -0.8844 0.4651 0.03953
vn -0.2124 -0.05065 -0.9759
vn 0.8826 -0.4662 -0.05954
vn -0.2061 -0.05428 -0.977
vn -0.2124 -0.05065 -0.9759
vn -0.1171 0.07202 -0.9905
vn 0.8303 -0.5549 -0.0519
vn -0.8844 0.4651 0.03953
vn -0.8763 0.4799 0.04299
vn -0.8305 0.5555 0.04184
vn -0.1174 0.07224 -0.9905
vn -0.2124 -0.05065 -0.9759
vn -0.8763 0.4799 0.04299
vn -0.8844 0.4651 0.03953
vn -0.876 0.481 0.03636
vn -0.8763 0.4798 0.04342
vn -0.9844 0.1635 -0.06468
vn -0.992 -0.04196 -0.1192
vn -0.9815 -0.03004 -0.189
vn -0.9889 0.148 0.01645
vn -0.9844 0.1635 -0.06468
vn -0.8763 0.4798 0.04342
vn -0.9108 0.4104 0.04468
vn -0.9108 0.4106 0.04312
vn -0.9108 0.4106 0.04312
vn -0.9108 0.4104 0.04468
vn -0.9741 0.2228 0.03759
vn -0.9942 -0.101 0.03583
vn -0.9946 -0.1011 0.02207
vn -0.9942 -0.101 0.03583
vn -0.9741 0.2228 0.03759
vn -0.9741 0.2219 0.04333
vn -0.4488 -0.8936 0.00707
vn -0.7114 -0.7027 0.01025
vn -0.7599 -0.65 0.008823
vn -0.4488 -0.8936 0.00707
vn -0.9741 0.2219 0.04333
vn -0.9099 -0.4091 -0.06789
vn -0.8992 -0.3811 -0.2149
vn -0.992 -0.04196 -0.1192
vn -0.9844 0.1635 -0.06468
vn -0.9889 0.148 0.01645
vn -0.9815 -0.03004 -0.189
vn -0.992 -0.04196 -0.1192
vn -0.8992 -0.3811 -0.2149
vn -0.5563 -0.7833 -0.2772
vn -0.5515 -0.7449 -0.3754
vn -0.9815 -0.03004 -0.189
vn -0.5515 -0.7449 -0.3754
vn -0.5306 -0.7596 -0.3761
vn -0.4984 -0.7838 -0.3704
vn -0.4124 -0.278 -0.8675
vn -0.5563 -0.7833 -0.2772
vn -0.6093 -0.7451 -0.2714
vn -0.5439 -0.7974 -0.2613
vn -0.5306 -0.7596 -0.3761
vn -0.5515 -0.7449 -0.3754
vn -0.9099 -0.4091 -0.06789
vn -0.5684 -0.8071 -0.16
vn -0.6254 -0.7639 -0.159
vn -0.6093 -0.7451 -0.2714
vn -0.5563 -0.7833 -0.2772
vn -0.8992 -0.3811 -0.2149
vn -0.5439 -0.7974 -0.2613
vn -0.6093 -0.7451 -0.2714
vn -0.6254 -0.7639 -0.159
vn -0.4305 -0.8765 -0.2157
vn -0.2285 -0.9526 -0.2009
vn -0.2204 -0.9428 -0.25
vn -0.07029 -0.9661 -0.2482
vn -0.5684 -0.8071 -0.16
vn -0.559 -0.8167 -0.1435
vn -0.4908 -0.8523 -0.1809
vn -0.3821 -0.9099 -0.1613
vn -0.4305 -0.8765 -0.2157
vn -0.6254 -0.7639 -0.159
vn -0.3825 -0.9108 -0.1552
vn 0.1276 -0.9877 -0.09036
vn 0.2314 -0.9522 -0.1994
vn 0.04906 -0.982 -0.1822
vn -0.2285 -0.9526 -0.2009
vn -0.4305 -0.8765 -0.2157
vn -0.3821 -0.9099 -0.1613
vn -0.2204 -0.9428 -0.25
vn -0.2285 -0.9526 -0.2009
vn 0.04906 -0.982 -0.1822
vn 0.3849 -0.9156 -0.1163
vn 0.5992 -0.7911 -0.1229
vn 0.2314 -0.9522 -0.1994
vn 0.7428 -0.6689 -0.02896
vn 0.751 -0.6595 -0.03175
vn 0.3849 -0.9156 -0.1163
vn 0.04906 -0.982 -0.1822
vn 0.1276 -0.9877 -0.09036
vn -0.3327 -0.9399 -0.07676
vn 0.5969 -0.8022 0.01336
vn 0.7019 -0.7115 -0.03277
vn 0.7428 -0.6689 -0.02896
vn 0.2314 -0.9522 -0.1994
vn 0.7546 -0.656 -0.01446
vn 0.7887 -0.6146 -0.01459
vn 0.751 -0.6595 -0.03175
vn 0.7428 -0.6689 -0.02896
vn 0.7019 -0.7115 -0.03277
vn 0.7134 -0.7008 -0.002463
vn 0.901 -0.4337 -0.005109
vn 0.919 -0.3943 0.001973
vn 0.6782 -0.729 -0.09265
vn 0.5992 -0.7911 -0.1229
vn 0.3849 -0.9156 -0.1163
vn 0.751 -0.6595 -0.03175
vn 0.7887 -0.6146 -0.01459
vn 0.7131 -0.7006 -0.02709
vn 0.8888 -0.4544 -0.05938
vn 0.9227 -0.3854 -0.00948
vn 0.901 -0.4337 -0.005109
vn 0.7134 -0.7008 -0.002463
vn 0.8686 -0.4954 -0.006741
vn 0.9006 -0.4346 -0.007865
vn 0.9165 -0.4 -0.003923
vn 0.9184 -0.3954 -0.009857
vn 0.9227 -0.3854 -0.00948
vn 0.8888 -0.4544 -0.05938
vn 0.8909 -0.4542 -0.000723
vn 0.9056 -0.4242 -0.00115
vn 0.9006 -0.4346 -0.007865
vn 0.8686 -0.4954 -0.006741
vn 0.9185 -0.3952 -0.009801
vn 0.919 -0.3943 0.001973
vn 0.901 -0.4337 -0.005109
vn 0.9227 -0.3854 -0.00948
vn 0.9184 -0.3954 -0.009857
vn 0.8727 -0.4871 -0.03377
vn 0.6683 -0.7269 -0.1579
vn 0.6782 -0.729 -0.09265
vn 0.919 -0.3943 0.001973
vn 0.9185 -0.3952 -0.009801
vn 0.5103 -0.8336 -0.2114
vn 0.004916 -0.9418 -0.3361
vn -0.05676 -0.9355 -0.3487
vn -0.07029 -0.9661 -0.2482
vn -0.2204 -0.9428 -0.25
vn 0.5992 -0.7911 -0.1229
vn 0.6782 -0.729 -0.09265
vn 0.6683 -0.7269 -0.1579
vn 0.6493 -0.6867 -0.3269
vn 0.3908 -0.684 -0.616
vn 0.2534 -0.5143 -0.8193
vn 0.004916 -0.9418 -0.3361
vn 0.5103 -0.8336 -0.2114
vn 0.6543 -0.6949 -0.2982
vn 0.8668 -0.4033 -0.2933
vn 0.9221 -0.3837 0.0491
vn 0.8226 0.4445 -0.3547
vn 0.3908 -0.684 -0.616
vn 0.6493 -0.6867 -0.3269
vn 0.8668 -0.4033 -0.2933
vn 0.6543 -0.6949 -0.2982
vn 0.9221 -0.3837 0.0491
vn 0.8668 -0.4033 -0.2933
vn 0.1429 0.7005 -0.6992
vn -0.412 -0.2606 -0.8731
vn 0.2534 -0.5143 -0.8193
vn 0.3908 -0.684 -0.616
vn 0.8226 0.4445 -0.3547
vn -0.4124 -0.278 -0.8675
vn -0.4984 -0.7838 -0.3704
vn -0.05676 -0.9355 -0.3487
vn 0.004916 -0.9418 -0.3361
vn 0.2534 -0.5143 -0.8193
vn -0.412 -0.2606 -0.8731
vn -0.4984 -0.7838 -0.3704
vn -0.5306 -0.7596 -0.3761
vn -0.5439 -0.7974 -0.2613
vn -0.07029 -0.9661 -0.2482
vn -0.05676 -0.9355 -0.3487
vn -0.4124 -0.278 -0.8675
vn -0.412 -0.2606 -0.8731
vn 0.1429 0.7005 -0.6992
vn 0.1599 0.7096 -0.6862
vn 0.2214 -0.9751 -0.01177
vn 0.3773 -0.9259 -0.01976
vn 0.7546 -0.656 -0.01446
vn 0.7019 -0.7115 -0.03277
vn 0.5969 -0.8022 0.01336
vn 0.01212 -0.9999 -0.00862
vn 0.01208 -0.9999 -0.01051
vn 0.3055 -0.9517 -0.02923
vn 0.3773 -0.9259 -0.01976
vn 0.2214 -0.9751 -0.01177
vn 0.004133 -1 -0.007919
vn 0.004132 -1 -0.007792
vn 0.02459 -0.9997 -0.009145
vn 0.01208 -0.9999 -0.01051
vn 0.01212 -0.9999 -0.00862
vn -0.4689 -0.858 -0.2098
vn -0.3825 -0.9108 -0.1552
vn -0.3821 -0.9099 -0.1613
vn -0.4908 -0.8523 -0.1809
vn -0.4889 -0.8482 -0.2038
vn -0.5113 -0.8325 -0.2132
vn -0.4889 -0.8482 -0.2038
vn -0.4908 -0.8523 -0.1809
vn -0.559 -0.8167 -0.1435
vn -0.484 -0.862 -0.1508
vn -0.5172 -0.8397 -0.1654
vn -0.8291 0.5575 0.04218
vn -0.8305 0.5555 0.04184
vn -0.8763 0.4799 0.04299
vn -0.1177 0.07246 -0.9904
vn -0.8305 0.5555 0.04184
vn -0.8291 0.5575 0.04218
vn -0.5999 0.7993 0.03548
vn -0.5951 0.8029 0.03439
vn -0.07199 0.05569 -0.9958
vn -0.09572 0.09402 -0.991
vn -0.1174 0.07224 -0.9905
vn -0.09572 0.09402 -0.991
vn 0.5971 -0.8015 -0.03386
vn 0.8302 -0.5551 -0.05186
vn -0.07199 0.05569 -0.9958
vn 0.06513 0.1361 -0.9885
vn 0.4666 -0.884 -0.02903
vn 0.5971 -0.8015 -0.03386
vn -0.09572 0.09402 -0.991
vn -0.5951 0.8029 0.03439
vn -0.49 0.8712 0.0306
vn -0.4655 0.8848 0.01966
vn 0.07669 0.1132 -0.9906
vn 0.06513 0.1361 -0.9885
vn -0.07199 0.05569 -0.9958
vn -0.49 0.8712 0.0306
vn -0.5951 0.8029 0.03439
vn -0.5999 0.7993 0.03548
vn -0.5999 0.7993 0.03548
vn -0.8291 0.5575 0.04218
vn 0.161 0.9091 -0.3841
vn 0.1465 0.9469 -0.2863
vn -0.2723 0.9538 -0.1271
vn -0.4549 0.8903 -0.01847
vn -0.4554 0.8902 -0.008309
vn -0.4184 0.9081 0.01862
vn -0.4655 0.8848 0.01966
vn -0.49 0.8712 0.0306
vn 0.07669 0.1132 -0.9906
vn -0.4655 0.8848 0.01966
vn -0.4184 0.9081 0.01862
vn -0.4391 0.8981 0.02423
vn 0.3237 0.1877 -0.9274
vn 0.09103 0.1177 -0.9889
vn 0.06513 0.1361 -0.9885
vn 0.08386 0.1155 -0.9898
vn 0.4654 -0.8846 -0.02958
vn 0.3236 0.1879 -0.9274
vn 0.4399 -0.8977 -0.02655
vn 0.4624 -0.8861 -0.03099
vn 0.4643 -0.8852 -0.03013
vn 0.09103 0.1177 -0.9889
vn 0.4654 -0.8846 -0.02958
vn 0.4624 -0.8861 -0.03099
vn 0.4592 -0.8877 -0.03375
vn 0.1355 -0.9651 0.224
vn 0.4149 -0.8767 0.2435
vn 0.5824 -0.7675 0.2677
vn 0.5971 -0.8015 -0.03386
vn 0.4399 -0.8976 -0.02656
vn 0.4556 -0.8898 -0.02516
vn 0.08875 -0.8262 -0.5564
vn 0.06668 -0.7521 -0.6557
vn -0.2042 -0.9769 -0.06226
vn 0.4592 -0.8877 -0.03375
vn 0.4624 -0.8861 -0.03099
vn 0.3236 0.1879 -0.9273
vn 0.4399 -0.8976 -0.02656
vn 0.3236 0.1879 -0.9274
vn 0.3238 0.1876 -0.9274
vn 0.6462 0.2735 -0.7125
vn 0.4813 -0.876 -0.03077
vn 0.4557 -0.8898 -0.02516
vn 0.4399 -0.8976 -0.02656
vn 0.3236 0.1879 -0.9273
vn 0.08875 -0.8262 -0.5564
vn 0.4557 -0.8898 -0.02516
vn 0.3848 0.09915 -0.9177
vn 0.4921 -0.8699 -0.03317
vn 0.4949 -0.8682 -0.03522
vn 0.5088 -0.8604 -0.02983
vn 0.4813 -0.876 -0.03077
vn 0.4557 -0.8898 -0.02516
vn 0.3848 0.09915 -0.9177
vn 0.9492 0.2831 -0.1376
vn 0.4922 -0.8699 -0.03318
vn 0.06668 -0.7521 -0.6557
vn 0.08875 -0.8262 -0.5564
vn 0.3848 0.09915 -0.9177
vn 0.9492 0.2831 -0.1376
vn 0.6581 0.7389 -0.1443
vn -0.5084 -0.2946 -0.8092
vn -0.2042 -0.9769 -0.06226
vn 0.06668 -0.7521 -0.6557
vn -0.5084 -0.2946 -0.8092
vn -0.4783 -0.4401 -0.7599
vn -0.7415 -0.6651 -0.08834
vn -0.5685 -0.8182 -0.08606
vn 0.1355 -0.9651 0.224
vn 0.4592 -0.8877 -0.03375
vn -0.2042 -0.9769 -0.06226
vn -0.5685 -0.8182 -0.08606
vn -0.5774 -0.8164 0.007321
vn -0.1305 -0.9829 0.1301
vn 0.4149 -0.8767 0.2435
vn 0.1355 -0.9651 0.224
vn -0.1305 -0.9829 0.1301
vn 0.96 -0.1704 0.2221
vn 0.7951 -0.5421 0.272
vn 0.5824 -0.7675 0.2677
vn 0.4149 -0.8767 0.2435
vn 0.8302 -0.5551 -0.05186
vn 0.5971 -0.8015 -0.03386
vn 0.5824 -0.7675 0.2677
vn 0.7951 -0.5421 0.272
vn 0.8304 -0.5548 -0.05194
vn 0.8616 -0.5068 -0.02975
vn 0.8644 -0.5015 -0.03544
vn 0.8826 -0.4662 -0.05954
vn 0.8304 -0.5548 -0.05194
vn 0.7951 -0.5421 0.272
vn 0.96 -0.1704 0.2221
vn 0.9617 -0.1616 0.2216
vn 0.9745 -0.2 -0.1017
vn 0.8616 -0.5068 -0.02975
vn 0.9617 -0.1616 0.2216
vn 0.9813 0.1076 0.1597
vn 0.9041 0.4235 0.05629
vn 0.9813 0.1076 0.1597
vn 0.9617 -0.1616 0.2216
vn 0.96 -0.1704 0.2221
vn 0.9195 0.3586 -0.1613
vn 0.9745 -0.2 -0.1017
vn 0.9813 0.1076 0.1597
vn 0.9041 0.4235 0.05629
vn 0.8854 0.4623 0.04785
vn 0.6797 0.7146 -0.1652
vn 0.9196 0.3581 -0.1612
vn 0.8854 0.4623 0.04785
vn 0.5423 0.8375 -0.06748
vn 0.5365 0.828 -0.1629
vn 0.2586 0.626 -0.7357
vn 0.4429 0.5114 -0.7364
vn 0.6797 0.7146 -0.1652
vn 0.5365 0.828 -0.1629
vn 0.4212 0.8944 -0.1508
vn 0.2486 0.6242 -0.7407
vn -0.1537 -0.9843 -0.08638
vn -0.2557 -0.9661 -0.03469
vn -0.4757 -0.8794 -0.01949
vn -0.4448 -0.8955 -0.01647
vn 0.2586 0.626 -0.7357
vn 0.2486 0.6242 -0.7407
vn 0.02947 0.7006 -0.713
vn -0.4646 -0.8855 -0.009215
vn -0.4758 -0.8795 -0.009572
vn -0.4757 -0.8794 -0.01949
vn -0.2557 -0.9661 -0.03469
vn -0.2559 -0.9665 -0.02091
vn -0.2323 -0.9725 -0.0176
vn -0.2559 -0.9665 -0.02091
vn -0.2557 -0.9661 -0.03469
vn -0.1537 -0.9843 -0.08638
vn 0.08492 -0.9919 -0.09405
vn 0.08517 -0.9959 -0.02964
vn 0.09517 -0.9904 -0.1002
vn 0.08492 -0.9919 -0.09405
vn -0.1537 -0.9843 -0.08638
vn 0.449 -0.8922 -0.04831
vn 0.1123 -0.9934 -0.02361
vn 0.08517 -0.9959 -0.02964
vn 0.08492 -0.9919 -0.09405
vn 0.09517 -0.9904 -0.1002
vn 0.4291 -0.8942 -0.1272
vn 0.4592 -0.8809 -0.1145
vn 0.4617 -0.8855 -0.05262
vn -0.1519 0.7196 -0.6776
vn -0.1468 0.7331 -0.6641
vn -0.4157 0.6416 -0.6446
vn 0.4291 -0.8942 -0.1272
vn 0.09517 -0.9904 -0.1002
vn 0.4592 -0.8809 -0.1145
vn 0.4291 -0.8942 -0.1272
vn -0.4157 0.6416 -0.6446
vn -0.4156 0.6435 -0.6428
vn -0.5973 0.4961 -0.6302
vn 0.7386 -0.6605 -0.1349
vn -0.1468 0.7331 -0.6641
vn -0.1158 0.9871 -0.1106
vn -0.4579 0.8839 -0.09454
vn -0.456 0.8849 -0.09501
vn -0.4156 0.6435 -0.6428
vn -0.4157 0.6416 -0.6446
vn -0.1519 0.7196 -0.6776
vn 0.04168 0.7174 -0.6954
vn 0.1328 0.9834 -0.1233
vn -0.1298 0.9857 -0.1074
vn -0.1158 0.9871 -0.1106
vn -0.1468 0.7331 -0.6641
vn -0.4579 0.8839 -0.09454
vn -0.1158 0.9871 -0.1106
vn -0.1298 0.9857 -0.1074
vn -0.1288 0.9788 -0.159
vn -0.3706 0.9091 -0.1903
vn -0.4519 0.8723 -0.1867
vn 0.1328 0.9834 -0.1233
vn 0.1798 0.9746 -0.1338
vn 0.1798 0.9746 -0.1332
vn -0.1288 0.9788 -0.159
vn -0.1298 0.9857 -0.1074
vn 0.4212 0.8944 -0.1508
vn 0.1798 0.9746 -0.1338
vn 0.1328 0.9834 -0.1233
vn 0.04168 0.7174 -0.6954
vn 0.02947 0.7006 -0.713
vn 0.2486 0.6242 -0.7407
vn 0.02947 0.7006 -0.713
vn 0.04168 0.7174 -0.6954
vn -0.1519 0.7196 -0.6776
vn 0.5423 0.8375 -0.06748
vn 0.3072 0.943 -0.1278
vn 0.1798 0.9746 -0.1332
vn 0.1798 0.9746 -0.1338
vn 0.4212 0.8944 -0.1508
vn 0.5365 0.828 -0.1629
vn 0.3072 0.943 -0.1278
vn 0.5423 0.8375 -0.06748
vn 0.8854 0.4623 0.04785
vn 0.9041 0.4235 0.05629
vn -0.3706 0.9091 -0.1903
vn -0.1288 0.9788 -0.159
vn 0.1798 0.9746 -0.1332
vn 0.3072 0.943 -0.1278
vn -0.8198 0.5389 -0.1935
vn -0.7357 0.6507 -0.188
vn -0.4519 0.8723 -0.1867
vn -0.3706 0.9091 -0.1903
vn -0.4579 0.8839 -0.09454
vn -0.4519 0.8723 -0.1867
vn -0.7357 0.6507 -0.188
vn -0.7464 0.6603 -0.0828
vn -0.456 0.8849 -0.09501
vn -0.8198 0.5389 -0.1935
vn -0.8971 0.4058 -0.1745
vn -0.9083 0.4111 -0.07717
vn -0.7484 0.6581 -0.08223
vn -0.7464 0.6603 -0.0828
vn -0.7357 0.6507 -0.188
vn -0.4156 0.6435 -0.6428
vn -0.456 0.8849 -0.09501
vn -0.7464 0.6603 -0.0828
vn -0.7484 0.6581 -0.08223
vn -0.5973 0.4961 -0.6302
vn -0.9083 0.4111 -0.07717
vn -0.9074 0.413 -0.07753
vn -0.7025 0.3359 -0.6274
vn -0.5973 0.4961 -0.6302
vn -0.7484 0.6581 -0.08223
vn 0.7257 -0.6732 -0.1417
vn 0.7386 -0.6605 -0.1349
vn -0.5973 0.4961 -0.6302
vn -0.7025 0.3359 -0.6274
vn 0.9009 -0.4032 -0.1608
vn 0.9009 -0.4032 -0.1608
vn -0.7025 0.3359 -0.6274
vn 0.9009 -0.4032 -0.1608
vn 0.9123 -0.3807 -0.1509
vn 0.9009 -0.4032 -0.1608
vn -0.7025 0.3359 -0.6274
vn -0.7507 0.1773 -0.6364
vn 0.9754 -0.1318 -0.1769
vn 0.9702 -0.1854 -0.1558
vn 0.9169 -0.3824 -0.1145
vn 0.9123 -0.3807 -0.1509
vn 0.9702 -0.1854 -0.1558
vn 0.9736 -0.1861 -0.1322
vn 0.9582 -0.2617 -0.1156
vn 0.9754 -0.1318 -0.1769
vn 0.8729 -0.4551 -0.1758
vn 0.7922 -0.5815 -0.1851
vn 0.7527 -0.6411 -0.1496
vn 0.9186 -0.3652 -0.1509
vn 0.9736 -0.1861 -0.1322
vn 0.9702 -0.1854 -0.1558
vn -0.7507 0.1772 -0.6364
vn 0.9754 -0.1318 -0.1769
vn -0.9074 0.413 -0.07753
vn -0.9854 0.1507 -0.07924
vn -0.9841 0.1584 -0.08044
vn -0.7507 0.1772 -0.6364
vn -0.7025 0.3359 -0.6274
vn -0.8971 0.4058 -0.1745
vn -0.9767 0.1492 -0.1543
vn -0.9854 0.1507 -0.07924
vn -0.9074 0.413 -0.07753
vn -0.9083 0.4111 -0.07717
vn -0.9794 -0.1402 -0.1453
vn -0.9767 0.1492 -0.1543
vn -0.8971 0.4058 -0.1745
vn -0.8198 0.5389 -0.1935
vn -0.9841 0.1584 -0.08044
vn -0.9854 0.1507 -0.07924
vn -0.9767 0.1492 -0.1543
vn -0.9794 -0.1402 -0.1453
vn -0.972 -0.1923 -0.1354
vn -0.9767 -0.1931 -0.09402
vn -0.9846 -0.1502 -0.08992
vn -0.7507 0.1772 -0.6364
vn -0.9841 0.1584 -0.08044
vn -0.9846 -0.1502 -0.08992
vn -0.7489 -0.04049 -0.6615
vn -0.7507 0.1772 -0.6364
vn -0.7489 -0.04049 -0.6615
vn -0.7283 -0.009181 -0.6852
vn 0.967 0.1679 -0.1916
vn 0.9148 0.3377 -0.2218
vn 0.917 -0.3457 -0.1992
vn 0.9754 -0.1318 -0.1769
vn -0.9767 -0.1931 -0.09402
vn -0.932 -0.3522 -0.08499
vn -0.669 -0.1541 -0.7271
vn -0.6701 -0.1535 -0.7262
vn -0.7283 -0.009181 -0.6852
vn -0.7489 -0.04049 -0.6615
vn -0.9846 -0.1502 -0.08992
vn -0.972 -0.1923 -0.1354
vn -0.5697 -0.8216 -0.01768
vn -0.5682 -0.8197 -0.07297
vn -0.932 -0.3522 -0.08499
vn -0.9767 -0.1931 -0.09402
vn -0.7415 -0.6651 -0.08834
vn -0.4783 -0.4401 -0.7599
vn -0.5981 -0.3639 -0.7141
vn -0.669 -0.1541 -0.7271
vn -0.932 -0.3522 -0.08499
vn -0.5682 -0.8197 -0.07297
vn -0.6701 -0.1535 -0.7262
vn -0.669 -0.1541 -0.7271
vn -0.5981 -0.3639 -0.7141
vn 0.7263 0.6622 -0.1842
vn 0.5814 0.7912 -0.1897
vn 0.8914 0.4118 -0.1894
vn 0.6581 0.7389 -0.1443
vn 0.2646 0.9521 -0.1532
vn 0.7263 0.6622 -0.1842
vn -0.5981 -0.3639 -0.7141
vn -0.4783 -0.4401 -0.7599
vn -0.5084 -0.2946 -0.8092
vn -0.5685 -0.8182 -0.08606
vn -0.7415 -0.6651 -0.08834
vn -0.5682 -0.8197 -0.07297
vn -0.5697 -0.8216 -0.01768
vn -0.7358 -0.6751 -0.05241
vn -0.5774 -0.8164 0.007321
vn -0.7358 -0.6751 -0.05241
vn -0.5697 -0.8216 -0.01768
vn -0.972 -0.1923 -0.1354
vn -0.9794 -0.1402 -0.1453
vn -0.1305 -0.9829 0.1301
vn -0.5774 -0.8164 0.007321
vn -0.7358 -0.6751 -0.05241
vn 0.2436 0.9585 -0.1481
vn 0.2646 0.9521 -0.1532
vn 0.6581 0.7389 -0.1443
vn 0.9492 0.2831 -0.1376
vn 0.4921 -0.8699 -0.03317
vn 0.9512 0.3077 0.02047
vn 0.4922 -0.8699 -0.03318
vn 0.4921 -0.8699 -0.03317
vn 0.9512 0.3077 0.02048
vn 0.4949 -0.8682 -0.03522
vn 0.9438 0.3157 -0.09744
vn 0.9513 0.3077 0.02047
vn 0.4922 -0.8699 -0.03318
vn 0.5088 -0.8604 -0.02983
vn 0.8647 0.316 -0.3904
vn 0.9438 0.3157 -0.09744
vn 0.4949 -0.8682 -0.03522
vn 0.6462 0.2735 -0.7125
vn 0.8647 0.316 -0.3904
vn 0.5088 -0.8604 -0.02983
vn 0.4813 -0.876 -0.03077
vn 0.3237 0.1877 -0.9273
vn -0.4391 0.8981 0.02423
vn -0.4917 0.8702 0.03298
vn -0.499 0.8658 0.03565
vn -0.46 0.8879 0.005964
vn 0.6462 0.2735 -0.7125
vn -0.4391 0.8981 0.02423
vn 0.3238 0.1876 -0.9274
vn -0.4917 0.8702 0.03298
vn -0.4391 0.8981 0.02423
vn -0.4184 0.9081 0.01862
vn -0.4554 0.8902 -0.008309
vn 0.04414 0.9953 -0.08566
vn 0.2436 0.9585 -0.1481
vn -0.4549 0.8903 -0.01847
vn 0.1414 0.9838 -0.1098
vn 0.04396 0.9952 -0.08695
vn 0.04414 0.9953 -0.08566
vn -0.4554 0.8902 -0.008309
vn -0.2723 0.9538 -0.1271
vn -0.2663 0.9605 -0.08121
vn 0.5509 0.8126 -0.1902
vn 0.1425 0.9843 -0.1045
vn 0.1414 0.9838 -0.1098
vn -0.4549 0.8903 -0.01847
vn 0.1465 0.9469 -0.2863
vn 0.2917 0.8944 -0.3392
vn 0.3178 0.9139 -0.2525
vn -0.06339 0.9849 -0.1613
vn -0.2663 0.9605 -0.08121
vn -0.2723 0.9538 -0.1271
vn 0.7339 0.4146 -0.5381
vn 0.7825 0.4615 -0.418
vn 0.2917 0.8944 -0.3392
vn 0.1465 0.9469 -0.2863
vn 0.161 0.9091 -0.3841
vn 0.6786 0.4971 -0.5408
vn 0.7392 0.502 -0.4489
vn 0.841 0.3553 -0.408
vn 0.7502 0.514 -0.4159
vn 0.7825 0.4615 -0.418
vn 0.7339 0.4146 -0.5381
vn 0.858 0.2852 -0.4271
vn 0.8661 0.264 -0.4245
vn 0.9001 0.2922 -0.3231
vn 0.8648 0.3736 -0.3354
vn 0.841 0.3553 -0.408
vn 0.7392 0.502 -0.4489
vn 0.8601 0.3812 -0.3391
vn 0.8535 0.3947 -0.3402
vn 0.7732 0.5398 -0.3328
vn 0.7502 0.514 -0.4159
vn 0.841 0.3553 -0.408
vn 0.8648 0.3736 -0.3354
vn 0.2917 0.8944 -0.3392
vn 0.7825 0.4615 -0.418
vn 0.7502 0.514 -0.4159
vn 0.7732 0.5398 -0.3328
vn 0.5913 0.7393 -0.3222
vn 0.3178 0.9139 -0.2525
vn 0.8535 0.3947 -0.3402
vn 0.8677 0.4077 -0.2845
vn 0.7191 0.6424 -0.265
vn 0.508 0.8397 -0.192
vn 0.5913 0.7393 -0.3222
vn 0.7732 0.5398 -0.3328
vn 0.8749 0.3943 -0.2812
vn 0.8631 0.4185 -0.2827
vn 0.8677 0.4077 -0.2845
vn 0.8535 0.3947 -0.3402
vn 0.8601 0.3812 -0.3391
vn 0.8651 0.4204 -0.2735
vn 0.6728 0.7081 -0.2143
vn 0.6715 0.6925 -0.2637
vn 0.7191 0.6424 -0.265
vn 0.8677 0.4077 -0.2845
vn 0.8631 0.4185 -0.2827
vn 0.8529 0.452 -0.2614
vn 0.8635 0.4702 -0.1824
vn 0.8095 0.5571 -0.1852
vn 0.8112 0.5643 -0.1533
vn 0.7092 0.6718 -0.214
vn 0.6728 0.7081 -0.2143
vn 0.8651 0.4204 -0.2735
vn 0.8662 0.4642 -0.1851
vn 0.8703 0.4829 -0.09667
vn 0.8368 0.5382 -0.1008
vn 0.8639 0.4901 -0.1161
vn 0.8643 0.4845 -0.1348
vn 0.8095 0.5571 -0.1852
vn 0.8635 0.4702 -0.1824
vn 0.8661 0.4642 -0.1851
vn 0.8247 0.5537 -0.1154
vn 0.8238 0.5632 -0.06454
vn 0.8154 0.5753 -0.06431
vn 0.8703 0.4829 -0.09667
vn 0.8662 0.4642 -0.1851
vn 0.7957 0.6043 -0.04102
vn 0.7962 0.6049 -0.009582
vn 0.814 0.5808 -0.009805
vn 0.8154 0.5753 -0.06431
vn 0.8238 0.5632 -0.06454
vn 0.7352 0.6767 -0.03912
vn 0.8347 0.5465 -0.06783
vn 0.8368 0.5382 -0.1008
vn 0.8703 0.4829 -0.09667
vn 0.8154 0.5753 -0.06431
vn 0.814 0.5808 -0.009805
vn 0.8639 0.4901 -0.1161
vn 0.8368 0.5382 -0.1008
vn 0.8347 0.5465 -0.06783
vn 0.7322 0.6755 -0.08725
vn 0.7417 0.6531 -0.1527
vn 0.7706 0.6242 -0.1287
vn 0.7344 0.6788 -0.000761
vn 0.5495 0.8349 -0.03122
vn 0.581 0.8132 -0.03361
vn 0.5802 0.7966 -0.1697
vn 0.7322 0.6755 -0.08725
vn 0.8347 0.5465 -0.06783
vn 0.7352 0.6767 -0.03912
vn 0.5497 0.8354 -0.004715
vn 0.3143 0.9493 -0.01229
vn 0.3476 0.9375 -0.01786
vn 0.3472 0.9358 -0.06055
vn 0.581 0.8132 -0.03361
vn 0.5495 0.8349 -0.03122
vn 0.3141 0.949 0.02889
vn 0.06535 0.9977 0.01935
vn 0.09091 0.9955 -0.02555
vn 0.3476 0.9375 -0.01786
vn 0.3143 0.9493 -0.01229
vn 0.1407 0.9867 -0.08123
vn 0.1437 0.9867 -0.07596
vn 0.4239 0.9029 -0.07086
vn 0.3472 0.9358 -0.06055
vn 0.3476 0.9375 -0.01786
vn 0.09091 0.9955 -0.02555
vn 0.5802 0.7966 -0.1697
vn 0.581 0.8132 -0.03361
vn 0.3472 0.9358 -0.06055
vn 0.4239 0.9029 -0.07086
vn 0.4267 0.8979 -0.1084
vn 0.3556 0.9203 -0.1628
vn 0.4621 0.8745 -0.1472
vn 0.7417 0.6531 -0.1527
vn 0.7322 0.6755 -0.08725
vn 0.5802 0.7966 -0.1697
vn 0.4621 0.8745 -0.1472
vn 0.4717 0.8582 -0.2027
vn 0.4903 0.8502 -0.192
vn 0.7706 0.6242 -0.1287
vn 0.7417 0.6531 -0.1527
vn 0.4903 0.8502 -0.192
vn 0.489 0.8523 -0.1859
vn 0.5572 0.8181 -0.1422
vn 0.7717 0.6214 -0.1358
vn 0.8639 0.4901 -0.1161
vn 0.7706 0.6242 -0.1287
vn 0.7717 0.6214 -0.1358
vn 0.7726 0.6204 -0.1349
vn 0.8643 0.4845 -0.1348
vn 0.5572 0.8181 -0.1422
vn 0.5776 0.7885 -0.2113
vn 0.6822 0.7129 -0.1625
vn 0.7633 0.6265 -0.1577
vn 0.7739 0.6122 -0.1623
vn 0.7726 0.6204 -0.1349
vn 0.7717 0.6214 -0.1358
vn 0.8095 0.5571 -0.1852
vn 0.8643 0.4845 -0.1348
vn 0.7726 0.6204 -0.1349
vn 0.7739 0.6122 -0.1623
vn 0.7959 0.5861 -0.1519
vn 0.8112 0.5643 -0.1533
vn 0.7633 0.6265 -0.1577
vn 0.7633 0.6266 -0.1573
vn 0.7958 0.5847 -0.1579
vn 0.7959 0.5861 -0.1519
vn 0.7739 0.6122 -0.1623
vn 0.8112 0.5643 -0.1533
vn 0.7959 0.5861 -0.1519
vn 0.7958 0.5847 -0.1579
vn 0.7805 0.6028 -0.1656
vn 0.6487 0.7451 -0.1547
vn 0.7112 0.6744 -0.1987
vn 0.7092 0.6718 -0.214
vn 0.7633 0.6266 -0.1573
vn 0.766 0.623 -0.1587
vn 0.7375 0.6446 -0.2013
vn 0.7453 0.6359 -0.2005
vn 0.854 0.4822 -0.1952
vn 0.7717 0.6092 -0.1825
vn 0.7805 0.6028 -0.1656
vn 0.7958 0.5847 -0.1579
vn 0.6487 0.7451 -0.1547
vn 0.7805 0.6028 -0.1656
vn 0.7717 0.6092 -0.1825
vn 0.865 0.4735 -0.1662
vn 0.651 0.7444 -0.1489
vn 0.854 0.4822 -0.1952
vn 0.9362 0.3113 -0.1632
vn 0.865 0.4735 -0.1659
vn 0.865 0.4735 -0.1662
vn 0.7717 0.6092 -0.1825
vn 0.7453 0.6359 -0.2005
vn 0.7335 0.6428 -0.221
vn 0.9226 0.3178 -0.2185
vn 0.9362 0.3113 -0.1632
vn 0.854 0.4822 -0.1952
vn 0.865 0.4735 -0.1659
vn 0.9362 0.3113 -0.1632
vn 0.9226 0.3178 -0.2185
vn 0.967 0.1679 -0.1916
vn 0.8409 0.5028 -0.2004
vn 0.8484 0.5012 -0.1703
vn 0.7335 0.6428 -0.221
vn 0.7555 0.613 -0.2313
vn 0.8697 0.4428 -0.2178
vn 0.9226 0.3178 -0.2185
vn 0.7527 -0.6411 -0.1496
vn 0.7922 -0.5815 -0.1851
vn 0.7555 0.613 -0.2313
vn 0.7335 0.6428 -0.221
vn 0.7453 0.6359 -0.2005
vn 0.7375 0.6446 -0.2013
vn 0.7399 0.6419 -0.2014
vn 0.7694 -0.6232 -0.1404
vn 0.7879 -0.5989 -0.1433
vn 0.7528 -0.6411 -0.1495
vn 0.7922 -0.5815 -0.1851
vn 0.8729 -0.4551 -0.1758
vn 0.9055 -0.362 -0.2214
vn 0.9001 0.355 -0.2523
vn 0.8697 0.4428 -0.2178
vn 0.7555 0.613 -0.2313
vn 0.967 0.1679 -0.1916
vn 0.9226 0.3178 -0.2185
vn 0.8697 0.4428 -0.2178
vn 0.9001 0.355 -0.2523
vn 0.9148 0.3377 -0.2218
vn 0.917 -0.3457 -0.1992
vn 0.9148 0.3377 -0.2218
vn 0.9001 0.355 -0.2523
vn 0.9055 -0.362 -0.2214
vn 0.9754 -0.1318 -0.1769
vn 0.917 -0.3457 -0.1992
vn 0.9055 -0.362 -0.2214
vn 0.8729 -0.4551 -0.1758
vn 0.9186 -0.3652 -0.1509
vn 0.7528 -0.6411 -0.1495
vn 0.8674 -0.4961 0.03946
vn 0.8793 -0.4749 0.03559
vn 0.9754 0.2206 0.003918
vn 0.906 0.4227 0.02189
vn 0.7527 -0.6412 -0.1496
vn 0.6167 -0.7845 0.06437
vn 0.8674 -0.4961 0.03946
vn 0.7528 -0.641 -0.1494
vn 0.8793 -0.4749 0.03559
vn 0.8674 -0.4961 0.03946
vn 0.6167 -0.7845 0.06437
vn 0.2753 -0.96 0.0502
vn 0.2677 -0.9503 -0.159
vn 0.8685 -0.4702 -0.1567
vn 0.7879 -0.5989 -0.1433
vn -0.03773 -0.9966 0.07366
vn 0.2753 -0.96 0.0502
vn 0.6167 -0.7845 0.06437
vn 0.7527 -0.6412 -0.1496
vn 0.7694 -0.6232 -0.1404
vn 0.7205 -0.6829 -0.121
vn 0.6745 -0.7295 -0.1138
vn -0.5211 -0.8528 0.03483
vn -0.03773 -0.9966 0.07366
vn 0.7879 -0.5989 -0.1433
vn 0.7399 0.6419 -0.2014
vn 0.763 0.6195 -0.1846
vn 0.4449 0.8802 -0.1651
vn 0.4948 -0.8645 -0.08818
vn 0.7129 -0.6983 -0.06413
vn 0.7205 -0.6829 -0.121
vn 0.7694 -0.6232 -0.1404
vn 0.766 0.623 -0.1587
vn 0.6818 0.714 -0.1591
vn 0.763 0.6195 -0.1846
vn 0.7399 0.6419 -0.2014
vn 0.7375 0.6446 -0.2013
vn 0.6822 0.7129 -0.1625
vn 0.6818 0.714 -0.1591
vn 0.766 0.623 -0.1587
vn 0.7633 0.6266 -0.1573
vn 0.7633 0.6265 -0.1577
vn 0.5776 0.7885 -0.2113
vn 0.4587 0.8673 -0.1931
vn 0.4449 0.8802 -0.1651
vn 0.763 0.6195 -0.1846
vn 0.6818 0.714 -0.1591
vn 0.6822 0.7129 -0.1625
vn 0.489 0.8523 -0.1859
vn 0.366 0.9113 -0.1883
vn 0.3925 0.8969 -0.2035
vn 0.4587 0.8673 -0.1931
vn 0.5776 0.7885 -0.2113
vn 0.5572 0.8181 -0.1422
vn 0.4717 0.8582 -0.2027
vn 0.3706 0.904 -0.2131
vn 0.366 0.9113 -0.1883
vn 0.489 0.8523 -0.1859
vn 0.4903 0.8502 -0.192
vn 0.3556 0.9203 -0.1628
vn 0.3696 0.9068 -0.2027
vn 0.3409 0.9106 -0.2336
vn 0.3706 0.904 -0.2131
vn 0.4717 0.8582 -0.2027
vn 0.4621 0.8745 -0.1472
vn 0.4267 0.8979 -0.1084
vn 0.1901 0.9738 -0.1247
vn 0.2169 0.9655 -0.1445
vn 0.2785 0.9372 -0.2099
vn 0.3696 0.9068 -0.2027
vn 0.3556 0.9203 -0.1628
vn 0.1437 0.9867 -0.07596
vn 0.1901 0.9738 -0.1247
vn 0.4267 0.8979 -0.1084
vn 0.4239 0.9029 -0.07086
vn 0.9932 0.09693 0.06461
vn 0.2169 0.9655 -0.1445
vn 0.1901 0.9738 -0.1247
vn 0.1437 0.9867 -0.07596
vn 0.1407 0.9867 -0.08123
vn 0.1463 0.9855 -0.08589
vn 0.2686 0.9425 -0.1987
vn 0.2254 0.9635 -0.1441
vn 0.2076 0.9699 -0.1276
vn 0.269 0.9423 -0.1991
vn 0.1463 0.9855 -0.08589
vn 0.1463 0.9855 -0.08589
vn 0.2695 0.9421 -0.1995
vn 0.1439 0.9881 -0.05466
vn 0.2254 0.9635 -0.1441
vn 0.2703 0.9417 -0.2002
vn 0.1351 -0.9769 -0.1657
vn 0.1386 -0.9766 -0.1642
vn 0.5625 -0.528 0.6362
vn 0.5931 -0.543 0.5945
vn 0.4493 0.8146 -0.3668
vn 0.2076 0.9699 -0.1276
vn 0.2695 0.9421 -0.1995
vn 0.2701 0.9418 -0.2001
vn 0.4492 0.8147 -0.3668
vn -0.5629 -0.3961 -0.7254
vn -0.5412 -0.4042 -0.7374
vn 0.1351 -0.9769 -0.1657
vn 0.2703 0.9417 -0.2002
vn 0.6098 -0.01169 0.7924
vn -0.0209 -0.9995 -0.0232
vn -0.04132 -0.9991 -0.00501
vn -0.04057 -0.9991 -0.008286
vn -0.5691 -0.3937 -0.7219
vn 0.1351 -0.9769 -0.1657
vn 0.1386 -0.9766 -0.1642
vn -0.0209 -0.9995 -0.0232
vn -0.05202 -0.9986 0.004524
vn -0.7283 0.01155 -0.6851
vn -0.05202 -0.9986 0.004524
vn 0.1386 -0.9766 -0.1642
vn 0.6014 -0.547 0.5823
vn -0.03662 -0.9993 -0.004143
vn -0.04133 -0.9991 -0.00501
vn 0.0683 -0.9924 -0.1023
vn -0.02114 -0.9997 -0.01459
vn -0.0209 -0.9995 -0.0232
vn -0.05202 -0.9986 0.004524
vn -0.7283 0.01155 -0.6851
vn -0.7266 0.03142 -0.6864
vn 0.7467 -0.01487 -0.665
vn 0.04358 0.999 0.002881
vn -0.7267 0.02967 -0.6863
vn -0.7283 0.01155 -0.6851
vn -0.03662 -0.9993 -0.004143
vn -0.03551 -0.9994 -0.005474
vn 0.5625 -0.528 0.6362
vn -0.7267 0.02967 -0.6863
vn 0.7467 -0.01456 -0.665
vn 0.04358 0.999 0.00288
vn 0.7467 -0.01431 -0.665
vn -0.7269 0.02792 -0.6862
vn -0.05202 -0.9986 0.004524
vn 0.7606 -0.01504 -0.6491
vn 0.6082 -0.02792 0.7933
vn 0.6098 -0.01169 0.7924
vn 0.04358 0.999 0.002878
vn 0.6084 -0.02596 0.7932
vn 0.7741 -0.01551 -0.6329
vn -0.5127 -0.4143 -0.752
vn -0.04085 -0.9991 -0.008069
vn -0.5691 -0.3937 -0.7219
vn 0.8 -0.01663 -0.5998
vn 0.6083 -0.02694 0.7933
vn 0.6098 -0.01169 0.7924
vn 0.6083 -0.02694 0.7933
vn 0.04358 0.999 0.00288
vn -0.0207 -0.9995 -0.02339
vn -0.02103 -0.9997 -0.01474
vn -0.0209 -0.9995 -0.0232
vn -0.04133 -0.9991 -0.00501
vn -0.04085 -0.9991 -0.008069
vn -0.04305 -0.9991 -0.006387
vn 0.4988 -0.6382 0.5865
vn 0.519 -0.6998 -0.4909
vn -0.5629 -0.3961 -0.7254
vn -0.7179 0.05689 -0.6938
vn -0.04623 -0.9989 -0.000641
vn -0.04305 -0.9991 -0.006387
vn -0.04114 -0.9991 -0.007851
vn -0.5127 -0.4143 -0.752
vn 0.633 0.5548 -0.5399
vn -0.3215 -0.9139 0.2478
vn 0.4988 -0.6382 0.5865
vn -0.04305 -0.9991 -0.006387
vn -0.04623 -0.9989 -0.000641
vn 0.6331 0.5546 -0.54
vn 0.6331 0.5546 -0.54
vn -0.04623 -0.9989 -0.000641
vn -0.7179 0.05689 -0.6938
vn -0.5499 -0.5888 -0.5923
vn 0.519 -0.6998 -0.4909
vn 0.4988 -0.6382 0.5865
vn -0.3215 -0.9139 0.2478
vn -0.04133 -0.9991 -0.005009
vn 0.519 -0.6998 -0.4909
vn -0.5499 -0.5888 -0.5923
vn -0.0416 -0.9991 -0.004765
vn 0.1922 -0.9813 -0.002533
vn 0.3414 -0.9398 0.01702
vn 0.3413 -0.9396 -0.02704
vn 0.01431 -0.9997 -0.02206
vn -0.004247 -0.9993 -0.03801
vn -0.02103 -0.9997 -0.01474
vn 0.1921 -0.9809 0.03148
vn 0.0945 -0.9952 0.02716
vn 0.2965 -0.954 0.04501
vn 0.2967 -0.9548 0.01554
vn 0.3414 -0.9398 0.01702
vn 0.1922 -0.9813 -0.002533
vn 0.4837 -0.8745 0.03585
vn 0.4841 -0.8747 -0.02315
vn 0.355 -0.9345 -0.0247
vn 0.3413 -0.9396 -0.02704
vn 0.3414 -0.9398 0.01702
vn 0.2967 -0.9548 0.01554
vn 0.5164 -0.8556 0.03604
vn 0.5774 -0.8154 0.04237
vn 0.5786 -0.8155 -0.01584
vn 0.5166 -0.856 -0.01835
vn 0.4841 -0.8747 -0.02315
vn 0.4837 -0.8745 0.03585
vn 0.6099 -0.7913 0.04291
vn 0.6922 -0.7198 0.05248
vn 0.6937 -0.7202 -0.008908
vn 0.596 -0.8028 -0.01316
vn 0.5786 -0.8155 -0.01584
vn 0.5774 -0.8154 0.04237
vn 0.8667 -0.4977 0.03265
vn 0.8661 -0.4971 -0.05161
vn 0.8496 -0.5252 -0.04907
vn 0.8736 -0.4842 -0.04846
vn 0.7129 -0.6984 -0.06417
vn 0.4948 -0.8645 -0.08818
vn 0.5947 -0.802 -0.05577
vn 0.596 -0.8028 -0.01316
vn 0.6937 -0.7202 -0.008908
vn 0.8496 -0.5252 -0.04907
vn 0.8661 -0.4971 -0.05161
vn 0.8837 -0.4656 -0.04828
vn 0.9351 -0.3421 -0.09282
vn 0.9351 -0.3421 -0.09282
vn 0.9323 -0.3335 -0.1401
vn 0.8233 -0.5469 -0.1523
vn 0.8155 -0.5575 -0.1552
vn 0.6216 -0.7771 -0.09857
vn 0.9582 -0.2617 -0.1156
vn 0.9736 -0.1861 -0.1322
vn 0.9186 -0.3652 -0.1509
vn 0.906 0.4227 0.02189
vn 0.4738 0.8806 -0.003341
vn 0.8233 -0.5469 -0.1523
vn 0.9323 -0.3335 -0.1401
vn 0.9754 0.2206 0.003918
vn 0.9637 0.2169 -0.1559
vn 0.4609 0.8728 -0.1605
vn 0.4738 0.8806 -0.003341
vn 0.906 0.4227 0.02189
vn 0.8793 -0.4749 0.03559
vn 0.8685 -0.4702 -0.1567
vn 0.9637 0.2169 -0.1559
vn 0.9754 0.2206 0.003918
vn 0.2677 -0.9503 -0.159
vn -0.5141 -0.8428 -0.159
vn -0.8657 -0.4722 -0.1659
vn -0.8237 0.5368 -0.1827
vn -0.03488 0.9864 -0.1606
vn 0.4609 0.8728 -0.1605
vn 0.9637 0.2169 -0.1559
vn 0.8685 -0.4702 -0.1567
vn 0.2753 -0.96 0.0502
vn -0.03773 -0.9966 0.07366
vn -0.5211 -0.8528 0.03483
vn -0.5141 -0.8428 -0.159
vn 0.2677 -0.9503 -0.159
vn 0.6745 -0.7295 -0.1138
vn 0.7439 -0.6535 -0.1399
vn 0.9419 0.3327 -0.04549
vn -0.8657 -0.4722 -0.1659
vn -0.5141 -0.8428 -0.159
vn -0.5211 -0.8528 0.03483
vn 0.9771 -0.2105 -0.03134
vn 0.7439 -0.6535 -0.1399
vn 0.6745 -0.7295 -0.1138
vn 0.7205 -0.6829 -0.121
vn 0.713 -0.6982 -0.06409
vn 0.8738 -0.4839 -0.04837
vn 0.9761 -0.2172 0.009828
vn 0.8737 -0.4841 -0.04842
vn 0.7129 -0.6983 -0.06413
vn 0.8737 -0.4841 -0.04842
vn 0.8496 -0.5252 -0.04907
vn 0.4449 0.8802 -0.1651
vn 0.4587 0.8673 -0.1931
vn 0.3925 0.8969 -0.2035
vn 0.9616 0.00326 -0.2745
vn 0.302 -0.9513 -0.06166
vn 0.5159 -0.8539 -0.06827
vn 0.5947 -0.802 -0.05577
vn 0.4948 -0.8645 -0.08818
vn 0.9616 0.00326 -0.2745
vn 0.3925 0.8969 -0.2035
vn 0.366 0.9113 -0.1883
vn 0.3706 0.904 -0.2131
vn 0.3409 0.9106 -0.2336
vn 0.3139 0.9197 -0.236
vn 0.3548 0.8968 -0.2644
vn 0.5673 0.6871 -0.4541
vn 0.6339 0.5642 -0.529
vn 0.3696 0.9068 -0.2027
vn 0.2785 0.9372 -0.2099
vn 0.3395 0.9043 -0.2587
vn 0.3139 0.9197 -0.236
vn 0.3409 0.9106 -0.2336
vn 0.3548 0.8968 -0.2644
vn 0.3395 0.9043 -0.2587
vn 0.2785 0.9372 -0.2099
vn 0.3645 0.8885 -0.2788
vn 0.3548 0.8968 -0.2644
vn 0.4732 -0.1445 -0.869
vn 0.9162 -0.1292 -0.3793
vn 0.2169 0.9655 -0.1445
vn 0.9932 0.09693 0.06461
vn 0.9938 0.1037 0.04042
vn 0.3645 0.8885 -0.2788
vn 0.2785 0.9372 -0.2099
vn 0.3548 0.8968 -0.2644
vn 0.3645 0.8885 -0.2788
vn 0.9938 0.1037 0.04042
vn 0.9969 0.07126 0.03386
vn 0.5094 0.761 -0.4017
vn 0.409 0.8515 -0.3282
vn -0.04135 -0.9991 -0.004927
vn -0.01251 -0.9999 0.005431
vn -0.01072 -0.9999 -0.01355
vn -0.03303 -0.9994 0.006537
vn -0.02217 -0.9998 0.001972
vn 0.9969 0.07126 0.03386
vn 0.9938 0.1037 0.04042
vn 0.9932 0.09693 0.06461
vn 0.5094 0.761 -0.4017
vn 0.9969 0.07126 0.03386
vn -0.02217 -0.9998 0.001972
vn 0.03078 -0.9969 -0.07293
vn 0.5174 0.7464 -0.4185
vn 0.3548 0.8968 -0.2644
vn 0.5094 0.761 -0.4017
vn 0.5174 0.7464 -0.4185
vn 0.3548 0.8968 -0.2644
vn 0.5232 0.7448 -0.4141
vn 0.4732 -0.1445 -0.869
vn 0.4702 -0.04435 -0.8814
vn -0.8807 0.04155 -0.4719
vn 0.9966 0.009536 0.0821
vn 0.9967 0.006466 0.08117
vn 0.9984 0.05587 0.01101
vn 0.3548 0.8968 -0.2644
vn 0.5673 0.6871 -0.4541
vn 0.3548 0.8968 -0.2644
vn 0.5232 0.7448 -0.4141
vn 0.5591 0.6914 -0.4575
vn 0.5174 0.7464 -0.4185
vn 0.03078 -0.9969 -0.07293
vn 0.04687 -0.9968 -0.06423
vn 0.4967 -0.7306 -0.4686
vn 0.5591 0.6914 -0.4575
vn 0.5232 0.7448 -0.4141
vn -0.8807 0.04155 -0.4719
vn 0.04687 -0.9968 -0.06423
vn -0.018 -0.9997 -0.01386
vn -0.03425 -0.9994 0.008828
vn 0.4702 -0.04435 -0.8814
vn -0.8807 0.04155 -0.4719
vn -0.03303 -0.9994 0.006537
vn -0.02217 -0.9998 0.001972
vn 0.03078 -0.9969 -0.07293
vn 0.9984 0.05587 0.01101
vn 0.4967 -0.7306 -0.4686
vn 0.04687 -0.9968 -0.06423
vn -0.018 -0.9997 -0.01386
vn 0.9967 0.006466 0.08117
vn -0.01604 -0.9998 -0.0137
vn 0.4967 -0.7306 -0.4686
vn -0.018 -0.9997 -0.01386
vn -0.03425 -0.9994 0.008828
vn -0.02856 -0.9996 0.006033
vn -0.01604 -0.9998 -0.0137
vn -0.01799 -0.9998 -0.0124
vn 0.9967 0.006466 0.08117
vn 0.8734 -0.2273 -0.4308
vn 0.9966 0.009536 0.0821
vn 0.4967 -0.7306 -0.4685
vn -0.01604 -0.9998 -0.0137
vn -0.01799 -0.9998 -0.0124
vn 0.3889 -0.9204 -0.04012
vn 0.302 -0.9513 -0.06166
vn 0.9616 0.00326 -0.2745
vn -0.02856 -0.9996 0.006033
vn -0.01308 -0.9998 -0.0162
vn 0.3905 -0.9198 -0.03799
vn 0.3889 -0.9204 -0.04012
vn -0.01799 -0.9998 -0.0124
vn 0.355 -0.9345 -0.0247
vn 0.4841 -0.8747 -0.02315
vn 0.5166 -0.856 -0.01835
vn 0.5159 -0.8539 -0.06827
vn 0.302 -0.9513 -0.06166
vn 0.3889 -0.9204 -0.04012
vn 0.3905 -0.9198 -0.03799
vn 0.5166 -0.856 -0.01835
vn 0.5786 -0.8155 -0.01584
vn 0.596 -0.8028 -0.01316
vn 0.5947 -0.802 -0.05577
vn 0.5159 -0.8539 -0.06827
vn 0.3413 -0.9396 -0.02704
vn 0.355 -0.9345 -0.0247
vn 0.3905 -0.9198 -0.03799
vn -0.01308 -0.9998 -0.0162
vn -0.01072 -0.9999 -0.01355
vn -0.01251 -0.9999 0.005431
vn 0.01431 -0.9997 -0.02206
vn -0.03303 -0.9994 0.006537
vn -0.01072 -0.9999 -0.01355
vn -0.01308 -0.9998 -0.0162
vn -0.02856 -0.9996 0.006033
vn -0.03425 -0.9994 0.008828
vn 0.8734 -0.2273 -0.4308
vn 0.9162 -0.1292 -0.3793
vn 0.4732 -0.1445 -0.869
vn 0.4702 -0.04435 -0.8814
vn 0.3395 0.9043 -0.2587
vn 0.3548 0.8968 -0.2644
vn 0.9966 0.009536 0.0821
vn 0.8734 -0.2273 -0.4308
vn 0.9162 -0.1292 -0.3793
vn 0.3548 0.8968 -0.2644
vn 0.3139 0.9197 -0.236
vn 0.5591 0.6914 -0.4575
vn 0.4967 -0.7306 -0.4686
vn 0.4967 -0.7306 -0.4685
vn 0.6339 0.5642 -0.529
vn 0.5673 0.6871 -0.4541
vn 0.9984 0.05587 0.01101
vn 0.6339 0.5642 -0.529
vn 0.4967 -0.7306 -0.4685
vn -0.0065 -0.9993 -0.036
vn 0.01431 -0.9997 -0.02206
vn -0.01251 -0.9999 0.005431
vn -0.04143 -0.9991 -0.004921
vn -0.7273 0.03639 -0.6854
vn -0.7273 0.03537 -0.6854
vn -0.05202 -0.9986 0.004524
vn 0.0668 -0.9926 -0.1009
vn -0.04125 -0.9991 -0.00501
vn 0.009103 -0.9992 0.03888
vn 0.1592 -0.9703 -0.1822
vn 0.621 -0.5047 0.5997
vn 0.6086 -0.03648 0.7926
vn 0.1555 -0.9706 -0.1838
vn -0.05202 -0.9986 0.004524
vn 0.1592 -0.9703 -0.1822
vn 0.2158 -0.9485 -0.2317
vn -0.04133 -0.9991 -0.005012
vn -0.0404 -0.9992 -0.008056
vn 0.6088 -0.03298 0.7926
vn -0.5855 -0.3153 -0.7469
vn -0.04138 -0.9991 -0.004978
vn -0.0404 -0.9992 -0.008057
vn -0.04284 -0.9991 -0.006147
vn 0.4988 -0.6382 0.5865
vn 0.519 -0.6998 -0.4909
vn -0.5856 -0.3152 -0.7468
vn -0.0404 -0.9992 -0.008057
vn 0.6086 -0.03648 0.7926
vn 0.6072 -0.04804 0.7931
vn 0.6088 -0.03298 0.7926
vn -0.05202 -0.9986 0.004523
vn 0.7467 -0.01454 -0.665
vn 0.6071 -0.04767 0.7932
vn 0.6088 -0.03298 0.7926
vn 0.6072 -0.04804 0.7931
vn 0.7467 -0.01455 -0.665
vn 0.04358 0.999 0.002884
vn 0.7467 -0.01453 -0.665
vn -0.7258 0.05006 -0.6861
vn 0.04358 0.999 0.002883
vn 0.7467 -0.01455 -0.665
vn -0.05202 -0.9986 0.004524
vn -0.7273 0.03537 -0.6854
vn -0.7258 0.04995 -0.6861
vn 0.7467 -0.01453 -0.665
vn -0.05202 -0.9986 0.004523
vn -0.7273 0.03639 -0.6854
vn -0.7258 0.05006 -0.6861
vn -0.7273 0.03537 -0.6854
vn 0.621 -0.5047 0.5996
vn 0.05638 -0.9949 0.08324
vn 0.2693 0.9422 -0.1993
vn 0.1555 -0.9706 -0.1838
vn 0.1592 -0.9703 -0.1822
vn 0.621 -0.5047 0.5996
vn 0.5806 -0.4947 0.6467
vn 0.4502 0.8137 -0.3677
vn 0.04358 0.999 0.002882
vn -0.7258 0.05017 -0.6861
vn -0.7273 0.03639 -0.6854
vn 0.6086 -0.03648 0.7926
vn 0.6073 -0.04841 0.793
vn 0.04358 0.999 0.002883
vn 0.2693 0.9422 -0.1993
vn 0.4493 0.8146 -0.3668
vn 0.45 0.8139 -0.3676
vn -0.5963 -0.3124 -0.7395
vn -0.5856 -0.3152 -0.7468
vn 0.1555 -0.9706 -0.1838
vn 0.2692 0.9422 -0.1992
vn 0.2689 0.9424 -0.199
vn 0.4503 0.8136 -0.3678
vn 0.4502 0.8137 -0.3677
vn 0.5948 0.6257 -0.5047
vn 0.5803 0.6512 -0.4891
vn 0.5806 -0.4947 0.6467
vn 0.5622 -0.1359 0.8157
vn 0.5948 0.6257 -0.5047
vn 0.45 0.8139 -0.3676
vn 0.5804 0.6511 -0.4891
vn 0.5948 0.6257 -0.5047
vn 0.5622 -0.1359 0.8157
vn -0.04496 -0.999 0.00118
vn -0.0416 -0.9991 -0.004766
vn 0.009103 -0.9992 0.03888
vn -0.04496 -0.999 0.00118
vn 0.5622 -0.1359 0.8157
vn 0.5806 -0.4947 0.6467
vn 0.621 -0.5047 0.5996
vn -0.04132 -0.9991 -0.005012
vn 0.519 -0.6998 -0.4909
vn -0.5499 -0.5889 -0.5923
vn -0.0416 -0.9991 -0.004766
vn -0.04496 -0.999 0.00118
vn -0.03821 -0.9993 -0.005635
vn -0.04161 -0.9991 -0.004763
vn 0.4988 -0.6382 0.5865
vn 0.519 -0.6998 -0.4909
vn -0.04116 -0.9991 -0.005055
vn 0.4988 -0.6382 0.5865
vn -0.04161 -0.9991 -0.004763
vn 0.1987 0.9706 -0.1362
vn -0.3215 -0.9139 0.2478
vn 0.4544 -0.7764 -0.4367
vn -0.4544 0.7764 0.4367
vn -0.1428 0.9754 0.1678
vn 0.4731 0.7911 -0.3878
vn -0.0416 -0.9991 -0.004766
vn -0.5499 -0.5889 -0.5923
vn 0.07793 -0.9908 -0.1107
vn 0.519 -0.6998 -0.4909
vn 0.4988 -0.6382 0.5865
vn -0.3215 -0.9139 0.2478
vn -0.5499 -0.5889 -0.5923
vn -0.4544 0.7764 0.4367
vn 0.4544 -0.7764 -0.4367
vn 0.5931 -0.543 0.5945
vn 0.574 -0.04564 0.8176
vn 0.6295 0.5603 -0.5384
vn 0.45 0.8139 -0.3676
vn 0.4493 0.8146 -0.3668
vn 0.5209 -0.5065 0.6871
vn -0.03551 -0.9994 -0.005474
vn -0.03877 -0.9992 -0.00157
vn -0.04623 -0.9989 -0.0006381
vn 0.574 -0.04564 0.8176
vn 0.5931 -0.543 0.5945
vn 0.6295 0.5603 -0.5384
vn 0.574 -0.04564 0.8176
vn -0.04623 -0.9989 -0.0006381
vn 0.5985 0.6207 -0.5065
vn -0.03877 -0.9992 -0.00157
vn -0.5499 -0.5888 -0.5923
vn -0.3215 -0.9139 0.2478
vn 0.6533 0.5097 -0.5599
vn -0.04623 -0.9989 -0.0006381
vn -0.03662 -0.9993 -0.004143
vn -0.04131 -0.9991 -0.005015
vn 0.519 -0.6998 -0.4909
vn -0.5499 -0.5888 -0.5923
vn -0.03877 -0.9992 -0.00157
vn -0.03551 -0.9994 -0.005474
vn -0.3215 -0.9139 0.2478
vn -0.5499 -0.5888 -0.5923
vn 0.519 -0.6998 -0.4909
vn 0.4988 -0.6381 0.5865
vn -0.04132 -0.9991 -0.005016
vn -0.04161 -0.9991 -0.004763
vn 0.4988 -0.6381 0.5865
vn 0.519 -0.6998 -0.4909
vn -0.04131 -0.9991 -0.005015
vn -0.04131 -0.9991 -0.005019
vn -0.04161 -0.9991 -0.004762
vn -0.04132 -0.9991 -0.005016
vn -0.04132 -0.9991 -0.005018
vn 0.519 -0.6998 -0.4909
vn -0.5499 -0.5889 -0.5923
vn -0.0416 -0.9991 -0.004761
vn -0.04131 -0.9991 -0.005019
vn -0.04127 -0.9991 -0.00504
vn 0.519 -0.6998 -0.4909
vn -0.04132 -0.9991 -0.005018
vn -0.04133 -0.9991 -0.00501
vn -0.0416 -0.9991 -0.004767
vn 0.4988 -0.6381 0.5865
vn 0.519 -0.6998 -0.4909
vn -0.04127 -0.9991 -0.00504
vn -0.04132 -0.9991 -0.005017
vn -0.0416 -0.9991 -0.004768
vn -0.04133 -0.9991 -0.00501
vn -0.04143 -0.9991 -0.004945
vn 0.519 -0.6998 -0.4909
vn -0.5499 -0.5888 -0.5923
vn -0.0416 -0.9991 -0.004771
vn -0.04132 -0.9991 -0.005017
vn 0.4988 -0.6382 0.5865
vn -0.3215 -0.9139 0.2478
vn -0.5499 -0.5888 -0.5923
vn 0.519 -0.6998 -0.4909
vn -0.04284 -0.9991 -0.006147
vn -0.04624 -0.9989 -0.0006359
vn 0.3011 0.9256 -0.2292
vn -0.3215 -0.9139 0.2478
vn 0.4988 -0.6382 0.5865
vn -0.04039 -0.9992 -0.008059
vn -0.5858 -0.315 -0.7467
vn -0.5963 -0.3124 -0.7395
vn -0.7173 0.07995 -0.6922
vn -0.04624 -0.9989 -0.0006359
vn -0.04284 -0.9991 -0.006147
vn 0.45 0.8139 -0.3676
vn 0.6295 0.5603 -0.5384
vn 0.5984 0.6208 -0.5065
vn -0.7173 0.07995 -0.6922
vn -0.5963 -0.3124 -0.7395
vn 0.02203 0.9995 0.02219
vn -0.04624 -0.9989 -0.0006359
vn -0.7173 0.07995 -0.6922
vn 0.5984 0.6209 -0.5064
vn 0.5492 0.6981 -0.4594
vn -0.0416 -0.9991 -0.004768
vn -0.5499 -0.5888 -0.5923
vn -0.3215 -0.9139 0.2478
vn 0.02203 0.9995 0.02219
vn 0.4988 -0.6381 0.5865
vn -0.0416 -0.9991 -0.004766
vn 0.09623 0.9944 -0.04403
vn -0.3215 -0.9139 0.2478
vn -0.5499 -0.5889 -0.5923
vn 0.519 -0.6998 -0.4909
vn 0.4988 -0.6381 0.5865
vn -0.3215 -0.9139 0.2478
vn 0.7327 -0.1699 -0.659
vn -0.04161 -0.9991 -0.004761
vn -0.5499 -0.5889 -0.5923
vn -0.3215 -0.9139 0.2478
vn 0.09623 0.9944 -0.04403
vn 0.6742 -0.4062 -0.6168
vn -0.3215 -0.9139 0.2478
vn 0.4988 -0.6381 0.5865
vn -0.04161 -0.9991 -0.004762
vn 0.9419 0.3327 -0.04549
vn 0.7439 -0.6535 -0.1399
vn 0.9771 -0.2105 -0.03134
vn 0.9761 -0.2172 0.009828
vn 0.9989 0.04262 0.01805
vn 0.9807 0.1898 0.0461
vn 0.9742 0.2242 -0.02516
vn 0.9761 -0.2169 0.009525
vn 0.9771 -0.2105 -0.03134
vn 0.9806 -0.06475 0.1851
vn 0.9989 0.04262 0.01805
vn 0.976 -0.2175 0.01013
vn 0.9807 0.1898 0.0461
vn 0.9989 0.04262 0.01805
vn 0.9806 -0.06475 0.1851
vn 0.9135 -0.3846 0.1328
vn 0.9029 -0.4149 0.1123
vn 0.9742 0.2242 -0.02516
vn 0.9807 0.1898 0.0461
vn 0.9029 -0.4149 0.1123
vn 0.8132 -0.574 0.09546
vn 0.8331 -0.5432 0.1048
vn 0.835 -0.5456 -0.07137
vn -0.8657 -0.4722 -0.1659
vn 0.9419 0.3327 -0.04549
vn 0.9742 0.2242 -0.02516
vn 0.8349 -0.5458 -0.07131
vn -0.8237 0.5368 -0.1827
vn -0.8237 0.5368 -0.1827
vn 0.835 -0.5456 -0.07137
vn 0.1854 -0.9817 -0.04269
vn -0.03488 0.9864 -0.1606
vn 0.8331 -0.5432 0.1048
vn 0.7126 -0.693 0.1096
vn 0.3611 -0.9316 0.04091
vn 0.3398 -0.9352 -0.09988
vn 0.1854 -0.9817 -0.04269
vn 0.8351 -0.5455 -0.07143
vn 0.8155 -0.5575 -0.1552
vn 0.8233 -0.5469 -0.1523
vn 0.4738 0.8806 -0.003341
vn 0.4609 0.8728 -0.1605
vn -0.03488 0.9864 -0.1606
vn 0.1854 -0.9817 -0.04269
vn 0.3398 -0.9352 -0.09988
vn 0.6216 -0.7771 -0.09857
vn 0.8155 -0.5575 -0.1552
vn 0.3398 -0.9352 -0.09988
vn 0.3611 -0.9316 0.04091
vn 0.6279 -0.7783 0.0006187
vn 0.6296 -0.7769 0.0006391
vn 0.7126 -0.693 0.1096
vn 0.77 -0.6346 0.06656
vn 0.6662 -0.7381 0.107
vn 0.6279 -0.7783 0.0006187
vn 0.3611 -0.9316 0.04091
vn 0.6296 -0.7769 0.0006391
vn 0.6279 -0.7783 0.0006187
vn 0.6662 -0.7381 0.107
vn 0.6216 -0.7771 -0.09857
vn 0.6296 -0.7769 0.0006391
vn 0.6662 -0.7381 0.107
vn 0.77 -0.6346 0.06656
vn 0.8148 -0.5748 0.07514
vn 0.8547 -0.4824 0.1918
vn 0.8132 -0.574 0.09546
vn 0.8148 -0.5748 0.07514
vn 0.77 -0.6346 0.06656
vn 0.7126 -0.693 0.1096
vn 0.8331 -0.5432 0.1048
vn 0.9135 -0.3846 0.1328
vn 0.8547 -0.4824 0.1918
vn 0.8148 -0.5748 0.07514
vn 0.8132 -0.574 0.09546
vn 0.9029 -0.4149 0.1123
vn 0.8547 -0.4824 0.1918
vn 0.9135 -0.3846 0.1328
vn 0.9806 -0.06475 0.1851
vn 0.2431 0.9631 0.1156
vn -0.2394 -0.9489 -0.2055
vn -0.2394 -0.9489 -0.2055
vn 0.2394 0.9489 0.2055
vn 0.2621 0.9581 0.1153
vn 0.2601 0.9417 0.2136
vn 0.02701 0.9889 0.146
vn 0.04298 0.9951 0.08919
vn 0.04173 0.9955 0.08561
vn 0.2431 0.9631 0.1156
vn -0.02014 -0.9985 0.05135
vn -0.008407 -0.9942 0.1073
vn 0.0218 0.9986 0.04907
vn 0.0301 0.9956 0.0892
vn 0.04298 0.9951 0.08919
vn 0.02701 0.9889 0.146
vn -0.01145 -0.9994 0.0332
vn -0.01776 -0.9985 0.05136
vn 1 -0.007252 0.001669
vn 0.9975 0.06759 -0.019
vn 0.0218 0.9986 0.04907
vn -0.008407 -0.9942 0.1073
vn -0.7283 -0.009181 -0.6852
vn -0.6701 -0.1535 -0.7262
vn 0.8914 0.4118 -0.1894
vn 0.8409 0.5028 -0.2004
vn 0.967 0.1679 -0.1916
vn 0.5814 0.7912 -0.1897
vn 0.5867 0.7959 -0.1493
vn 0.6063 0.7812 -0.1489
vn 0.8484 0.5012 -0.1703
vn 0.8409 0.5028 -0.2004
vn 0.8914 0.4118 -0.1894
vn 0.7263 0.6622 -0.1842
vn 0.2646 0.9521 -0.1532
vn 0.2436 0.9585 -0.1481
vn 0.04414 0.9953 -0.08566
vn 0.04396 0.9952 -0.08695
vn 0.5867 0.7959 -0.1493
vn 0.5814 0.7912 -0.1897
vn 0.1414 0.9838 -0.1098
vn 0.1425 0.9843 -0.1045
vn 0.6056 0.7811 -0.1517
vn 0.6063 0.7812 -0.1489
vn 0.5867 0.7959 -0.1493
vn 0.04396 0.9952 -0.08695
vn 0.5509 0.8126 -0.1902
vn 0.5742 0.7945 -0.1978
vn 0.5685 0.8 -0.1919
vn 0.5642 0.7996 -0.2056
vn 0.7112 0.6744 -0.1987
vn 0.6487 0.7451 -0.1547
vn 0.651 0.7444 -0.1489
vn 0.6056 0.7811 -0.1517
vn 0.1425 0.9843 -0.1045
vn -0.2663 0.9605 -0.08121
vn -0.06339 0.9849 -0.1613
vn 0.5742 0.7945 -0.1978
vn 0.5509 0.8126 -0.1902
vn 0.3178 0.9139 -0.2525
vn 0.5913 0.7393 -0.3222
vn 0.508 0.8397 -0.192
vn 0.5685 0.8 -0.1919
vn 0.5742 0.7945 -0.1978
vn -0.06339 0.9849 -0.1613
vn 0.7191 0.6424 -0.265
vn 0.6715 0.6925 -0.2637
vn 0.5642 0.7996 -0.2056
vn 0.5685 0.8 -0.1919
vn 0.508 0.8397 -0.192
vn 0.6728 0.7081 -0.2143
vn 0.7092 0.6718 -0.214
vn 0.7112 0.6744 -0.1987
vn 0.5642 0.7996 -0.2056
vn 0.6715 0.6925 -0.2637
vn 0.865 0.4735 -0.1662
vn 0.865 0.4735 -0.1659
vn 0.8484 0.5012 -0.1703
vn 0.6063 0.7812 -0.1489
vn 0.6056 0.7811 -0.1517
vn 0.651 0.7444 -0.1489
vn 0.9512 0.3077 0.02047
vn 0.9438 0.3158 -0.09744
vn -0.499 0.8658 0.03565
vn -0.4917 0.8702 0.03298
vn 0.9438 0.3157 -0.09744
vn 0.8647 0.316 -0.3904
vn -0.46 0.8879 0.005964
vn -0.499 0.8658 0.03565
vn 0.8647 0.316 -0.3904
vn 0.6462 0.2735 -0.7125
vn -0.46 0.8879 0.005964
vn 0.7312 -0.6783 -0.07248
vn 0.4617 -0.8855 -0.05262
vn 0.4592 -0.8809 -0.1145
vn 0.7386 -0.6605 -0.1349
vn 0.7257 -0.6732 -0.1417
vn -0.3215 -0.9139 0.2478
vn -0.5499 -0.5888 -0.5923
vn 0.519 -0.6998 -0.4909
vn 0.4988 -0.6381 0.5865
vn 0.6967 -0.7092 -0.108
vn 0.6964 -0.709 -0.1113
vn 0.6823 -0.7241 -0.1007
vn 0.6608 -0.7446 -0.09442
vn 0.6555 -0.7493 -0.09455
vn 0.7888 -0.5948 -0.1549
vn 0.8485 -0.4973 -0.181
vn 0.8513 -0.4989 -0.1623
vn 0.6964 -0.709 -0.1113
vn 0.6967 -0.7092 -0.108
vn 0.8852 -0.4365 -0.1608
vn 0.8713 -0.4282 -0.2396
vn 0.5926 -0.779 -0.2046
vn 0.6823 -0.7241 -0.1007
vn 0.6964 -0.709 -0.1113
vn 0.8513 -0.4989 -0.1623
vn 0.9621 -0.1912 -0.1945
vn 0.9627 -0.1914 -0.1913
vn 0.9727 -0.08039 -0.2177
vn 0.9035 -0.3633 -0.2275
vn 0.8713 -0.4282 -0.2396
vn 0.8852 -0.4365 -0.1608
vn 0.9627 -0.1914 -0.1913
vn 0.9621 -0.1912 -0.1945
vn 0.9695 -0.01331 -0.2448
vn 0.9694 -0.006333 -0.2456
vn 0.8053 -0.02154 -0.5924
vn 0.6108 -0.6839 -0.3991
vn 0.4987 -0.8018 -0.3294
vn 0.9616 0.07106 -0.2652
vn 0.9253 0.2549 -0.2809
vn 0.7984 0.03114 -0.6013
vn 0.8043 -0.03456 -0.5932
vn 0.8053 -0.02154 -0.5924
vn 0.9694 -0.006333 -0.2456
vn 0.9566 0.07065 -0.2829
vn 0.9205 0.2631 -0.2889
vn 0.9224 0.2637 -0.2823
vn 0.9253 0.2549 -0.2809
vn 0.9616 0.07106 -0.2652
vn 0.8748 0.3825 -0.2973
vn 0.7622 0.585 -0.2772
vn 0.7625 0.5853 -0.2758
vn 0.7835 0.5572 -0.2751
vn 0.9224 0.2637 -0.2823
vn 0.9205 0.2631 -0.2889
vn 0.6895 0.6718 -0.2708
vn 0.5775 0.7812 -0.2371
vn 0.4623 0.8753 -0.1415
vn 0.4577 0.8638 -0.2107
vn 0.7625 0.5853 -0.2758
vn 0.7622 0.585 -0.2772
vn 0.5847 0.7928 -0.1719
vn 0.2697 0.9585 -0.09267
vn 0.4623 0.8753 -0.1415
vn 0.5775 0.7812 -0.2371
vn 0.3137 0.945 -0.0922
vn 0.314 0.9457 -0.08401
vn 0.2318 0.9692 -0.08321
vn 0.2695 0.9579 -0.0989
vn 0.2697 0.9585 -0.09267
vn 0.5454 0.8306 -0.1121
vn 0.6525 0.7464 -0.1308
vn 0.6677 0.7314 -0.1386
vn 0.6733 0.7378 -0.04802
vn 0.5477 0.8344 -0.06164
vn -0.03201 -0.9947 0.09768
vn 0.6677 0.7314 -0.1386
vn 0.2318 0.9691 -0.08377
vn 0.2978 0.951 -0.08283
vn 0.2948 0.9521 -0.08128
vn 0.2943 0.9506 -0.09909
vn 0.2695 0.9579 -0.0989
vn 0.2318 0.9692 -0.08321
vn 0.3041 0.9491 -0.08173
vn 0.2845 0.9561 -0.06989
vn 0.2839 0.954 -0.09597
vn 0.2943 0.9506 -0.09909
vn 0.2948 0.9521 -0.08128
vn 0.4577 0.8638 -0.2107
vn 0.4623 0.8753 -0.1415
vn 0.2697 0.9585 -0.09267
vn 0.2695 0.9579 -0.0989
vn 0.2943 0.9506 -0.09909
vn 0.2839 0.954 -0.09597
vn 0.4547 0.8661 -0.2075
vn 0.7625 0.5853 -0.2758
vn 0.4577 0.8638 -0.2107
vn 0.4547 0.8661 -0.2075
vn 0.03282 0.9953 -0.09159
vn 0.5839 0.6489 -0.4879
vn 0.7835 0.5572 -0.2751
vn 0.0313 0.9985 -0.04524
vn 0.03796 0.998 -0.05138
vn 0.03282 0.9953 -0.09159
vn 0.4547 0.8661 -0.2075
vn 0.2839 0.954 -0.09597
vn 0.2845 0.9561 -0.06989
vn 0.8392 0.5421 0.0439
vn 0.5793 0.6545 -0.4858
vn 0.5839 0.6489 -0.4879
vn 0.03282 0.9953 -0.09159
vn 0.03796 0.998 -0.05138
vn 0.6232 0.7808 0.04488
vn 0.6236 0.7806 0.04259
vn 0.6232 0.7808 0.04488
vn 0.03796 0.998 -0.05138
vn 0.0313 0.9985 -0.04524
vn 0.9898 0.01101 0.1422
vn 0.9896 0.01316 0.1435
vn 0.8043 -0.03456 -0.5932
vn 0.7984 0.03114 -0.6013
vn 0.5793 0.6545 -0.4858
vn 0.8392 0.5421 0.0439
vn 0.7984 0.03114 -0.6013
vn 0.9253 0.2549 -0.2809
vn 0.9224 0.2637 -0.2823
vn 0.7835 0.5572 -0.2751
vn 0.5839 0.6489 -0.4879
vn 0.5793 0.6545 -0.4858
vn 0.8053 -0.02154 -0.5924
vn 0.8043 -0.03456 -0.5932
vn 0.9896 0.01316 0.1435
vn 0.8564 -0.5046 0.1094
vn 0.6108 -0.6839 -0.3991
vn 0.9919 0.01017 0.1264
vn 0.6346 -0.762 0.129
vn 0.6309 -0.7625 0.1432
vn 0.8564 -0.5046 0.1094
vn 0.9896 0.01316 0.1435
vn 0.9898 0.01101 0.1422
vn 0.6581 -0.7417 0.1298
vn -0.03115 -0.9978 0.05904
vn -0.03644 -0.9973 0.06386
vn 0.6309 -0.7625 0.1432
vn 0.6346 -0.762 0.129
vn -0.03115 -0.9978 0.05904
vn 0.6581 -0.7417 0.1298
vn 0.9883 -0.1264 -0.08483
vn 0.9934 -0.08186 -0.08007
vn 0.9727 -0.08039 -0.2177
vn 0.9627 -0.1914 -0.1913
vn -0.03486 -0.9952 0.09099
vn -0.03644 -0.9973 0.06386
vn -0.03115 -0.9978 0.05904
vn 0.6108 -0.6839 -0.3991
vn 0.8564 -0.5046 0.1094
vn 0.6309 -0.7625 0.1432
vn -0.03644 -0.9973 0.06386
vn -0.03486 -0.9952 0.09099
vn 0.4987 -0.8018 -0.3294
vn 0.4987 -0.8018 -0.3294
vn -0.03486 -0.9952 0.09099
vn 0.9266 -0.3728 -0.04881
vn 0.9035 -0.3633 -0.2275
vn 0.9727 -0.08039 -0.2177
vn 0.9934 -0.08186 -0.08007
vn 0.8804 -0.4715 -0.05055
vn 0.9967 -0.07657 0.02613
vn 0.8808 -0.4697 0.06007
vn 0.8804 -0.4715 -0.05055
vn 0.9934 -0.08186 -0.08007
vn 0.9883 -0.1264 -0.08483
vn 0.9987 -0.04978 0.009166
vn 0.9987 -0.04978 0.009166
vn 0.9883 -0.1264 -0.08483
vn 0.6037 -0.7972 0.0006964
vn 0.606 -0.7955 0.000859
vn 0.5891 -0.7824 -0.2021
vn 0.5926 -0.779 -0.2046
vn 0.8713 -0.4282 -0.2396
vn 0.9035 -0.3633 -0.2275
vn 0.9266 -0.3728 -0.04881
vn 0.4892 -0.8516 -0.1882
vn 0.6608 -0.7446 -0.09442
vn 0.6823 -0.7241 -0.1007
vn 0.5926 -0.779 -0.2046
vn 0.5891 -0.7824 -0.2021
vn 0.4506 -0.8924 0.02263
vn 0.4892 -0.8516 -0.1882
vn 0.5891 -0.7824 -0.2021
vn 0.606 -0.7955 0.000859
vn -0.7367 0.4303 -0.5216
vn 0.7367 -0.4303 0.5216
vn -0.5649 0.8245 0.03204
vn -0.565 0.8247 0.02471
vn -0.4308 0.9022 0.02254
vn -0.3882 0.9214 0.01529
vn -0.3881 0.9212 0.02688
vn -0.5594 0.8283 0.031
vn 0.3678 0.9296 0.02163
vn 0.3651 0.9299 0.04411
vn 0.08551 0.9944 0.06189
vn -0.03089 0.9968 0.07401
vn -0.03468 0.9985 0.04261
vn 0.3397 0.9402 0.02575
vn -0.213 0.9769 -0.01777
vn -0.7691 0.6344 -0.07793
vn -0.7648 0.6325 0.1225
vn -0.4777 0.8534 -0.2088
vn -0.4807 0.8586 -0.1781
vn -0.4519 0.8858 -0.106
vn -0.1595 0.9784 -0.1315
vn 0.9997 -0.02519 0.001552
vn 0.9949 0.08342 -0.05671
vn -0.3001 0.9537 0.01875
vn -0.213 0.9769 -0.01777
vn -0.4519 0.8858 -0.106
vn 0.9973 -0.06622 -0.03303
vn -0.1595 0.9784 -0.1315
vn -0.4519 0.8858 -0.106
vn -0.4807 0.8586 -0.1781
vn 0.9986 -0.05068 0.01276
vn 0.9973 -0.06622 -0.03303
vn -0.4443 0.8699 -0.2142
vn 0.2654 -0.144 -0.9533
vn 0.9986 -0.05068 0.01276
vn -0.4807 0.8586 -0.1781
vn -0.4777 0.8534 -0.2088
vn -0.1654 0.8961 -0.4119
vn 0.02264 -0.1091 -0.9938
vn 0.2654 -0.144 -0.9533
vn -0.4443 0.8699 -0.2142
vn -0.2996 0.9342 -0.1938
vn 0.004305 -0.09012 -0.9959
vn 0.001859 -0.09192 -0.9958
vn 0.02264 -0.1091 -0.9938
vn -0.1654 0.8961 -0.4119
vn -0.1283 0.9011 -0.4142
vn -0.1078 0.8858 -0.4513
vn -0.004137 1 -0.002572
vn 0.9997 -0.02518 0.001551
vn 0.9973 -0.06622 -0.03303
vn 0.9986 -0.05068 0.01276
vn 0.2654 -0.144 -0.9533
vn 0.02264 -0.1091 -0.9938
vn 0.001859 -0.09192 -0.9958
vn -0.004137 1 -0.002573
vn 0.9997 -0.02519 0.001552
vn -0.004137 1 -0.002572
vn 1 0.004023 0.001572
vn -0.2563 0.8154 -0.519
vn -0.3001 0.9537 0.01875
vn 0.9949 0.08342 -0.05671
vn 0.002015 -0.7516 0.6596
vn -0.00281 0.8743 -0.4854
vn -0.2857 0.7782 -0.5593
vn -0.3498 0.7802 -0.5186
vn -0.2563 0.8154 -0.519
vn 1 0.004023 0.001572
vn 0.4969 -0.6869 0.5303
vn -0.00281 0.8743 -0.4854
vn 0.002015 -0.7516 0.6596
vn 0.09404 0.8941 -0.4378
vn 0.1418 0.8292 -0.5407
vn 0.1272 0.8206 -0.5572
vn -0.8701 0.4843 0.0911
vn -0.8968 0.4368 0.07011
vn -0.9306 0.3602 0.06557
vn -0.9897 0.02184 0.1416
vn -0.5385 0.84 0.06662
vn -0.5289 0.8259 0.1956
vn -0.7825 0.6059 0.1433
vn -0.803 0.3869 0.4532
vn -0.8968 0.4368 0.07011
vn -0.8701 0.4843 0.0911
vn -0.9306 0.3602 0.06557
vn -0.8968 0.4368 0.07011
vn -0.803 0.3869 0.4532
vn -0.8304 0.3151 0.4595
vn -0.7825 0.6059 0.1433
vn -0.8408 0.5395 -0.04542
vn -1 -0.004135 -0.001476
vn -0.8304 0.3151 0.4595
vn -0.803 0.3869 0.4532
vn 0.7516 -0.05227 -0.6576
vn 0.7801 -0.001609 -0.6256
vn -0.9897 0.02184 0.1416
vn -0.9306 0.3602 0.06557
vn -0.8304 0.3151 0.4595
vn -1 -0.00413 -0.001487
vn -0.8282 -0.2432 0.505
vn -1 -0.00413 -0.001487
vn -0.8364 -0.5465 0.04296
vn -0.7777 -0.581 0.24
vn -0.8002 -0.3149 0.5104
vn -0.8282 -0.2432 0.505
vn -1 -0.00413 -0.001487
vn -1 -0.004146 -0.001453
vn -0.8264 -0.322 -0.462
vn -0.7984 -0.3935 -0.4556
vn -0.777 -0.6124 -0.1457
vn -0.8364 -0.5465 0.04296
vn -1 -0.00413 -0.001487
vn -0.8408 0.5395 -0.04542
vn -0.7818 0.5746 -0.2423
vn -0.8012 0.3083 -0.5128
vn -0.8286 0.2364 -0.5075
vn -1 -0.004146 -0.001453
vn -0.7825 0.6059 0.1433
vn -0.5289 0.8259 0.1956
vn -0.5279 0.7832 -0.3286
vn -0.7818 0.5746 -0.2423
vn -0.8408 0.5395 -0.04542
vn -0.8012 0.3083 -0.5128
vn -0.7818 0.5746 -0.2423
vn -0.5279 0.7832 -0.3286
vn -0.5259 0.4405 -0.7276
vn -0.8286 0.2364 -0.5075
vn -0.8012 0.3083 -0.5128
vn -0.526 0.4405 -0.7276
vn -0.5237 -0.07122 -0.8489
vn -0.7708 -0.05477 -0.6347
vn -0.5259 0.4405 -0.7276
vn -0.000895 0.5202 -0.854
vn 0.001795 -0.08118 -0.9967
vn -0.5236 -0.07123 -0.849
vn -0.526 0.4405 -0.7276
vn -0.5279 0.7832 -0.3286
vn -0.003258 0.9228 -0.3852
vn -0.0008918 0.5202 -0.854
vn -0.5259 0.4405 -0.7276
vn 0.001796 -0.08118 -0.9967
vn -0.0008918 0.5202 -0.854
vn 0.5244 0.4449 -0.726
vn 0.5267 -0.0669 -0.8474
vn -0.003254 0.9228 -0.3852
vn 0.5224 0.7875 -0.327
vn 0.5244 0.4449 -0.726
vn -0.0008886 0.5202 -0.854
vn 0.5244 0.4449 -0.726
vn 0.5224 0.7875 -0.327
vn 0.7777 0.581 -0.24
vn 0.8002 0.3149 -0.5104
vn 0.5224 0.7875 -0.327
vn 0.5214 0.8302 0.1972
vn 0.777 0.6124 0.1457
vn 0.8364 0.5465 -0.04298
vn 0.7777 0.581 -0.24
vn 0.5224 0.7875 -0.327
vn -0.003258 0.9228 -0.3852
vn -0.004372 0.973 0.2308
vn 0.5214 0.8302 0.1972
vn 0.5224 0.7875 -0.327
vn 0.8855 0.4362 0.1598
vn 0.7979 0.3901 0.4594
vn 0.777 0.6124 0.1457
vn 0.5214 0.8302 0.1972
vn 0.526 0.8369 0.1514
vn 0.6094 0.7735 0.174
vn 0.8037 0.5639 0.19
vn -0.004375 0.973 0.2308
vn -0.004255 0.9965 0.08291
vn 0.27 0.9522 0.1428
vn 0.526 0.8369 0.1514
vn 0.5214 0.8302 0.1972
vn 0.27 0.9522 0.1428
vn 0.3551 0.8948 -0.2707
vn 0.3523 0.8815 -0.3144
vn 0.3517 0.8813 -0.3154
vn 0.6094 0.7735 0.174
vn 0.526 0.8369 0.1514
vn 0.27 0.9522 0.1428
vn -0.004255 0.9965 0.08291
vn 0.002359 0.9966 0.08244
vn -0.5385 0.84 0.06662
vn -0.5698 0.8197 0.05803
vn 0.002359 0.9966 0.08244
vn -0.004255 0.9965 0.08291
vn -0.004377 0.973 0.2308
vn -0.5289 0.8259 0.1956
vn 0.002359 0.9966 0.08244
vn -0.5698 0.8197 0.05803
vn -0.5279 0.7832 -0.3286
vn -0.5289 0.8258 0.1957
vn -0.004375 0.973 0.2308
vn -0.003262 0.9228 -0.3852
vn -0.5279 0.7832 -0.3286
vn 0.3515 0.8816 -0.3149
vn 0.3528 0.8815 -0.3139
vn 0.6094 0.7735 0.174
vn 0.8037 0.5639 0.19
vn 0.3517 0.8813 -0.3154
vn 0.9168 0.3664 0.159
vn 0.8235 0.3243 0.4654
vn 0.7979 0.3901 0.4594
vn 0.8855 0.4362 0.1598
vn 0.777 0.6124 0.1457
vn 0.7979 0.3901 0.4594
vn 0.8235 0.3243 0.4654
vn 1 0.004141 0.001464
vn 0.8364 0.5465 -0.04298
vn 0.9168 0.3664 0.159
vn 0.9684 -0.1208 0.2183
vn 0.9372 -0.2882 0.1963
vn 0.8393 -0.2294 0.4928
vn 1 0.004146 0.001453
vn 0.8235 0.3243 0.4654
vn 1 0.004146 0.001452
vn 0.8393 -0.2294 0.4928
vn 0.803 -0.3229 0.5009
vn 0.7818 -0.5746 0.2423
vn 0.8408 -0.5395 0.04544
vn 0.8042 -0.3242 0.4982
vn 0.8762 -0.4317 0.2141
vn 0.9372 -0.2882 0.1963
vn 0.8393 -0.2294 0.4928
vn 0.803 -0.3229 0.5009
vn 0.6984 -0.6396 0.3212
vn 0.8762 -0.4317 0.2141
vn 0.9372 -0.2882 0.1963
vn 0.9684 -0.1208 0.2183
vn 0.6984 -0.6396 0.3212
vn 0.782 -0.5743 0.2422
vn 0.8042 -0.3242 0.4982
vn 0.803 -0.3229 0.5009
vn 0.8762 -0.4317 0.2141
vn 0.7823 -0.574 0.2421
vn 0.8042 -0.3242 0.4982
vn 0.7825 -0.6059 -0.1433
vn 0.8408 -0.5395 0.04544
vn 0.782 -0.5743 0.2422
vn 1 0.004146 0.001452
vn 0.8408 -0.5395 0.04544
vn 0.7825 -0.6059 -0.1433
vn 0.803 -0.3869 -0.4533
vn 0.8304 -0.3151 -0.4596
vn 1 0.00413 0.001487
vn 0.5284 -0.5522 -0.6449
vn 0.803 -0.3869 -0.4533
vn 0.7825 -0.6059 -0.1433
vn 0.5267 -0.0669 -0.8474
vn 0.7731 -0.0484 -0.6324
vn 0.8304 -0.3151 -0.4596
vn 0.803 -0.3869 -0.4533
vn 0.5284 -0.5522 -0.6449
vn 0.5267 -0.0669 -0.8474
vn 0.001796 -0.08118 -0.9967
vn 0.5267 -0.0669 -0.8474
vn 0.5284 -0.5522 -0.6449
vn 0.003794 -0.6515 -0.7587
vn 0.001795 -0.08118 -0.9967
vn 0.003797 -0.6515 -0.7587
vn 0.5284 -0.5523 -0.6448
vn 0.001795 -0.08118 -0.9967
vn 0.003797 -0.6515 -0.7587
vn -0.5219 -0.5566 -0.6464
vn -0.5236 -0.07125 -0.849
vn -0.5219 -0.5566 -0.6464
vn 0.0038 -0.6515 -0.7587
vn -0.777 -0.6124 -0.1457
vn -0.7984 -0.3935 -0.4556
vn -0.5219 -0.5566 -0.6464
vn -0.7984 -0.3935 -0.4556
vn -0.8264 -0.322 -0.462
vn -0.7708 -0.05477 -0.6347
vn -0.5236 -0.07123 -0.849
vn -0.5219 -0.5566 -0.6464
vn -1 -0.004146 -0.001453
vn -0.8286 0.2364 -0.5075
vn -0.7708 -0.05477 -0.6347
vn -0.8264 -0.322 -0.462
vn -0.7777 -0.581 0.24
vn -0.8364 -0.5465 0.04296
vn -0.777 -0.6124 -0.1457
vn -0.8002 -0.3149 0.5104
vn -0.7777 -0.581 0.24
vn -0.8282 -0.2432 0.505
vn -0.8002 -0.3149 0.5104
vn 0.5244 0.4449 -0.726
vn 0.8002 0.3149 -0.5104
vn 0.8281 0.2432 -0.505
vn 0.7731 -0.0484 -0.6324
vn 0.5267 -0.0669 -0.8474
vn 0.8304 -0.3151 -0.4596
vn 0.7731 -0.0484 -0.6324
vn 0.8281 0.2432 -0.505
vn 1 0.00413 0.001487
vn 0.7777 0.581 -0.24
vn 0.8364 0.5465 -0.04298
vn 1 0.00413 0.001487
vn 0.8281 0.2432 -0.505
vn 0.8002 0.3149 -0.5104
vn 0.5545 0.7713 -0.3124
vn 0.3516 0.8815 -0.3152
vn 0.3551 0.8948 -0.2707
vn 0.5627 0.7874 -0.2517
vn -0.004014 0.9965 -0.08375
vn 0.7914 0.05181 -0.6091
vn 0.7801 -0.001609 -0.6256
vn 0.7516 -0.05227 -0.6576
vn 0.297 -0.07882 -0.9516
vn 0.297 -0.07882 -0.9516
vn 0.7516 -0.05227 -0.6576
vn -0.2935 -0.08128 -0.9525
vn 0.297 -0.07883 -0.9516
vn 0.7935 0.0541 0.6061
vn 0.9996 0.006233 0.02624
vn 0.9981 0.06088 -0.003296
vn -0.004018 0.9965 -0.08375
vn 0.7914 0.05181 -0.6091
vn -0.004031 0.9965 -0.08375
vn 0.9981 0.06088 -0.003296
vn -1 -0.004142 -0.00147
vn -0.001497 0.004695 1
vn -0.004357 0.8882 0.4595
vn 0.003095 -0.9015 0.4328
vn -0.001497 0.004676 1
vn -1 -0.004137 -0.00148
vn 0.003095 -0.9015 0.4328
vn 1 0.004137 0.001493
vn -0.001497 0.004695 1
vn 0.003095 -0.9015 0.4328
vn 1 0.004142 0.001484
vn -0.004357 0.8882 0.4595
vn -0.001496 0.004714 1
vn 1 0.004137 0.001493
vn -0.7957 -0.5815 -0.1697
vn -0.7957 -0.5815 -0.1696
vn 0.3046 -0.9341 -0.1864
vn 0.3046 -0.9341 -0.1864
vn 0.3046 -0.9341 -0.1864
vn 0.3046 -0.9341 -0.1864
vn -0.3041 0.9331 -0.1921
vn -0.3041 0.9332 -0.1915
vn -0.3041 0.9331 -0.1918
vn -0.3041 0.9331 -0.1921
vn 0.3033 0.9356 -0.1809
vn 0.3033 0.9356 -0.1806
vn 0.3033 0.9356 -0.1806
vn 0.3033 0.9356 -0.1809
vn -0.2964 -0.9366 -0.1868
vn 0.2963 0.9365 0.1873
vn -0.9868 0.05904 0.1511
vn 0.9888 -0.05962 -0.1368
vn 0.9508 -0.3043 -0.05872
vn 0.8352 -0.5315 -0.1409
vn -0.8332 0.5307 0.1552
vn -0.8868 0.4452 0.1238
vn -0.9806 0.1527 0.1226
vn -0.9806 0.1527 0.1226
vn -0.8871 0.4447 0.1237
vn 0.9888 -0.05962 -0.1368
vn -0.9868 0.05904 0.1511
vn 0.9507 -0.3045 -0.05869
vn 0.9888 -0.05962 -0.1368
vn -0.06569 -0.997 0.04123
vn 0.9295 -0.2968 -0.219
vn 0.9507 -0.3044 -0.05871
vn 0.9443 -0.3019 -0.1308
vn 0.9508 -0.3043 -0.05875
vn 0.9295 -0.2968 -0.219
vn 0.2544 0.967 -0.0102
vn 0.9481 -0.3032 -0.09548
vn -0.3547 -0.9348 -0.017
vn 0.9295 -0.2969 -0.219
vn 0.9507 -0.3044 -0.05873
vn 0.9397 -0.3004 -0.1634
vn 0.9508 -0.3042 -0.05871
vn 0.9295 -0.2969 -0.219
vn 0.5256 0.8494 0.04784
vn 0.9395 -0.3003 -0.1646
vn 0.8352 -0.5315 -0.1409
vn 0.9508 -0.3042 -0.05869
vn -0.8332 0.5307 0.1552
vn 0.8352 -0.5315 -0.1409
vn -0.3547 -0.9348 -0.017
vn 0.9295 -0.2969 -0.219
vn 0.9364 -0.3005 0.1813
vn 0.8329 -0.4972 0.2432
vn 0.5256 0.8494 0.04784
vn 0.9364 -0.3005 0.1813
vn 0.9295 -0.2969 -0.219
vn 0.8329 -0.4972 0.2432
vn 0.9364 -0.3005 0.1813
vn 0.5256 0.8494 0.04784
vn -0.3547 -0.9348 -0.017
vn 0.8329 -0.4972 0.2432
vn -0.06569 -0.997 0.04123
vn 0.9295 -0.2968 -0.219
vn 0.9364 -0.3006 0.1813
vn 0.2544 0.967 -0.0102
vn 0.9662 -0.08082 0.2447
vn 0.9364 -0.3006 0.1813
vn 0.9294 -0.2969 -0.219
vn -0.06569 -0.997 0.04123
vn 0.9364 -0.3006 0.1813
vn 0.9662 -0.08082 0.2447
vn 0.9662 -0.08082 0.2447
vn 0.2544 0.967 -0.0102
vn -0.8009 0.5749 0.1674
vn 0.801 -0.5749 -0.1669
f 1949//5880 1950//5887 1951//5889
f 1950//5883 1949//5879 1952//5900
f 1953//5905 1952//5892 1949//5882
f 1954//5907 1952//5893 1953//5904
f 1955//5914 1952//5894 1954//5906
f 1955//5913 1956//5921 1952//5895
f 1957//5930 1956//5922 1955//5919
f 1957//5929 1958//5932 1956//5923
f 1959//5942 1958//5933 1957//5928
f 1958//5934 1959//5941 1960//5944
f 1961//5950 1960//5944 1959//5941
f 1961//5949 1962//5951 1960//5945
f 1961//5948 1963//5958 1962//5952
f 1964//5961 1963//5956 1961//5948
f 1964//5960 1965//5964 1963//5957
f 1966//5970 1965//5964 1964//5960
f 1966//5969 1967//5973 1965//5965
f 1966//5968 1959//5939 1967//5974
f 1959//5940 1966//5967 1961//5947
f 1964//5959 1961//5947 1966//5971
f 1968//5979 1967//5972 1959//5939
f 1968//5978 1965//5965 1967//5973
f 1965//5966 1968//5977 1792//5722
f 1969//5981 1792//5722 1968//5977
f 1969//5982 1968//5976 1955//5917
f 1968//5975 1957//5926 1955//5918
f 1968//5980 1959//5938 1957//5927
f 1969//5983 1955//5916 1970//5989
f 1970//5990 1955//5915 1954//5912
f 1970//5986 1954//5911 1971//5996
f 1971//5991 1954//5910 1972//6001
f 1972//5997 1954//5909 1973//6006
f 1954//5908 1953//5903 1973//6007
f 1973//6002 1953//5902 1974//6014
f 1974//6015 1953//5901 1951//5891
f 1949//5881 1951//5888 1953//5901
f 1951//5890 1975//6019 1974//6008
f 1975//6020 1951//5889 1950//5887
f 1950//5886 1976//6027 1975//6016
f 1950//5885 1977//6031 1976//6021
f 1952//5899 1977//6028 1950//5884
f 1952//5898 1978//6037 1977//6029
f 1952//5897 1979//6045 1978//6032
f 1956//5920 1979//6038 1952//5896
f 1956//5925 1980//6050 1979//6039
f 1958//5931 1980//6046 1956//5924
f 1958//5937 1981//6055 1980//6047
f 1958//5936 1982//6060 1981//6051
f 1982//6056 1958//5935 1983//6065
f 1960//5943 1983//6061 1958//5935
f 1983//6062 1960//5946 1984//6070
f 1960//5946 1985//6076 1984//6066
f 1985//6071 1960//5945 1962//5951
f 1986//6081 1985//6072 1962//5955
f 1986//6080 1987//6083 1985//6073
f 1988//6094 1987//6084 1986//6079
f 1988//6093 1989//6096 1987//6085
f 1990//6109 1989//6097 1988//6092
f 1990//6108 1991//6111 1989//6098
f 1992//6120 1991//6112 1990//6107
f 1992//6119 1993//6122 1991//6113
f 1994//6134 1993//6123 1992//6118
f 1994//6133 1995//6136 1993//6124
f 1996//6139 1995//6137 1994//6132
f 1995//6135 1996//6138 1993//6125
f 1997//6145 1993//6125 1996//6138
f 1997//6144 1998//6151 1993//6126
f 1997//6149 1999//6161 1998//6152
f 2000//6167 1999//6156 1997//6148
f 2000//6166 2001//6169 1999//6157
f 2002//6179 2001//6170 2000//6165
f 2003//6181 2001//6171 2002//6178
f 2003//6180 2004//6187 2001//6172
f 2003//6185 2005//6197 2004//6188
f 2006//6202 2005//6190 2003//6184
f 2006//6201 2007//6204 2005//6191
f 2007//6205 2006//6200 2008//6215
f 2008//6210 2006//6199 2009//6220
f 2009//6221 2006//6198 2003//6183
f 2009//6222 2003//6182 2002//6177
f 2009//6216 2002//6176 2010//6228
f 2010//6223 2002//6175 2011//6235
f 2011//6236 2002//6174 2000//6164
f 2011//6229 2000//6163 2012//6240
f 2012//6241 2000//6162 1997//6147
f 2012//6242 1997//6146 1996//6143
f 2013//6248 2012//6237 1996//6142
f 2013//6247 2014//6250 2012//6238
f 2011//6231 2014//6251 2013//6246
f 2014//6249 2011//6230 2012//6239
f 2015//6253 2011//6232 2013//6245
f 2011//6233 2015//6252 2016//6259
f 2016//6260 2015//6257 2017//6270
f 2017//6265 2015//6256 2018//6276
f 2018//6271 2015//6255 2019//6280
f 2015//6254 2013//6244 2019//6281
f 2019//6282 2013//6243 2020//6286
f 1996//6141 2020//6286 2013//6243
f 2020//6287 1996//6140 1994//6131
f 2019//6283 2020//6285 1994//6130
f 2019//6284 1994//6129 1992//6117
f 2019//6277 1992//6116 2021//6291
f 2021//6292 1992//6115 1990//6106
f 2022//6298 2021//6288 1990//6105
f 2023//6302 2021//6289 2022//6297
f 2023//6301 2019//6278 2021//6290
f 2018//6272 2019//6279 2023//6300
f 2018//6273 2023//6299 2024//6305
f 2024//6306 2023//6303 2022//6296
f 2024//6307 2022//6295 2025//6313
f 2026//6315 2025//6309 2022//6295
f 2025//6310 2026//6316 2027//6321
f 2028//6326 2027//6321 2026//6316
f 2027//6320 2028//6327 2029//6332
f 2030//6339 2029//6332 2028//6327
f 2030//6338 2031//6340 2029//6331
f 2031//6341 2030//6337 2032//6345
f 2033//6351 2032//6345 2030//6337
f 2033//6350 1988//6090 2032//6346
f 2033//6349 1990//6103 1988//6091
f 2022//6293 1990//6104 2033//6353
f 2022//6294 2033//6352 2028//6328
f 2030//6336 2028//6328 2033//6352
f 2028//6329 2026//6317 2022//6295
f 2028//6325 2034//6354 2026//6318
f 2034//6355 2028//6324 2035//6362
f 2036//6364 2034//6356 2035//6361
f 2036//6363 2037//6367 2034//6357
f 2038//6371 2037//6367 2036//6363
f 2037//6366 2039//6376 2038//6370
f 2039//6373 2037//6365 2040//6378
f 2039//6374 2040//6377 2041//6381
f 2039//6375 2041//6380 2042//6383
f 2038//6369 2042//6384 2041//6379
f 2042//6382 2038//6370 2039//6376
f 2038//6372 1793//5723 2037//6368
f 1794//5724 2037//6368 1793//5723
f 2037//6367 2043//6387 2034//6357
f 2043//6387 2044//6391 2034//6357
f 2044//6390 2045//6393 2043//6386
f 2044//6389 2046//6398 2045//6394
f 2045//6395 2046//6397 2047//6400
f 2047//6401 2046//6396 2048//6404
f 2043//6385 2047//6402 2048//6403
f 2047//6399 2043//6386 2045//6393
f 2043//6388 1795//5725 2044//6392
f 1796//5726 2044//6392 1795//5725
f 2049//6406 2034//6357 2044//6391
f 2049//6405 2050//6408 2034//6358
f 2050//6407 2051//6410 2034//6359
f 2051//6409 2052//6416 2034//6360
f 2052//6415 2026//6314 2034//6354
f 2032//6347 1988//6089 2053//6419
f 2054//6424 2053//6417 1988//6089
f 2054//6423 1797//5727 2053//6418
f 1965//5962 1797//5727 2054//6423
f 2054//6422 2055//6427 1965//5963
f 2054//6421 1962//5953 2055//6428
f 2054//6420 1986//6077 1962//5954
f 1988//6088 1986//6078 2054//6425
f 2056//6432 2055//6426 1962//5953
f 2056//6431 1965//5963 2055//6427
f 2056//6430 1963//5957 1965//5964
f 2056//6429 1962//5952 1963//5958
f 2032//6348 2053//6418 1797//5727
f 2031//6342 2032//6344 2057//6434
f 2058//6439 2057//6434 2032//6344
f 2057//6435 2058//6438 2059//6441
f 2060//6450 2059//6441 2058//6438
f 2059//6442 2060//6449 2061//6455
f 2061//6455 2060//6448 2062//6464
f 2063//6472 2062//6465 2060//6447
f 2062//6463 2063//6471 2064//6476
f 2062//6466 2063//6473 2060//6446
f 2062//6462 2065//6483 2063//6475
f 2065//6480 2062//6461 2066//6488
f 2062//6460 2067//6494 2066//6484
f 2067//6495 2062//6459 2060//6453
f 2060//6452 2068//6500 2067//6489
f 2060//6451 2069//6502 2068//6496
f 2068//6497 2069//6501 2070//6504
f 2071//6510 2070//6504 2069//6501
f 2071//6509 2072//6516 2070//6505
f 2070//6506 2072//6515 2073//6521
f 2073//6522 2072//6514 2074//6531
f 2075//6534 2072//6513 2074//6532
f 2076//6543 2075//6539 2072//6511
f 2075//6540 2076//6542 2077//6545
f 2078//6551 2077//6545 2076//6542
f 2078//6550 2079//6553 2077//6546
f 2080//6555 2077//6546 2079//6553
f 2077//6548 2081//6564 2080//6554
f 2077//6544 2075//6537 2081//6566
f 2077//6549 2081//6567 2075//6538
f 2077//6547 2080//6560 2081//6565
f 2082//6578 2080//6561 2081//6563
f 2083//6581 2080//6559 2082//6578
f 2080//6558 2083//6583 2084//6588
f 2080//6557 2084//6589 2083//6584
f 2084//6593 2080//6556 2085//6597
f 2079//6552 2085//6597 2080//6556
f 2085//6596 2086//6601 2084//6594
f 2084//6591 2087//6606 2086//6599
f 2087//6609 2084//6595 2088//6613
f 2087//6607 2084//6592 2086//6600
f 2087//6603 2083//6585 2084//6590
f 2089//6615 2083//6585 2087//6603
f 2083//6586 2089//6614 2090//6622
f 2089//6620 2091//6632 2090//6623
f 2091//6626 2089//6619 2092//6638
f 2093//6643 2092//6633 2089//6619
f 2092//6634 2093//6642 2094//6645
f 2095//6657 2094//6645 2093//6642
f 2096//6658 2094//6645 2095//6657
f 2097//6662 2094//6645 2096//6658
f 2094//6646 2097//6661 2098//6665
f 2096//6660 2098//6665 2097//6663
f 2098//6666 2096//6659 2095//6656
f 2099//6674 2098//6667 2095//6655
f 2098//6668 2099//6673 2100//6676
f 2099//6672 2101//6685 2100//6677
f 2099//6671 2102//6689 2101//6680
f 2099//6670 2095//6654 2102//6690
f 2095//6653 2103//6692 2102//6686
f 2095//6652 2104//6696 2103//6691
f 2093//6641 2104//6697 2095//6651
f 2104//6693 2093//6640 2105//6700
f 2089//6618 2105//6701 2093//6639
f 2089//6617 2106//6707 2105//6698
f 2087//6604 2106//6708 2089//6616
f 2106//6702 2087//6605 2107//6714
f 2107//6714 2087//6605 2086//6598
f 2108//6715 2086//6602 2087//6608
f 2109//6718 2108//6715 2087//6608
f 2110//6724 2108//6715 2109//6718
f 2108//6716 2110//6723 2111//6728
f 2112//6734 2111//6728 2110//6727
f 2113//6738 2111//6728 2112//6734
f 2113//6737 2114//6742 2111//6729
f 2115//6752 2114//6743 2113//6741
f 2116//6754 2114//6744 2115//6751
f 2116//6753 2117//6759 2114//6745
f 2118//6772 2117//6760 2116//6757
f 2119//6774 2117//6761 2118//6771
f 2117//6762 2119//6773 2120//6779
f 2119//6777 2121//6788 2120//6780
f 2119//6776 2122//6794 2121//6783
f 2119//6775 2118//6770 2122//6795
f 2122//6789 2118//6769 2123//6800
f 2123//6796 2118//6768 2124//6806
f 2118//6767 2125//6810 2124//6801
f 2118//6766 2116//6756 2125//6811
f 2125//6812 2116//6755 2115//6750
f 2125//6807 2115//6749 2126//6818
f 2126//6813 2115//6748 2127//6822
f 2115//6747 2113//6740 2127//6823
f 2127//6819 2113//6739 2128//6827
f 2128//6828 2113//6738 2112//6734
f 2129//6833 2128//6824 2112//6734
f 2130//6837 2128//6825 2129//6832
f 2127//6820 2128//6826 2130//6836
f 2126//6814 2127//6821 2130//6835
f 2126//6815 2130//6834 2131//6841
f 2131//6842 2130//6839 2132//6849
f 2130//6838 2129//6831 2132//6850
f 2132//6845 2129//6830 2133//6855
f 2129//6829 2112//6733 2133//6856
f 2134//6858 2133//6851 2112//6732
f 2135//6864 2133//6851 2134//6858
f 2135//6863 2136//6867 2133//6852
f 2136//6868 2135//6862 2137//6873
f 2138//6879 2137//6873 2135//6862
f 2137//6872 1798//5728 2138//6881
f 1799//5729 1798//5728 2137//6872
f 2138//6876 1798//5728 1800//5730
f 1801//5731 1800//5730 1798//5728
f 2137//6875 2138//6880 2139//6886
f 2140//6891 2139//6886 2138//6877
f 2140//6890 2141//6894 2139//6885
f 2140//6889 2142//6899 2141//6895
f 2140//6888 2112//6736 2142//6898
f 2138//6878 2112//6736 2140//6888
f 2135//6861 2112//6736 2138//6878
f 2134//6859 2112//6736 2135//6861
f 2112//6731 2143//6906 2134//6860
f 2112//6730 2144//6908 2143//6900
f 2144//6907 2145//6910 2143//6901
f 2145//6909 2146//6913 2143//6902
f 2147//6915 2143//6902 2146//6913
f 2148//6921 2143//6902 2147//6915
f 2149//6923 2143//6902 2148//6921
f 2150//6928 2143//6902 2149//6923
f 2151//6930 2143//6903 2150//6927
f 2143//6904 2151//6929 2136//6866
f 2152//6932 2143//6905 2136//6865
f 2152//6931 2134//6857 2143//6906
f 2149//6924 2153//6933 2148//6920
f 2153//6934 2149//6925 2154//6938
f 2154//6937 2155//6940 2153//6935
f 2156//6944 2155//6941 2154//6936
f 2148//6919 2155//6942 2156//6943
f 2155//6939 2148//6920 2153//6933
f 2148//6922 1802//5732 2149//6926
f 1803//5733 2149//6926 1802//5732
f 2146//6912 2147//6916 2157//6946
f 2147//6918 2146//6914 1804//5734
f 1805//5735 1804//5734 2146//6914
f 2158//6951 2157//6946 2147//6916
f 2159//6953 2157//6947 2158//6950
f 2146//6911 2157//6945 2159//6952
f 2160//6955 2159//6954 2158//6949
f 2158//6948 2147//6917 2160//6956
f 2142//6897 2112//6736 2161//6958
f 2112//6736 2162//6962 2161//6958
f 2112//6735 2110//6726 2162//6963
f 2163//6967 2162//6963 2110//6726
f 2162//6965 2163//6966 1806//5736
f 2162//6964 2163//6969 2164//6971
f 2165//6978 2164//6971 2163//6969
f 2165//6977 2166//6981 2164//6972
f 2165//6976 2167//6984 2166//6982
f 2168//6988 2167//6984 2165//6976
f 2168//6990 2167//6983 2169//6992
f 2168//6989 2109//6719 2167//6985
f 2165//6975 2109//6719 2168//6987
f 2163//6968 2109//6719 2165//6975
f 2110//6725 2109//6719 2163//6968
f 2109//6719 2170//6996 2167//6985
f 2109//6720 2171//6999 2170//6995
f 2109//6721 2087//6609 2171//7000
f 2171//7000 2087//6609 2088//6613
f 2171//6999 2088//6612 2170//6994
f 2172//7004 2170//6994 2088//6612
f 2170//6993 2173//7008 2172//7006
f 1807//5737 2173//7008 2170//6993
f 2174//7009 2172//7001 2173//7008
f 2174//7010 1808//5738 2173//7007
f 2170//6997 2172//7005 2175//7015
f 2176//7020 2175//7015 2172//7002
f 2175//7014 2176//7019 2177//7024
f 2178//7028 2177//7024 2176//7019
f 2177//7023 1809//5739 2178//7027
f 2166//6980 1809//5739 2177//7022
f 2179//7033 1809//5739 2166//6980
f 2141//6893 1809//5739 2179//7032
f 2180//7040 1809//5739 2141//6893
f 1809//5739 2180//7040 1810//5740
f 2180//7040 2181//7043 1810//5740
f 2181//7045 2182//7048 2180//7039
f 2183//7053 2182//7048 2181//7045
f 2183//7051 2182//7049 2184//7055
f 2182//7050 2183//7054 2185//7059
f 2186//7064 2185//7059 2183//7052
f 2185//7058 2186//7063 2187//7067
f 2188//7073 2187//7067 2186//7063
f 2187//7066 2188//7074 2189//7078
f 2188//7074 2190//7083 2189//7078
f 2190//7084 2188//7075 2191//7089
f 2188//7070 2190//7082 2192//7090
f 2193//7093 2192//7090 2190//7082
f 2194//7096 2192//7090 2193//7093
f 2195//7100 2192//7090 2194//7096
f 2192//7091 2195//7099 1811//5741
f 1812//5742 1811//5741 2195//7099
f 2194//7097 2193//7092 2191//7089
f 2193//7095 2194//7098 2196//7101
f 2196//7101 2194//7098 2197//7106
f 2191//7088 2197//7106 2194//7098
f 2191//7087 2198//7113 2197//7107
f 2198//7112 2191//7086 2199//7117
f 2200//7120 2199//7117 2191//7086
f 2200//7119 2199//7115 1810//5740
f 2200//7122 2177//7026 2199//7118
f 2166//6979 2177//7021 2200//7122
f 2177//7025 2166//6982 2175//7013
f 2167//6984 2175//7012 2166//6982
f 2175//7011 2169//6992 2167//6983
f 2175//7016 2167//6985 2170//6996
f 2201//7125 2166//6979 2200//7122
f 2179//7034 2166//6979 2201//7125
f 2179//7036 2164//6972 2166//6981
f 2164//6973 2179//7037 2161//6959
f 2142//6899 2161//6959 2179//7035
f 2142//6896 2202//7130 2161//6957
f 2202//7130 2203//7131 2161//6960
f 2203//7132 2202//7129 1813//5743
f 1814//5744 1813//5743 2202//7129
f 2164//6970 2161//6960 2203//7131
f 2164//6974 2161//6958 2162//6962
f 2141//6895 2142//6899 2179//7035
f 2141//6892 2179//7034 2181//7042
f 2181//7042 2179//7034 2201//7125
f 2181//7043 2201//7124 1810//5740
f 2201//7126 2188//7072 2181//7046
f 2201//7127 2200//7121 2188//7071
f 2201//7128 2200//7123 1810//5740
f 2191//7085 2188//7071 2200//7121
f 2186//7062 2181//7046 2188//7072
f 2186//7061 2183//7053 2181//7045
f 2180//7041 2141//6892 2181//7044
f 2180//7038 2139//6884 2141//6894
f 2139//6883 2180//7039 2182//7047
f 2182//7049 2139//6882 2184//7055
f 2139//6887 2182//7050 2204//7133
f 2204//7133 2182//7050 2185//7059
f 2204//7134 2185//7060 2189//7081
f 2187//7068 2189//7081 2185//7060
f 2187//7069 2185//7057 1815//5745
f 2185//7057 1816//5746 1815//5745
f 1817//5747 1815//5745 1816//5746
f 1818//5748 2187//7065 1815//5745
f 2204//7135 2189//7080 2205//7143
f 2206//7148 2205//7137 2189//7080
f 2205//7138 2206//7147 2207//7150
f 2208//7159 2207//7151 2206//7146
f 2209//7161 2207//7152 2208//7158
f 2209//7160 2210//7167 2207//7153
f 2211//7177 2210//7168 2209//7165
f 2211//7176 2212//7179 2210//7169
f 2213//7189 2212//7180 2211//7175
f 2213//7188 2214//7191 2212//7181
f 2215//7201 2214//7192 2213//7187
f 2216//7203 2214//7193 2215//7200
f 2216//7202 2217//7209 2214//7194
f 2218//7218 2217//7210 2216//7207
f 2218//7217 2219//7220 2217//7211
f 2219//7221 2218//7216 2220//7230
f 2220//7225 2218//7215 2221//7234
f 2218//7214 2216//7206 2221//7235
f 2221//7231 2216//7205 2222//7240
f 2216//7204 2215//7199 2222//7241
f 2222//7236 2215//7198 2223//7250
f 2215//7197 2224//7254 2223//7242
f 2215//7196 2213//7186 2224//7255
f 2225//7263 2224//7251 2213//7185
f 2224//7252 2225//7262 2226//7265
f 2225//7261 2227//7277 2226//7266
f 2225//7260 2228//7281 2227//7271
f 2225//7259 2229//7286 2228//7278
f 2225//7258 2230//7290 2229//7282
f 2225//7257 2211//7173 2230//7291
f 2225//7256 2213//7184 2211//7174
f 2230//7292 2211//7172 2209//7164
f 2230//7287 2209//7163 2231//7296
f 2231//7297 2209//7162 2208//7157
f 2231//7293 2208//7156 2232//7303
f 2232//7298 2208//7155 2233//7309
f 2208//7154 2206//7145 2233//7308
f 2206//7144 2189//7079 2233//7307
f 2196//7104 2233//7306 2189//7079
f 2233//7305 2196//7103 2234//7315
f 2235//7323 2234//7315 2196//7103
f 2235//7324 2236//7326 2234//7318
f 2237//7332 2236//7326 2235//7322
f 2236//7327 2237//7333 2238//7340
f 2239//7345 2238//7340 2237//7333
f 2239//7344 2240//7350 2238//7339
f 2239//7343 2241//7353 2240//7349
f 2239//7342 2198//7111 2241//7354
f 2242//7356 2198//7111 2239//7342
f 2198//7110 2243//7361 2242//7358
f 2244//7366 2242//7358 2243//7361
f 2244//7364 2242//7357 2239//7346
f 2242//7359 2244//7365 2237//7333
f 2244//7363 2239//7345 2237//7333
f 2245//7369 2242//7359 2237//7333
f 2198//7114 2242//7359 2245//7369
f 2245//7368 2197//7107 2198//7113
f 2245//7367 1819//5749 2197//7109
f 1820//5750 1819//5749 2245//7367
f 1821//5751 1819//5749 1820//5750
f 1822//5752 2197//7105 1819//5749
f 2197//7108 2245//7370 2196//7102
f 2196//7102 2245//7370 2246//7372
f 2237//7334 2246//7372 2245//7370
f 2237//7336 2246//7371 2247//7379
f 2246//7373 2237//7335 2196//7103
f 2237//7331 2235//7323 2196//7103
f 2246//7371 2248//7382 2247//7379
f 2248//7381 2189//7077 2247//7380
f 2189//7076 2249//7384 2247//7374
f 2249//7383 2250//7386 2247//7375
f 2250//7385 2251//7389 2247//7376
f 2252//7391 2247//7376 2251//7389
f 2253//7397 2247//7376 2252//7391
f 2254//7399 2247//7376 2253//7397
f 2255//7404 2247//7376 2254//7399
f 2255//7403 2256//7406 2247//7377
f 2256//7405 2237//7330 2247//7378
f 2253//7396 2254//7400 2257//7408
f 2254//7402 2253//7398 1823//5753
f 1824//5754 1823//5753 2253//7398
f 2258//7413 2257//7408 2254//7400
f 2257//7409 2258//7412 2259//7415
f 2259//7416 2258//7411 2254//7401
f 2257//7410 2259//7414 2260//7418
f 2257//7407 2260//7417 2253//7395
f 2251//7388 2252//7392 2261//7420
f 2252//7394 2251//7390 1825//5755
f 1826//5756 1825//5755 2251//7390
f 2262//7425 2261//7420 2252//7392
f 2261//7421 2262//7424 2263//7427
f 2263//7428 2262//7423 2264//7429
f 2264//7430 2262//7422 2252//7393
f 2261//7419 2263//7426 2251//7387
f 2265//7431 2244//7362 2243//7361
f 2243//7360 2265//7432 1827//5757
f 1828//5758 1827//5757 2265//7432
f 2199//7116 2241//7354 2198//7111
f 2199//7115 2241//7352 1810//5740
f 2199//7118 2178//7030 2241//7355
f 2177//7026 2178//7030 2199//7118
f 2178//7030 2266//7435 2241//7355
f 2178//7029 2176//7018 2266//7433
f 2267//7438 2266//7433 2176//7018
f 2266//7434 2267//7439 2268//7445
f 2269//7452 2268//7445 2267//7439
f 2268//7446 2269//7451 2270//7454
f 2271//7459 2270//7454 2269//7451
f 2270//7454 2271//7459 2272//7465
f 2271//7458 2273//7469 2272//7467
f 2274//7470 2272//7461 2273//7469
f 2273//7468 1829//5759 2274//7471
f 1830//5760 2274//7471 1829//5759
f 2271//7460 2275//7473 2272//7466
f 2276//7480 2275//7473 2271//7460
f 2275//7474 2276//7479 2082//6576
f 2277//7486 2082//6576 2276//7478
f 2082//6577 2277//7485 2278//7490
f 2267//7441 2278//7490 2277//7484
f 2278//7491 2267//7442 2176//7018
f 2267//7443 2278//7489 2279//7493
f 2280//7494 2279//7493 2278//7489
f 2280//7495 2278//7491 2176//7018
f 2280//7496 2082//6577 2278//7490
f 2088//6611 2082//6577 2280//7496
f 2088//6610 2083//6581 2082//6578
f 2088//6613 2084//6595 2083//6582
f 2176//7017 2088//6611 2280//7496
f 2172//7003 2088//6611 2176//7017
f 2281//7497 2267//7437 2279//7493
f 2279//7492 1831//5761 2281//7498
f 1832//5762 2281//7498 1831//5761
f 2267//7440 2277//7483 2269//7449
f 2276//7481 2269//7449 2277//7487
f 2269//7450 2276//7480 2271//7460
f 2276//7477 1833//5763 2277//7488
f 1834//5764 1833//5763 2276//7477
f 1835//5765 1833//5763 1834//5764
f 1836//5766 2277//7482 1833//5763
f 2275//7475 2082//6575 2074//6527
f 2074//6527 2082//6579 2075//6536
f 2082//6579 2081//6568 2075//6536
f 2282//7501 2075//6541 2081//6571
f 2074//6528 2075//6541 2282//7501
f 2074//6533 2072//6512 2075//6535
f 2275//7476 2074//6526 2072//6518
f 2283//7507 2275//7472 2072//6518
f 2283//7506 2284//7510 2275//7473
f 2284//7509 2283//7505 2285//7514
f 2286//7519 2285//7514 2283//7505
f 2285//7513 2286//7518 2287//7523
f 2288//7528 2287//7523 2286//7518
f 2287//7522 2288//7527 2289//7532
f 2290//7538 2289//7532 2288//7527
f 2290//7537 2291//7540 2289//7531
f 2290//7536 1970//5987 2291//7541
f 2290//7535 2288//7526 1970//5988
f 1969//5984 1970//5988 2288//7526
f 2288//7525 2286//7517 1969//5985
f 2292//7545 1969//5985 2286//7517
f 2286//7520 2283//7504 2292//7546
f 2072//6517 2292//7546 2283//7504
f 1971//5995 2291//7541 1970//5987
f 2291//7542 1971//5994 2293//7548
f 2294//7554 2293//7548 1971//5994
f 2294//7553 2295//7556 2293//7549
f 2296//7562 2295//7556 2294//7553
f 2296//7564 2295//7555 1837//5767
f 2295//7558 2296//7563 2297//7566
f 2298//7572 2297//7566 2296//7560
f 2297//7567 2298//7571 2299//7577
f 2300//7580 2299//7577 2298//7571
f 2299//7575 1838//5768 2300//7579
f 2301//7586 1838//5768 2299//7575
f 2302//7590 1838//5768 2301//7586
f 1838//5768 2302//7590 1839//5769
f 2303//7593 1839//5769 2302//7590
f 2270//7456 1839//5769 2303//7593
f 2268//7447 1839//5769 2270//7456
f 2266//7436 1839//5769 2268//7447
f 1809//5739 1839//5769 2266//7436
f 2178//7031 1809//5739 2266//7436
f 2266//7435 2268//7444 2304//7596
f 2304//7596 2268//7448 2300//7582
f 2268//7448 2270//7453 2300//7582
f 2300//7582 2270//7457 2299//7578
f 2270//7457 2303//7594 2299//7578
f 2303//7592 2270//7455 2305//7605
f 2272//7464 2305//7601 2270//7455
f 2272//7463 2284//7511 2305//7602
f 2272//7462 2275//7473 2284//7510
f 2285//7515 2305//7602 2284//7511
f 2305//7603 2285//7513 2306//7607
f 2306//7607 2285//7513 2307//7614
f 2307//7614 2285//7513 2287//7523
f 2287//7524 2289//7533 2307//7613
f 2289//7534 2287//7521 1840//5770
f 2287//7521 1841//5771 1840//5770
f 1842//5772 1840//5770 1841//5771
f 1843//5773 2289//7529 1840//5770
f 2308//7620 2307//7612 2289//7530
f 2307//7611 2308//7619 2302//7588
f 2301//7585 2302//7588 2308//7619
f 2302//7591 2301//7587 2303//7594
f 2299//7578 2303//7594 2301//7587
f 2299//7576 2301//7584 2297//7568
f 2297//7568 2301//7584 2309//7622
f 2309//7622 2301//7584 2310//7626
f 2310//7626 2301//7584 2311//7630
f 2308//7618 2311//7630 2301//7584
f 2308//7617 2289//7531 2311//7631
f 2311//7631 2289//7531 2295//7557
f 2295//7557 2289//7531 2291//7540
f 2291//7543 2293//7549 2295//7556
f 2291//7544 2293//7547 2312//7633
f 2313//7640 2312//7633 2293//7547
f 2313//7639 2314//7641 2312//7634
f 2315//7647 2312//7634 2314//7645
f 2315//7646 2316//7653 2312//7635
f 2316//7652 2317//7655 2312//7636
f 2317//7654 2318//7656 2312//7637
f 2319//7662 2318//7656 2317//7654
f 2319//7661 2318//7659 2320//7667
f 2318//7657 2319//7663 1844//5774
f 1845//5775 1844//5774 2319//7663
f 2321//7671 2320//7664 2318//7659
f 2320//7665 2321//7670 2322//7673
f 2322//7674 2321//7669 2323//7675
f 2321//7668 2318//7658 2323//7676
f 2320//7666 2322//7672 2319//7660
f 2318//7656 2324//7679 2312//7637
f 2324//7679 2325//7681 2312//7637
f 2324//7678 2325//7684 2326//7686
f 2325//7682 2324//7680 1846//5776
f 1847//5777 1846//5776 2324//7680
f 2327//7691 2326//7686 2325//7684
f 2327//7690 2328//7693 2326//7687
f 2327//7689 2325//7683 2328//7694
f 2326//7688 2328//7692 2329//7696
f 2324//7677 2326//7685 2329//7695
f 2330//7698 2312//7637 2325//7681
f 2330//7697 2331//7700 2312//7638
f 2331//7699 2291//7539 2312//7632
f 2315//7648 2296//7561 2314//7643
f 2332//7703 2296//7561 2315//7648
f 2333//7708 2296//7561 2332//7703
f 2298//7573 2296//7561 2333//7708
f 2333//7709 2240//7348 2298//7574
f 2334//7712 2240//7348 2333//7709
f 2240//7347 2335//7715 2334//7713
f 2336//7718 2335//7715 2240//7347
f 2335//7716 1848//5778 2336//7717
f 1849//5779 2336//7717 1848//5778
f 2333//7707 2334//7713 2335//7715
f 2334//7714 2333//7710 2332//7703
f 2240//7351 2334//7711 2332//7703
f 2332//7704 2238//7338 2240//7350
f 2238//7337 1850//5780 2332//7706
f 1851//5781 1850//5780 2238//7337
f 1852//5782 1850//5780 1851//5781
f 1853//5783 2332//7701 1850//5780
f 2238//7341 2332//7705 2236//7328
f 2315//7649 2236//7328 2332//7702
f 2236//7329 2315//7650 2337//7720
f 2315//7650 2338//7726 2337//7720
f 2315//7651 2314//7644 2338//7727
f 2314//7642 2294//7551 2338//7727
f 2294//7552 2314//7643 2296//7561
f 2339//7732 2338//7721 2294//7551
f 2339//7731 2340//7734 2338//7722
f 2339//7730 2341//7742 2340//7735
f 2339//7729 1971//5993 2341//7743
f 2339//7728 2294//7550 1971//5994
f 1971//5992 1972//6000 2341//7739
f 2341//7740 1972//5999 2342//7751
f 1972//5998 1973//6005 2342//7744
f 1973//6004 2343//7757 2342//7745
f 1973//6003 1974//6013 2343//7752
f 2343//7753 1974//6012 2344//7760
f 1974//6011 2345//7766 2344//7758
f 1974//6010 2346//7772 2345//7761
f 1974//6009 1975//6018 2346//7767
f 1975//6017 1976//6026 2346//7768
f 2346//7769 1976//6025 2347//7778
f 1976//6024 2348//7784 2347//7773
f 1976//6023 1978//6035 2348//7779
f 1977//6030 1978//6036 1976//6022
f 1978//6034 2349//7788 2348//7780
f 1978//6033 1979//6044 2349//7785
f 2349//7786 1979//6043 2350//7795
f 1979//6042 2351//7800 2350//7789
f 2352//7806 2351//7796 1979//6041
f 2352//7805 2353//7808 2351//7797
f 2352//7804 2354//7817 2353//7809
f 1981//6053 2354//7818 2352//7803
f 2354//7814 1981//6052 2355//7822
f 1982//6059 2355//7819 1981//6052
f 1982//6058 2356//7830 2355//7820
f 1983//6064 2356//7823 1982//6057
f 1983//6063 1984//6069 2356//7824
f 1984//6068 2357//7833 2356//7825
f 1984//6067 2358//7838 2357//7831
f 2358//7834 1984//6066 1985//6076
f 2359//7843 2358//7835 1985//6075
f 2359//7842 2360//7845 2358//7836
f 2359//7841 2361//7856 2360//7846
f 1987//6087 2361//7857 2359//7840
f 1989//6095 2361//7850 1987//6086
f 1989//6102 2362//7863 2361//7851
f 2363//7867 2362//7858 1989//6101
f 2363//7866 2364//7871 2362//7859
f 2365//7879 2364//7872 2363//7865
f 2366//7883 2364//7873 2365//7878
f 2366//7882 1998//6155 2364//7874
f 1993//6127 1998//6150 2366//7881
f 2366//7880 2367//7885 1993//6128
f 2366//7884 2365//7877 2367//7886
f 2368//7889 2367//7886 2365//7877
f 2368//7888 1991//6114 2367//7887
f 2369//7891 1991//6114 2368//7888
f 1991//6110 2369//7890 1989//6099
f 2365//7876 1989//6099 2369//7890
f 2365//7875 2363//7864 1989//6100
f 2369//7892 2368//7889 2365//7877
f 1991//6114 1993//6121 2367//7885
f 1998//6154 2370//7898 2364//7868
f 1998//6153 1999//6160 2370//7893
f 1999//6159 2371//7905 2370//7894
f 1999//6158 2001//6168 2371//7899
f 2001//6173 2004//6186 2371//7900
f 2004//6189 2005//6196 2371//7901
f 2371//7902 2005//6195 2372//7911
f 2372//7906 2005//6194 2373//7919
f 2005//6193 2374//7924 2373//7912
f 2007//6203 2374//7920 2005//6192
f 2007//6209 2375//7929 2374//7921
f 2376//7935 2375//7925 2007//6208
f 2375//7926 2376//7934 2377//7937
f 2378//7945 2377//7937 2376//7934
f 2377//7938 2378//7944 2379//7947
f 2378//7943 2380//7957 2379//7948
f 2378//7942 2381//7961 2380//7951
f 2381//7958 2378//7941 2382//7968
f 2376//7933 2382//7968 2378//7941
f 2382//7962 2376//7932 2383//7973
f 2384//7979 2383//7969 2376//7932
f 2385//7981 2383//7970 2384//7978
f 2386//7988 2383//7971 2385//7980
f 2386//7987 2382//7963 2383//7972
f 2382//7964 2386//7986 2387//7991
f 2387//7992 2386//7989 2385//7985
f 2387//7993 2385//7984 2388//7999
f 2388//7996 2385//7983 2389//8007
f 2385//7982 2384//7977 2389//8008
f 2389//8000 2384//7976 2390//8013
f 2384//7975 2391//8018 2390//8014
f 2376//7931 2391//8019 2384//7974
f 2391//8020 2376//7930 2007//6207
f 2391//8016 2007//6206 2008//6214
f 2391//8017 2008//6213 2390//8015
f 2390//8009 2008//6212 2392//8025
f 2392//8021 2008//6211 2009//6219
f 2392//8022 2009//6218 2393//8032
f 2393//8026 2009//6217 2010//6227
f 2394//8038 2393//8027 2010//6226
f 2395//8040 2393//8028 2394//8037
f 2395//8039 2396//8045 2393//8029
f 2397//8060 2396//8046 2395//8043
f 2397//8059 2398//8062 2396//8047
f 2399//8072 2398//8063 2397//8058
f 2399//8071 2400//8076 2398//8064
f 2401//8079 2400//8077 2399//8070
f 2400//8078 2401//8083 2402//8089
f 2403//8098 2400//8073 2401//8084
f 2403//8097 2404//8109 2400//8074
f 2404//8111 2405//8118 2403//8103
f 2406//8124 2405//8119 2404//8112
f 2407//8135 2406//8123 2405//8121
f 2408//8146 2406//8132 2407//8134
f 2408//8145 2409//8151 2406//8131
f 2408//8144 2409//8152 2410//8156
f 2409//8150 2408//8148 2411//8163
f 2412//8166 2411//8163 2408//8148
f 2412//8170 2413//8177 2411//8159
f 2414//8180 2413//8178 2412//8171
f 2415//8189 2413//8173 2414//8185
f 2413//8174 2415//8188 2416//8195
f 2417//8199 2416//8195 2415//8193
f 2417//8202 2418//8211 2416//8196
f 2417//8203 2419//8222 2418//8210
f 2420//8227 2417//8204 2419//8223
f 2420//8226 2414//8183 2417//8205
f 2420//8230 2414//8182 2421//8238
f 2422//8246 2414//8187 2420//8225
f 2422//8245 2415//8190 2414//8186
f 2423//8252 2415//8191 2422//8244
f 2415//8192 2423//8251 2417//8200
f 2417//8201 2423//8255 2419//8216
f 2423//8254 2424//8257 2419//8217
f 2423//8253 2422//8243 2424//8258
f 2424//8259 2422//8242 2425//8268
f 2424//8260 2425//8267 2426//8271
f 2426//8272 2425//8266 2427//8281
f 2425//8265 2428//8287 2427//8277
f 2425//8264 2429//8294 2428//8282
f 2425//8263 2430//8298 2429//8288
f 2430//8295 2425//8262 2431//8306
f 2432//8313 2431//8299 2425//8262
f 2431//8300 2432//8312 2433//8319
f 2433//8318 2432//8311 2434//8329
f 2434//8330 2432//8310 2435//8334
f 2436//8343 2435//8334 2432//8310
f 2436//8342 2437//8344 2435//8335
f 2436//8341 2438//8354 2437//8345
f 2438//8350 2436//8340 2439//8357
f 2439//8358 2436//8339 2432//8309
f 2439//8355 2432//8308 2440//8361
f 2441//8362 2440//8361 2432//8308
f 2441//8363 2432//8307 2425//8262
f 2438//8351 2439//8356 2440//8360
f 2438//8352 2440//8359 2442//8365
f 2443//8370 2442//8365 2440//8359
f 2442//8366 2443//8369 2444//8372
f 2445//8378 2444//8372 2443//8369
f 2444//8373 2445//8377 2446//8382
f 2446//8383 2445//8376 2422//8249
f 2422//8250 2445//8375 2440//8359
f 2445//8379 2443//8368 2440//8359
f 2422//8249 2447//8387 2446//8380
f 2447//8384 2422//8248 2448//8392
f 2422//8247 2420//8234 2448//8393
f 2448//8394 2420//8233 2399//8068
f 2420//8232 2401//8080 2399//8069
f 2420//8231 2421//8237 2401//8081
f 2449//8397 2421//8240 2420//8229
f 2449//8396 2418//8208 2421//8241
f 2449//8399 2418//8209 2419//8222
f 2418//8215 2449//8395 2405//8114
f 2449//8400 2419//8221 2405//8115
f 2419//8224 2449//8398 2420//8228
f 2405//8116 2419//8220 2450//8402
f 2450//8403 2419//8219 2451//8409
f 2419//8218 2424//8256 2451//8410
f 2451//8411 2424//8261 2452//8417
f 2426//8270 2452//8417 2424//8261
f 2426//8275 2403//8100 2452//8419
f 2453//8421 2403//8100 2426//8275
f 2403//8099 2401//8085 2453//8422
f 2426//8276 2453//8422 2401//8085
f 2426//8274 2454//8424 2453//8423
f 2454//8425 2426//8273 2427//8280
f 2454//8426 2427//8279 2455//8437
f 2427//8278 2428//8286 2455//8431
f 2455//8432 2428//8285 2456//8443
f 2428//8284 2457//8448 2456//8438
f 2428//8283 2429//8293 2457//8444
f 2457//8445 2429//8292 2458//8454
f 2429//8291 2459//8457 2458//8449
f 2459//8458 2429//8290 2460//8464
f 2461//8471 2460//8464 2429//8290
f 2461//8470 2462//8480 2460//8465
f 2462//8481 2461//8469 2463//8489
f 2463//8489 2461//8469 2464//8498
f 2465//8506 2464//8498 2461//8469
f 2465//8505 2466//8507 2464//8499
f 2465//8504 2467//8514 2466//8508
f 2467//8513 2468//8515 2466//8509
f 2468//8516 2467//8512 2469//8523
f 2470//8525 2468//8517 2469//8522
f 2471//8529 2468//8518 2470//8524
f 2468//8519 2471//8528 2472//8534
f 2472//8534 2471//8533 2473//8543
f 2474//8546 2473//8538 2471//8533
f 2473//8539 2474//8545 2475//8551
f 2474//8544 2471//8532 2475//8552
f 2475//8547 2471//8531 2476//8556
f 2471//8530 2470//8527 2476//8557
f 2477//8563 2476//8557 2470//8527
f 2477//8562 2478//8566 2476//8558
f 2477//8561 2479//8569 2478//8567
f 2479//8570 2477//8560 2469//8521
f 2470//8526 2469//8521 2477//8560
f 2480//8573 2478//8567 2479//8569
f 2480//8572 2429//8288 2478//8568
f 2480//8571 2461//8472 2429//8289
f 2430//8298 2478//8564 2429//8288
f 2476//8559 2478//8565 2430//8297
f 2476//8553 2430//8296 2481//8580
f 2431//8305 2481//8574 2430//8296
f 2482//8585 2481//8575 2431//8304
f 2482//8584 2483//8587 2481//8576
f 2484//8595 2483//8588 2482//8583
f 2483//8589 2484//8594 2485//8597
f 2484//8593 2486//8603 2485//8598
f 2486//8604 2484//8592 2482//8582
f 2486//8605 2482//8581 2431//8303
f 2487//8611 2486//8601 2431//8302
f 2488//8613 2486//8602 2487//8610
f 2488//8612 2489//8615 2486//8603
f 2489//8616 2488//8614 2487//8609
f 2490//8624 2489//8617 2487//8608
f 2491//8627 2489//8618 2490//8623
f 2492//8631 2489//8619 2491//8626
f 2489//8615 2492//8630 2486//8603
f 2492//8630 2493//8634 2486//8603
f 2493//8635 2492//8633 2494//8641
f 2495//8644 2494//8641 2492//8633
f 2495//8643 2433//8316 2494//8642
f 2496//8645 2433//8316 2495//8643
f 2490//8621 2433//8316 2496//8645
f 2433//8315 2490//8620 2497//8650
f 2487//8607 2497//8650 2490//8625
f 2487//8606 2431//8301 2497//8651
f 2433//8320 2497//8651 2431//8301
f 2497//8652 2498//8655 2433//8322
f 2498//8656 2497//8653 2499//8661
f 2500//8663 2499//8658 2497//8653
f 2499//8659 2500//8662 2501//8667
f 2502//8671 2501//8667 2500//8662
f 2502//8670 2435//8336 2501//8668
f 2435//8337 2502//8669 2434//8324
f 2503//8675 2435//8333 2434//8331
f 2503//8674 2501//8665 2435//8338
f 2503//8673 2498//8657 2501//8666
f 2498//8654 2503//8672 2433//8323
f 2434//8327 2433//8321 2503//8672
f 2434//8328 2504//8676 2433//8317
f 2447//8386 2504//8676 2434//8326
f 2504//8677 2447//8385 2448//8391
f 2504//8678 2448//8390 2505//8686
f 2505//8687 2448//8389 2397//8056
f 2448//8388 2399//8067 2397//8057
f 2505//8682 2397//8055 2506//8691
f 2397//8054 2395//8042 2506//8692
f 2506//8693 2395//8041 2394//8036
f 2506//8688 2394//8035 2507//8698
f 2507//8699 2394//8034 2016//6263
f 2394//8033 2010//6225 2016//6264
f 2010//6224 2011//6234 2016//6258
f 2507//8694 2016//6262 2508//8705
f 2508//8700 2016//6261 2017//6269
f 2508//8701 2017//6268 2509//8711
f 2017//6267 2510//8716 2509//8706
f 2017//6266 2018//6275 2510//8712
f 2510//8713 2018//6274 2024//6304
f 2510//8714 2024//6308 2051//6414
f 2025//6312 2051//6414 2024//6308
f 2025//6311 2511//8719 2051//6411
f 2511//8718 2025//6310 2027//6321
f 2027//6323 2511//8717 1854//5784
f 2027//6322 2512//8723 2511//8720
f 2512//8722 2027//6320 2513//8727
f 2513//8727 2027//6320 2514//8732
f 2514//8732 2027//6320 2029//6332
f 2515//8737 2514//8732 2029//6332
f 2515//8736 2516//8739 2514//8731
f 2516//8740 2515//8735 2517//8743
f 2518//8750 2517//8743 2515//8735
f 2517//8744 2518//8749 2519//8753
f 2520//8760 2519//8754 2518//8748
f 2521//8763 2519//8754 2520//8760
f 2519//8755 2521//8762 2522//8768
f 2523//8775 2522//8768 2521//8766
f 2523//8774 2524//8780 2522//8769
f 2525//8783 2524//8780 2523//8773
f 2524//8778 2525//8782 2526//8786
f 2524//8781 2525//8784 2061//6458
f 2525//8784 2527//8788 2061//6458
f 2527//8789 2525//8783 2523//8773
f 2527//8791 2526//8786 2525//8785
f 2523//8772 2526//8786 2527//8791
f 2528//8793 2526//8786 2523//8772
f 2526//8787 2528//8792 1855//5785
f 1856//5786 1855//5785 2528//8792
f 2527//8790 2523//8777 2061//6458
f 2523//8777 2529//8795 2061//6458
f 2523//8776 2521//8765 2529//8796
f 2530//8800 2529//8796 2521//8765
f 2529//8798 2530//8799 1857//5787
f 2529//8797 2530//8802 2059//6444
f 2057//6436 2059//6440 2530//8802
f 2530//8801 2531//8806 2057//6437
f 2518//8752 2531//8806 2530//8801
f 2518//8751 2515//8734 2531//8805
f 2029//6333 2531//8804 2515//8734
f 2531//8803 1858//5788 2029//6335
f 1859//5789 1858//5788 2531//8803
f 1858//5788 1860//5790 2029//6335
f 1861//5791 2029//6330 1860//5790
f 2531//8807 2029//6334 2031//6340
f 2031//6343 2057//6433 2531//8806
f 2520//8761 2518//8752 2530//8801
f 2520//8758 2518//8747 2532//8808
f 2533//8811 2532//8808 2518//8747
f 2532//8809 2533//8810 1862//5792
f 1863//5793 1862//5792 2533//8810
f 2521//8764 2520//8759 2530//8801
f 2059//6443 2061//6454 2529//8795
f 2530//8799 1864//5794 1857//5787
f 1865//5795 1857//5787 1864//5794
f 1866//5796 2529//8794 1857//5787
f 2534//8814 2524//8779 2061//6458
f 2535//8817 2524//8779 2534//8814
f 2524//8780 2535//8816 2522//8769
f 2536//8821 2522//8769 2535//8816
f 2522//8770 1867//5797 2536//8823
f 2519//8756 1867//5797 2522//8770
f 2517//8745 1867//5797 2519//8756
f 2516//8738 1867//5797 2517//8745
f 1867//5797 2516//8738 1868//5798
f 2537//8826 1868//5798 2516//8738
f 2538//8830 1868//5798 2537//8826
f 2539//8835 1868//5798 2538//8830
f 2540//8838 1868//5798 2539//8835
f 1869//5799 1868//5798 2540//8838
f 2541//8843 1869//5799 2540//8838
f 2542//8849 1869//5799 2541//8843
f 2543//8853 1869//5799 2542//8849
f 2544//8856 1869//5799 2543//8853
f 2545//8861 1869//5799 2544//8856
f 2546//8867 1869//5799 2545//8861
f 1869//5799 2546//8867 1870//5800
f 2546//8867 2547//8871 1870//5800
f 2546//8866 2547//8869 2548//8874
f 2546//8868 2545//8860 2547//8872
f 2545//8864 2546//8865 2549//8881
f 2548//8873 2549//8881 2546//8865
f 2549//8880 2548//8876 2550//8885
f 2551//8889 2550//8885 2548//8876
f 2551//8888 1871//5801 2550//8887
f 1872//5802 1871//5801 2551//8888
f 1871//5801 1873//5803 2550//8887
f 1874//5804 2550//8883 1873//5803
f 2550//8886 2551//8891 2552//8893
f 2553//8899 2552//8893 2551//8891
f 2553//8898 2554//8900 2552//8894
f 2554//8901 2553//8897 2555//8910
f 2556//8914 2555//8905 2553//8897
f 2556//8913 2557//8916 2555//8906
f 2556//8912 2558//8925 2557//8917
f 2556//8911 2559//8927 2558//8924
f 2560//8930 2559//8927 2556//8911
f 2559//8928 2560//8931 2547//8869
f 2559//8926 2560//8929 2561//8933
f 2562//8935 2561//8933 2560//8929
f 2561//8932 1875//5805 2562//8934
f 1876//5806 2562//8934 1875//5805
f 2563//8936 2559//8926 2561//8933
f 2563//8939 2559//8928 2547//8869
f 2563//8940 2558//8923 2559//8927
f 2558//8922 2563//8937 2564//8944
f 2565//8950 2564//8944 2563//8937
f 2564//8943 2565//8949 2566//8951
f 2565//8949 2567//8956 2566//8951
f 2567//8957 2565//8948 2568//8961
f 2568//8961 2565//8948 2569//8965
f 2569//8965 2565//8948 2570//8969
f 2565//8948 2571//8974 2570//8969
f 2565//8947 2563//8938 2571//8975
f 2547//8870 2571//8975 2563//8938
f 2547//8871 2571//8976 1870//5800
f 2547//8872 2544//8855 2571//8973
f 2545//8862 2544//8855 2547//8872
f 2544//8859 2545//8863 2572//8978
f 2573//8982 2572//8978 2545//8863
f 2572//8979 2573//8983 2574//8987
f 2575//8990 2574//8987 2573//8983
f 2576//8997 2574//8987 2575//8990
f 2576//8996 2577//8998 2574//8988
f 2577//8999 2576//8995 2578//9007
f 2579//9013 2578//9002 2576//8995
f 2579//9012 2580//9015 2578//9003
f 2581//9024 2580//9016 2579//9011
f 2581//9023 2582//9026 2580//9017
f 2581//9022 2583//9036 2582//9027
f 2584//9042 2583//9031 2581//9021
f 2584//9041 2585//9044 2583//9032
f 2586//9054 2585//9045 2584//9040
f 2586//9053 2587//9056 2585//9046
f 2587//9057 2586//9052 2588//9066
f 2588//9061 2586//9051 2589//9072
f 2586//9050 2590//9078 2589//9067
f 2586//9049 2584//9039 2590//9079
f 2590//9073 2584//9038 2591//9083
f 2584//9037 2581//9020 2591//9084
f 2591//9085 2581//9019 2579//9010
f 2591//9080 2579//9009 2592//9090
f 2579//9008 2576//8994 2592//9091
f 2552//8895 2592//9091 2576//8994
f 2592//9086 2552//8894 2554//8900
f 2593//9099 2592//9087 2554//8904
f 2594//9103 2592//9088 2593//9098
f 2594//9102 2591//9081 2592//9089
f 2590//9074 2591//9082 2594//9101
f 2595//9106 2590//9075 2594//9100
f 2590//9076 2595//9105 2596//9111
f 2596//9112 2595//9109 2597//9120
f 2597//9121 2595//9108 2593//9096
f 2595//9107 2594//9104 2593//9097
f 2597//9117 2593//9095 2598//9127
f 2598//9122 2593//9094 2599//9133
f 2593//9093 2600//9138 2599//9128
f 2593//9092 2554//8903 2600//9139
f 2600//9134 2554//8902 2555//8909
f 2600//9135 2555//8908 2601//9145
f 2601//9140 2555//8907 2602//9149
f 2602//9146 2555//8906 2557//8916
f 2603//9155 2602//9146 2557//8920
f 2604//9158 2602//9147 2603//9154
f 2601//9141 2602//9148 2604//9157
f 2601//9142 2604//9156 2605//9162
f 2605//9163 2604//9160 2606//9171
f 2604//9159 2603//9153 2606//9172
f 2606//9167 2603//9152 2607//9177
f 2603//9151 2608//9178 2607//9173
f 2608//9179 2603//9150 2557//8920
f 2609//9180 2608//9179 2557//8920
f 2557//8919 2566//8954 2609//9181
f 2557//8918 2564//8942 2566//8951
f 2564//8945 2557//8917 2558//8925
f 2564//8946 2558//8921 1877//5807
f 2558//8921 1878//5808 1877//5807
f 1879//5809 1877//5807 1878//5808
f 1880//5810 2564//8941 1877//5807
f 2610//9182 2609//9181 2566//8954
f 2611//9186 2610//9182 2566//8954
f 2612//9194 2610//9183 2611//9188
f 2612//9193 2611//9189 2610//9184
f 2611//9187 2613//9201 2612//9195
f 2566//8953 2613//9201 2611//9187
f 2566//8952 2614//9208 2613//9202
f 2566//8951 2569//8967 2614//9207
f 2568//8962 2569//8964 2566//8951
f 2568//8963 2569//8966 2615//9210
f 2570//8968 2615//9210 2569//8966
f 2570//8972 2614//9206 2569//8967
f 2614//9205 2570//8971 2616//9213
f 2617//9219 2616//9213 2570//8971
f 2616//9212 2617//9218 2613//9203
f 2617//9218 2618//9221 2613//9203
f 2618//9222 2617//9217 2619//9224
f 2620//9228 2619//9224 2617//9217
f 2620//9227 2619//9225 1870//5800
f 2620//9230 2541//8842 2619//9226
f 2542//8850 2541//8842 2620//9230
f 2542//8847 2621//9232 2541//8846
f 2621//9233 2542//8848 2622//9237
f 2543//8851 2622//9237 2542//8848
f 2543//8852 2544//8858 2622//9238
f 2544//8857 2543//8854 2571//8973
f 2571//8973 2543//8854 2623//9243
f 2543//8854 2542//8850 2623//9243
f 2623//9243 2542//8850 2620//9230
f 2623//9244 2620//9231 1870//5800
f 2620//9229 2617//9216 2623//9245
f 2570//8970 2623//9245 2617//9216
f 2623//9242 2570//8969 2571//8974
f 2571//8976 2623//9244 1870//5800
f 2572//8977 2622//9238 2544//8858
f 2622//9239 2572//8980 2624//9248
f 2574//8986 2624//9248 2572//8980
f 2574//8985 1881//5811 2624//9250
f 1882//5812 1881//5811 2574//8985
f 1883//5813 1882//5812 2574//8985
f 1884//5814 2624//9246 1881//5811
f 2624//9249 2574//8988 2577//8998
f 2624//9247 2577//9001 2622//9240
f 2622//9240 2577//9001 2625//9252
f 2577//9001 2626//9258 2625//9252
f 2626//9255 2577//9000 2627//9262
f 2578//9006 2627//9262 2577//9000
f 2578//9005 2628//9270 2627//9261
f 2580//9014 2628//9265 2578//9004
f 2580//9018 2582//9025 2628//9266
f 2582//9030 2629//9275 2628//9267
f 2582//9029 2630//9281 2629//9271
f 2583//9035 2630//9276 2582//9028
f 2583//9034 2631//9289 2630//9277
f 2585//9043 2631//9282 2583//9033
f 2632//9294 2631//9283 2585//9048
f 2633//9296 2631//9284 2632//9293
f 2633//9295 2634//9303 2631//9285
f 2633//9301 2635//9312 2634//9304
f 2636//9325 2635//9313 2633//9300
f 2636//9324 2637//9330 2635//9314
f 2638//9339 2637//9331 2636//9323
f 2639//9341 2637//9332 2638//9338
f 2640//9351 2637//9333 2639//9340
f 2640//9350 2458//8452 2637//9334
f 2457//8446 2458//8453 2640//9349
f 2456//8439 2457//8447 2640//9348
f 2456//8440 2640//9347 2641//9355
f 2641//9356 2640//9353 2642//9364
f 2640//9352 2639//9346 2642//9365
f 2642//9360 2639//9345 2643//9371
f 2639//9344 2644//9374 2643//9366
f 2644//9372 2639//9343 2645//9378
f 2639//9342 2638//9337 2645//9379
f 2645//9375 2638//9336 2646//9383
f 2647//9387 2646//9383 2638//9336
f 2646//9384 2647//9386 2636//9322
f 2638//9335 2636//9322 2647//9386
f 2646//9385 2636//9321 2633//9299
f 2646//9380 2633//9298 2648//9394
f 2648//9395 2633//9297 2632//9292
f 2648//9396 2632//9291 2587//9060
f 2632//9290 2585//9047 2587//9055
f 2649//9402 2648//9388 2587//9059
f 2650//9404 2648//9389 2649//9401
f 2651//9411 2648//9390 2650//9403
f 2651//9410 2642//9362 2648//9391
f 2641//9357 2642//9363 2651//9409
f 2652//9416 2641//9358 2651//9408
f 2652//9415 2653//9424 2641//9359
f 2652//9421 2654//9434 2653//9425
f 2655//9439 2654//9429 2652//9420
f 2655//9438 2656//9441 2654//9430
f 2657//9451 2656//9442 2655//9437
f 2657//9450 2658//9453 2656//9443
f 2659//9463 2658//9454 2657//9449
f 2659//9462 2660//9465 2658//9455
f 2661//9476 2660//9466 2659//9461
f 2661//9475 2662//9478 2660//9467
f 2663//9487 2662//9479 2661//9474
f 2663//9486 2664//9489 2662//9480
f 2665//9499 2664//9490 2663//9485
f 2665//9498 2666//9501 2664//9491
f 2667//9511 2666//9502 2665//9497
f 2667//9510 2668//9513 2666//9503
f 2667//9509 2669//9522 2668//9514
f 2667//9508 2670//9527 2669//9518
f 2665//9496 2670//9528 2667//9507
f 2665//9495 2671//9534 2670//9523
f 2672//9540 2671//9529 2665//9494
f 2673//9542 2671//9530 2672//9539
f 2673//9541 2674//9548 2671//9531
f 2675//9558 2674//9549 2673//9546
f 2675//9557 2676//9560 2674//9550
f 2677//9566 2676//9561 2675//9556
f 2677//9565 2678//9572 2676//9562
f 2679//9583 2678//9573 2677//9564
f 2680//9585 2678//9574 2679//9582
f 2680//9584 2681//9593 2678//9575
f 2680//9591 2682//9602 2681//9594
f 2680//9590 2683//9609 2682//9598
f 2684//9613 2683//9603 2680//9589
f 2684//9612 2685//9615 2683//9604
f 2686//9626 2685//9616 2684//9611
f 2687//9628 2685//9617 2686//9625
f 2687//9627 2688//9636 2685//9618
f 2689//9648 2688//9637 2687//9634
f 2689//9647 2690//9651 2688//9638
f 2691//9662 2690//9652 2689//9646
f 2691//9661 2692//9664 2690//9653
f 2693//9674 2692//9665 2691//9660
f 2693//9673 2694//9676 2692//9666
f 2695//9689 2694//9677 2693//9672
f 2696//9691 2694//9678 2695//9688
f 2696//9690 2697//9696 2694//9679
f 2696//9694 2698//9705 2697//9697
f 2699//9710 2698//9699 2696//9693
f 2698//9700 2699//9709 2700//9712
f 2700//9713 2699//9708 2701//9722
f 2701//9723 2699//9707 2695//9686
f 2699//9706 2696//9692 2695//9687
f 2701//9719 2695//9685 2702//9730
f 2695//9684 2703//9735 2702//9724
f 2695//9683 2693//9671 2703//9736
f 2703//9737 2693//9670 2691//9659
f 2703//9731 2691//9658 2704//9741
f 2691//9657 2705//9747 2704//9742
f 2705//9748 2691//9656 2689//9645
f 2705//9746 2689//9644 2704//9743
f 2704//9744 2689//9643 2706//9753
f 2706//9749 2689//9642 2707//9757
f 2707//9754 2689//9641 2708//9762
f 2709//9771 2708//9758 2689//9641
f 2709//9770 2710//9775 2708//9759
f 2709//9769 2711//9779 2710//9776
f 2709//9768 2712//9788 2711//9780
f 2713//9795 2712//9786 2709//9767
f 2712//9787 2713//9794 2711//9781
f 2713//9793 2714//9797 2711//9782
f 2715//9807 2714//9798 2713//9792
f 2715//9806 2716//9809 2714//9799
f 2717//9822 2716//9810 2715//9805
f 2717//9821 2718//9824 2716//9811
f 2719//9831 2718//9825 2717//9820
f 2718//9826 2719//9830 2720//9833
f 2721//9843 2720//9833 2719//9830
f 2721//9842 2722//9845 2720//9834
f 2721//9841 2723//9853 2722//9846
f 2723//9850 2721//9840 2724//9858
f 2725//9863 2724//9854 2721//9840
f 2724//9855 2725//9862 2726//9865
f 2727//9873 2726//9865 2725//9862
f 2726//9866 2727//9872 2728//9875
f 2729//9882 2728//9875 2727//9872
f 2729//9881 2730//9883 2728//9876
f 2731//9894 2730//9884 2729//9880
f 2732//9896 2730//9885 2731//9893
f 2733//9901 2730//9886 2732//9895
f 2733//9900 2734//9906 2730//9887
f 2735//9916 2734//9907 2733//9904
f 2735//9915 2736//9918 2734//9908
f 2737//9928 2736//9919 2735//9914
f 2737//9927 2738//9930 2736//9920
f 2739//9938 2738//9931 2737//9926
f 2739//9937 2740//9940 2738//9932
f 2741//9950 2740//9941 2739//9936
f 2742//9952 2740//9942 2741//9949
f 2742//9951 2743//9959 2740//9943
f 2744//9968 2743//9960 2742//9957
f 2743//9961 2744//9967 2745//9970
f 2746//9977 2745//9970 2744//9967
f 2745//9971 2746//9976 2747//9979
f 2748//9987 2747//9979 2746//9976
f 2748//9986 2749//9989 2747//9980
f 2750//9999 2749//9990 2748//9985
f 2749//9991 2750//9998 2751//10001
f 2752//10008 2751//10001 2750//9998
f 2752//10007 2753//10010 2751//10002
f 2754//10021 2753//10011 2752//10006
f 2754//10020 2755//10023 2753//10012
f 2755//10024 2754//10019 2756//10032
f 2757//10038 2756//10026 2754//10019
f 2757//10037 2758//10041 2756//10027
f 2757//10036 2759//10048 2758//10042
f 2759//10045 2757//10035 2760//10052
f 2757//10034 2750//9996 2760//10053
f 2750//9997 2757//10033 2752//10005
f 2754//10018 2752//10005 2757//10039
f 2760//10049 2750//9995 2761//10056
f 2761//10057 2750//9994 2748//9984
f 2761//10054 2748//9983 2762//10061
f 2746//9975 2762//10061 2748//9983
f 2762//10058 2746//9974 2763//10066
f 2744//9966 2763//10066 2746//9974
f 2763//10062 2744//9965 2764//10070
f 2764//10071 2744//9964 2765//10079
f 2765//10080 2744//9963 2742//9956
f 2765//10074 2742//9955 2766//10088
f 2766//10081 2742//9954 2767//10092
f 2767//10093 2742//9953 2741//9948
f 2768//10099 2767//10089 2741//9947
f 2767//10090 2768//10098 2769//10101
f 2769//10102 2768//10097 2770//10112
f 2770//10107 2768//10096 2771//10118
f 2768//10095 2772//10120 2771//10113
f 2768//10094 2741//9946 2772//10121
f 2773//10127 2772//10119 2741//9946
f 2773//10126 2771//10113 2772//10120
f 2771//10114 2773//10125 2774//10130
f 2773//10124 2775//10136 2774//10131
f 2773//10123 2737//9924 2775//10137
f 2773//10122 2739//9934 2737//9925
f 2773//10128 2741//9945 2739//9935
f 2776//10142 2775//10135 2737//9924
f 2776//10141 2774//10131 2775//10136
f 2774//10132 2776//10140 2777//10144
f 2776//10139 2778//10152 2777//10145
f 2776//10138 2737//9923 2778//10153
f 2778//10154 2737//9922 2735//9913
f 2778//10149 2735//9912 2779//10159
f 2735//9911 2733//9903 2779//10160
f 2779//10161 2733//9902 2732//9899
f 2779//10155 2732//9898 2780//10165
f 2780//10166 2732//9897 2731//9892
f 2781//10172 2780//10162 2731//9891
f 2782//10175 2780//10163 2781//10171
f 2779//10156 2780//10164 2782//10174
f 2783//10183 2779//10157 2782//10173
f 2778//10150 2779//10158 2783//10182
f 2778//10151 2783//10181 2784//10186
f 2777//10146 2784//10186 2783//10181
f 2784//10185 2777//10145 2778//10152
f 2777//10147 2783//10180 2785//10188
f 2785//10189 2783//10184 2782//10179
f 2785//10190 2782//10178 2786//10199
f 2786//10194 2782//10177 2787//10204
f 2782//10176 2781//10170 2787//10205
f 2781//10169 2788//10210 2787//10200
f 2789//10215 2788//10206 2781//10168
f 2789//10214 2790//10219 2788//10207
f 2789//10213 2791//10231 2790//10220
f 2727//9870 2791//10232 2789//10212
f 2727//9869 2792//10236 2791//10226
f 2727//9868 2725//9861 2792//10237
f 2725//9860 2793//10241 2792//10238
f 2725//9859 2721//9839 2793//10242
f 2721//9838 2719//9829 2793//10243
f 2793//10244 2719//9828 2717//9819
f 2792//10239 2793//10240 2717//9818
f 2792//10233 2717//9817 2794//10248
f 2794//10245 2717//9816 2795//10253
f 2717//9815 2715//9804 2795//10254
f 2795//10255 2715//9803 2713//9791
f 2795//10249 2713//9790 2796//10260
f 2796//10261 2713//9789 2709//9766
f 2796//10256 2709//9765 2797//10267
f 2797//10262 2709//9764 2798//10275
f 2709//9763 2799//10277 2798//10268
f 2799//10276 2711//9785 2798//10269
f 2711//9784 2800//10283 2798//10270
f 2711//9783 2714//9796 2800//10278
f 2714//9802 2801//10289 2800//10279
f 2714//9801 2802//10296 2801//10284
f 2714//9800 2716//9808 2802//10290
f 2716//9814 2803//10301 2802//10291
f 2804//10306 2803//10297 2716//9813
f 2804//10305 2805//10313 2803//10298
f 2720//9837 2805//10314 2804//10304
f 2720//9836 2806//10323 2805//10307
f 2722//9844 2806//10315 2720//9835
f 2807//10328 2806//10316 2722//9849
f 2807//10327 2808//10329 2806//10317
f 2809//10339 2808//10330 2807//10326
f 2809//10338 2810//10342 2808//10331
f 2810//10341 2809//10337 2811//10346
f 2812//10354 2811//10346 2809//10337
f 2813//10358 2811//10347 2812//10353
f 2811//10349 2813//10359 2814//10361
f 2810//10340 2813//10355 2811//10348
f 2810//10344 2811//10345 2815//10369
f 2815//10370 2811//10349 2814//10367
f 2816//10372 2815//10370 2814//10367
f 2817//10376 2815//10370 2816//10372
f 2815//10368 2817//10375 2810//10343
f 2808//10332 2810//10343 2817//10375
f 2817//10374 2816//10371 2808//10333
f 2818//10378 2808//10333 2816//10371
f 2808//10329 2818//10377 2806//10317
f 2819//10382 2806//10317 2818//10377
f 2819//10381 2820//10390 2806//10318
f 2821//10396 2820//10391 2819//10385
f 2821//10397 2819//10384 2814//10364
f 2814//10365 2819//10383 2818//10380
f 2818//10379 2816//10373 2814//10366
f 2822//10399 2821//10398 2814//10363
f 2814//10362 2823//10403 2822//10400
f 2814//10361 2813//10356 2823//10404
f 2813//10356 2824//10407 2823//10401
f 2813//10357 2812//10352 2824//10408
f 2825//10414 2824//10405 2812//10352
f 2825//10413 2826//10415 2824//10406
f 2827//10422 2826//10416 2825//10412
f 2827//10421 2828//10429 2826//10417
f 2827//10420 2829//10441 2828//10430
f 2830//10447 2829//10436 2827//10419
f 2830//10446 2831//10449 2829//10437
f 2832//10456 2831//10450 2830//10445
f 2831//10451 2832//10455 2833//10461
f 2832//10454 2830//10444 2833//10462
f 2830//10443 2834//10465 2833//10457
f 2834//10466 2830//10442 2835//10469
f 2834//10467 2835//10468 2827//10426
f 2836//10473 2834//10463 2827//10425
f 2837//10476 2834//10464 2836//10472
f 2834//10465 2837//10475 2838//10481
f 2839//10487 2838//10481 2837//10480
f 2839//10486 2840//10488 2838//10482
f 2840//10489 2839//10485 2841//10501
f 2842//10507 2841//10501 2839//10485
f 2841//10502 2842//10509 2843//10512
f 2844//10515 2841//10497 2842//10507
f 2844//10516 2842//10506 2845//10517
f 2839//10484 2845//10518 2842//10508
f 2845//10519 2839//10483 2837//10479
f 2842//10505 2845//10520 2837//10478
f 2842//10504 2837//10477 2836//10471
f 2842//10510 2836//10470 2846//10526
f 2836//10474 2842//10503 2827//10427
f 2827//10424 2846//10526 2836//10470
f 2846//10527 2827//10423 2825//10411
f 2846//10521 2825//10410 2847//10531
f 2847//10532 2825//10409 2812//10351
f 2847//10533 2812//10350 2809//10336
f 2848//10540 2847//10528 2809//10335
f 2849//10544 2847//10529 2848//10539
f 2849//10543 2846//10522 2847//10530
f 2850//10548 2846//10523 2849//10542
f 2843//10513 2846//10524 2850//10547
f 2846//10525 2843//10512 2842//10509
f 2851//10554 2843//10514 2850//10546
f 2851//10553 2841//10498 2843//10511
f 2851//10552 2852//10561 2841//10499
f 2853//10573 2852//10562 2851//10559
f 2852//10563 2853//10572 2854//10575
f 2854//10576 2853//10571 2855//10585
f 2853//10570 2856//10588 2855//10578
f 2856//10586 2853//10569 2857//10594
f 2858//10599 2857//10595 2853//10568
f 2857//10596 2858//10598 2698//9703
f 2858//10597 2859//10604 2698//9704
f 2859//10605 2858//10602 2860//10611
f 2861//10615 2860//10611 2858//10602
f 2860//10612 2861//10614 2760//10051
f 2759//10046 2760//10051 2861//10614
f 2861//10613 2862//10617 2759//10047
f 2862//10618 2861//10616 2851//10557
f 2858//10601 2851//10557 2861//10616
f 2858//10600 2853//10567 2851//10558
f 2862//10619 2851//10556 2863//10622
f 2851//10555 2850//10551 2863//10623
f 2863//10624 2850//10550 2848//10537
f 2850//10549 2849//10545 2848//10538
f 2864//10631 2863//10625 2848//10536
f 2863//10626 2864//10630 2865//10634
f 2866//10638 2865//10634 2864//10630
f 2756//10029 2865//10635 2866//10637
f 2758//10040 2865//10632 2756//10028
f 2865//10633 2758//10044 2863//10627
f 2862//10620 2863//10621 2758//10044
f 2758//10043 2759//10047 2862//10617
f 2756//10030 2866//10636 2867//10642
f 2867//10643 2866//10640 2868//10651
f 2866//10639 2864//10629 2868//10652
f 2869//10656 2868//10648 2864//10629
f 2868//10649 2869//10655 2870//10662
f 2723//9852 2870//10662 2869//10655
f 2870//10658 2723//9851 2871//10667
f 2724//9857 2871//10663 2723//9851
f 2871//10664 2724//9856 2872//10673
f 2726//9864 2872//10668 2724//9856
f 2872//10669 2726//9867 2873//10678
f 2728//9874 2873//10674 2726//9867
f 2728//9877 2874//10682 2873//10675
f 2874//10679 2728//9876 2730//9883
f 2874//10680 2730//9888 2875//10687
f 2734//9905 2875//10683 2730//9888
f 2875//10684 2734//9910 2876//10692
f 2877//10698 2876//10688 2734//9910
f 2876//10689 2877//10697 2745//9973
f 2743//9962 2745//9969 2877//10697
f 2740//9944 2743//9958 2877//10696
f 2738//9933 2740//9939 2877//10695
f 2738//9929 2877//10694 2736//9921
f 2736//9917 2877//10693 2734//9909
f 2745//9972 2747//9978 2876//10690
f 2878//10703 2876//10690 2747//9982
f 2876//10691 2878//10702 2875//10685
f 2879//10705 2875//10685 2878//10702
f 2875//10686 2879//10704 2874//10681
f 2880//10710 2874//10681 2879//10704
f 2880//10709 2873//10675 2874//10682
f 2880//10708 2881//10714 2873//10676
f 2880//10712 2882//10721 2881//10715
f 2879//10707 2882//10722 2880//10711
f 2879//10706 2878//10701 2882//10723
f 2878//10700 2749//9993 2882//10724
f 2747//9981 2749//9988 2878//10699
f 2749//9992 2751//10000 2882//10719
f 2883//10726 2882//10719 2751//10004
f 2884//10730 2882//10719 2883//10726
f 2882//10720 2884//10729 2881//10716
f 2885//10732 2881//10716 2884//10729
f 2886//10736 2881//10716 2885//10732
f 2881//10717 2886//10735 2887//10741
f 2888//10746 2887//10741 2886//10735
f 2887//10742 2888//10745 2867//10646
f 2889//10750 2867//10646 2888//10745
f 2889//10749 2755//10025 2867//10647
f 2753//10013 2755//10022 2889//10748
f 2753//10014 2889//10747 2888//10744
f 2753//10015 2888//10743 2886//10734
f 2886//10733 2885//10731 2753//10016
f 2884//10728 2753//10016 2885//10731
f 2884//10727 2883//10725 2753//10017
f 2751//10003 2753//10009 2883//10725
f 2756//10031 2867//10641 2755//10025
f 2887//10737 2867//10645 2870//10660
f 2867//10644 2868//10650 2870//10661
f 2887//10738 2870//10659 2871//10666
f 2887//10739 2871//10665 2872//10672
f 2881//10718 2887//10740 2872//10671
f 2881//10713 2872//10670 2873//10677
f 2869//10654 2722//9846 2723//9853
f 2722//9847 2869//10653 2848//10535
f 2864//10628 2848//10535 2869//10657
f 2848//10534 2807//10324 2722//9848
f 2848//10541 2809//10334 2807//10325
f 2760//10050 2761//10055 2860//10609
f 2762//10060 2860//10609 2761//10055
f 2860//10610 2762//10059 2859//10606
f 2763//10065 2859//10606 2762//10059
f 2859//10607 2763//10064 2890//10753
f 2890//10754 2763//10063 2764//10069
f 2890//10755 2764//10068 2694//9681
f 2694//9682 2764//10067 2891//10757
f 2764//10073 2892//10761 2891//10758
f 2764//10072 2765//10078 2892//10762
f 2892//10763 2765//10077 2893//10770
f 2893//10766 2765//10076 2894//10775
f 2765//10075 2766//10087 2894//10771
f 2894//10772 2766//10086 2895//10781
f 2766//10085 2896//10785 2895//10776
f 2766//10084 2897//10789 2896//10782
f 2897//10786 2766//10083 2769//10106
f 2766//10082 2767//10091 2769//10100
f 2897//10787 2769//10105 2898//10794
f 2898//10790 2769//10104 2899//10800
f 2899//10795 2769//10103 2770//10111
f 2899//10796 2770//10110 2900//10807
f 2900//10801 2770//10109 2901//10813
f 2901//10808 2770//10108 2771//10117
f 2901//10809 2771//10116 2902//10819
f 2902//10814 2771//10115 2774//10129
f 2902//10815 2774//10134 2903//10825
f 2903//10820 2774//10133 2904//10828
f 2777//10143 2904//10826 2774//10133
f 2777//10148 2785//10187 2904//10827
f 2904//10827 2785//10193 2905//10831
f 2903//10821 2905//10829 2785//10193
f 2905//10830 2903//10820 2904//10828
f 2903//10822 2785//10192 2906//10837
f 2906//10832 2785//10191 2786//10198
f 2906//10833 2786//10197 2907//10843
f 2907//10838 2786//10196 2908//10849
f 2786//10195 2787//10203 2908//10844
f 2787//10202 2909//10856 2908//10845
f 2787//10201 2788//10209 2909//10850
f 2788//10208 2790//10218 2909//10851
f 2790//10225 2910//10860 2909//10852
f 2790//10224 2911//10864 2910//10857
f 2911//10861 2790//10223 2912//10870
f 2790//10222 2913//10875 2912//10865
f 2790//10221 2791//10230 2913//10871
f 2791//10229 2914//10880 2913//10872
f 2791//10228 2915//10886 2914//10876
f 2791//10227 2792//10235 2915//10881
f 2915//10882 2792//10234 2794//10247
f 2915//10883 2794//10246 2795//10252
f 2915//10884 2795//10251 2916//10892
f 2916//10887 2795//10250 2796//10259
f 2917//10899 2916//10888 2796//10258
f 2918//10904 2916//10889 2917//10898
f 2914//10878 2916//10890 2918//10903
f 2914//10877 2915//10885 2916//10891
f 2913//10873 2914//10879 2918//10902
f 2913//10874 2918//10901 2912//10866
f 2912//10867 2918//10900 2919//10907
f 2919//10908 2918//10905 2917//10897
f 2919//10909 2917//10896 2920//10917
f 2917//10895 2921//10921 2920//10911
f 2917//10894 2797//10265 2921//10922
f 2917//10893 2796//10257 2797//10266
f 2797//10264 2922//10928 2921//10918
f 2797//10263 2798//10274 2922//10923
f 2922//10924 2798//10273 2923//10935
f 2798//10272 2924//10940 2923//10929
f 2798//10271 2800//10282 2924//10936
f 2800//10281 2925//10945 2924//10937
f 2800//10280 2801//10288 2925//10941
f 2925//10942 2801//10287 2926//10951
f 2801//10286 2927//10958 2926//10946
f 2802//10295 2927//10952 2801//10285
f 2802//10294 2928//10962 2927//10953
f 2929//10968 2928//10959 2802//10293
f 2928//10960 2929//10967 2930//10970
f 2929//10966 2931//10979 2930//10971
f 2929//10965 2805//10311 2931//10980
f 2805//10312 2929//10964 2803//10299
f 2803//10300 2929//10963 2802//10292
f 2805//10310 2932//10986 2931//10974
f 2805//10309 2933//10993 2932//10981
f 2806//10322 2933//10987 2805//10308
f 2933//10988 2806//10321 2934//10996
f 2934//10994 2806//10321 2935//10999
f 2936//11006 2935//10997 2806//10321
f 2936//11005 2937//11007 2935//10998
f 2936//11004 2938//11018 2937//11008
f 2936//11003 2939//11023 2938//11013
f 2940//11029 2939//11019 2936//11002
f 2940//11028 2941//11033 2939//11020
f 2942//11042 2941//11034 2940//11027
f 2942//11041 2943//11044 2941//11035
f 2944//11055 2943//11045 2942//11040
f 2944//11054 2945//11057 2943//11046
f 2946//11066 2945//11058 2944//11053
f 2946//11065 2947//11068 2945//11059
f 2946//11064 2948//11074 2947//11069
f 2946//11063 2949//11080 2948//11073
f 2949//11081 2946//11062 2944//11052
f 2949//11082 2944//11051 2942//11039
f 2949//11075 2942//11038 2950//11087
f 2950//11088 2942//11037 2940//11026
f 2951//11094 2950//11083 2940//11025
f 2952//11101 2950//11084 2951//11093
f 2953//11105 2950//11085 2952//11100
f 2953//11104 2949//11076 2950//11086
f 2954//11113 2949//11077 2953//11103
f 2954//11112 2955//11118 2949//11078
f 2954//11111 2956//11125 2955//11119
f 2857//10590 2956//11126 2954//11110
f 2956//11127 2857//10589 2698//9702
f 2956//11121 2698//9701 2700//9711
f 2956//11122 2700//9718 2957//11134
f 2700//9717 2958//11140 2957//11128
f 2958//11135 2700//9716 2959//11147
f 2700//9715 2960//11153 2959//11141
f 2960//11148 2700//9714 2701//9721
f 2960//11149 2701//9720 2702//9729
f 2961//11157 2960//11150 2702//9728
f 2960//11151 2961//11156 2962//11159
f 2962//11160 2961//11155 2963//11168
f 2961//11154 2702//9727 2963//11169
f 2963//11163 2702//9726 2964//11175
f 2702//9725 2703//9734 2964//11170
f 2964//11171 2703//9733 2965//11179
f 2703//9732 2704//9740 2965//11180
f 2965//11181 2704//9739 2687//9631
f 2704//9738 2966//11183 2687//9632
f 2966//11182 2689//9649 2687//9633
f 2965//11176 2687//9630 2967//11187
f 2967//11188 2687//9629 2686//9624
f 2967//11184 2686//9623 2968//11194
f 2968//11189 2686//9622 2969//11198
f 2969//11199 2686//9621 2680//9587
f 2686//9620 2684//9610 2680//9588
f 2969//11200 2680//9586 2679//9581
f 2970//11206 2969//11195 2679//9580
f 2971//11209 2969//11196 2970//11205
f 2971//11208 2968//11190 2969//11197
f 2972//11213 2968//11191 2971//11207
f 2973//11219 2968//11192 2972//11212
f 2968//11193 2973//11218 2967//11185
f 2974//11227 2967//11185 2973//11218
f 2974//11226 2965//11177 2967//11186
f 2964//11172 2965//11178 2974//11225
f 2964//11173 2974//11224 2975//11230
f 2975//11231 2974//11228 2973//11223
f 2975//11232 2973//11222 2976//11239
f 2976//11235 2973//11221 2977//11244
f 2977//11245 2973//11220 2972//11217
f 2977//11240 2972//11216 2978//11251
f 2972//11215 2979//11255 2978//11246
f 2972//11214 2971//11211 2979//11256
f 2979//11257 2971//11210 2970//11204
f 2979//11252 2970//11203 2980//11263
f 2980//11258 2970//11202 2981//11267
f 2970//11201 2679//9579 2981//11268
f 2982//11273 2981//11264 2679//9578
f 2981//11265 2982//11272 2983//11276
f 2983//11277 2982//11271 2984//11284
f 2984//11285 2982//11270 2677//9569
f 2677//9570 2982//11269 2985//11286
f 2985//11287 2982//11274 2679//9577
f 2986//11290 2984//11282 2677//9568
f 2983//11278 2984//11283 2986//11289
f 2987//11297 2983//11279 2986//11288
f 2988//11300 2983//11280 2987//11296
f 2988//11299 2980//11260 2983//11281
f 2989//11308 2980//11261 2988//11298
f 2980//11262 2989//11307 2979//11253
f 2979//11254 2989//11306 2978//11247
f 2989//11305 2990//11314 2978//11248
f 2989//11310 2991//11319 2990//11315
f 2989//11309 2988//11304 2991//11320
f 2991//11317 2988//11303 2992//11322
f 2988//11302 2993//11331 2992//11323
f 2993//11332 2988//11301 2987//11295
f 2993//11328 2987//11294 2994//11337
f 2987//11293 2673//9544 2994//11338
f 2987//11292 2675//9553 2673//9545
f 2995//11341 2675//9554 2987//11291
f 2995//11340 2677//9567 2675//9555
f 2673//9543 2672//9538 2994//11339
f 2994//11333 2672//9537 2996//11344
f 2672//9536 2663//9483 2996//11345
f 2672//9535 2665//9493 2663//9484
f 2996//11346 2663//9482 2661//9473
f 2996//11342 2661//9472 2997//11352
f 2997//11353 2661//9471 2659//9460
f 2998//11358 2997//11347 2659//9459
f 2999//11362 2997//11348 2998//11357
f 2999//11361 3000//11368 2997//11349
f 2992//11325 3000//11369 2999//11360
f 2992//11324 2993//11330 3000//11365
f 2993//11329 2994//11336 3000//11366
f 3000//11367 2994//11335 2997//11350
f 2994//11334 2996//11343 2997//11351
f 2992//11326 2999//11359 3001//11371
f 2999//11364 3002//11380 3001//11372
f 2999//11363 2998//11356 3002//11381
f 2998//11355 3003//11385 3002//11376
f 2998//11354 2659//9458 3003//11386
f 3003//11387 2659//9457 2657//9448
f 3003//11382 2657//9447 3004//11393
f 3004//11388 2657//9446 3005//11396
f 3005//11397 2657//9445 2655//9436
f 3005//11398 2655//9435 2652//9419
f 3006//11403 3005//11394 2652//9418
f 3004//11389 3005//11395 3006//11402
f 3007//11409 3004//11390 3006//11401
f 3004//11391 3007//11408 3008//11413
f 3008//11414 3007//11407 3009//11422
f 3009//11418 3007//11406 3010//11427
f 3007//11405 2650//9406 3010//11428
f 3007//11404 2651//9412 2650//9407
f 3007//11410 3006//11400 2651//9413
f 3006//11399 2652//9417 2651//9414
f 2650//9405 2649//9400 3010//11429
f 3010//11423 2649//9399 3011//11433
f 3011//11434 2649//9398 2588//9064
f 2649//9397 2587//9058 2588//9065
f 3011//11430 2588//9063 3012//11439
f 2588//9062 2589//9071 3012//11435
f 3012//11436 2589//9070 3013//11445
f 3013//11440 2589//9069 2596//9116
f 2589//9068 2590//9077 2596//9110
f 3013//11441 2596//9115 3014//11451
f 3014//11446 2596//9114 3015//11456
f 3015//11452 2596//9113 2597//9119
f 3015//11453 2597//9118 3016//11462
f 2598//9126 3016//11457 2597//9118
f 3016//11458 2598//9125 3017//11468
f 3017//11463 2598//9124 3018//11474
f 2598//9123 2599//9132 3018//11469
f 3018//11470 2599//9131 3019//11480
f 2599//9130 3020//11485 3019//11475
f 2599//9129 2600//9137 3020//11481
f 3020//11482 2600//9136 2601//9144
f 3020//11483 2601//9143 2605//9161
f 3019//11476 3020//11484 2605//9166
f 3019//11477 2605//9165 3021//11491
f 2605//9164 2606//9170 3021//11486
f 3021//11487 2606//9169 3022//11496
f 2606//9168 2607//9176 3022//11492
f 3022//11493 2607//9175 3023//11504
f 2607//9174 3024//11509 3023//11497
f 3024//11510 2607//9173 2608//9178
f 3024//11508 3025//11512 3023//11498
f 3024//11507 3026//11518 3025//11513
f 3026//11515 3024//11506 3027//11523
f 3024//11505 2610//9184 3027//11524
f 2611//9185 3027//11524 2610//9184
f 3027//11525 2611//9191 2091//6629
f 2091//6630 2611//9190 3028//11534
f 2611//9190 2612//9196 3028//11534
f 3029//11537 2612//9192 3028//11535
f 2613//9201 3028//11536 2612//9197
f 2613//9200 3030//11544 3028//11529
f 2064//6477 3030//11544 2613//9200
f 2064//6476 2063//6470 3030//11545
f 3031//11557 3030//11541 2063//6469
f 3030//11543 3031//11555 3028//11530
f 3031//11556 2063//6468 3030//11546
f 2063//6467 3031//11550 3032//11559
f 3033//11560 3032//11559 3031//11550
f 3031//11551 3029//11540 3033//11561
f 3029//11539 3028//11528 3031//11553
f 3029//11538 3031//11552 3028//11527
f 3030//11542 3028//11531 3031//11554
f 3034//11566 3028//11532 3030//11549
f 2091//6631 3028//11533 3034//11565
f 3034//11564 2090//6623 2091//6632
f 2090//6624 3034//11563 2282//7503
f 3034//11563 2065//6481 2282//7503
f 3034//11562 3030//11548 2065//6482
f 2065//6483 3030//11547 2063//6475
f 2282//7499 2065//6481 3035//11572
f 2065//6481 2066//6487 3035//11567
f 3035//11567 2066//6487 3036//11576
f 3037//11579 3036//11573 2066//6487
f 3037//11578 3038//11582 3036//11574
f 2066//6486 3038//11583 3037//11577
f 2067//6493 3038//11580 2066//6485
f 3038//11581 2067//6492 3039//11588
f 2073//6525 3039//11584 2067//6492
f 3039//11585 2073//6524 3035//11569
f 2073//6523 2074//6530 3035//11570
f 2074//6529 2282//7500 3035//11571
f 3039//11586 3035//11568 3036//11575
f 3039//11587 3036//11574 3038//11582
f 2073//6519 2067//6491 3040//11592
f 3041//11595 3040//11589 2067//6491
f 3040//11590 3041//11594 2070//6508
f 2068//6498 2070//6503 3041//11594
f 2068//6499 3041//11593 2067//6490
f 3040//11591 2070//6507 2073//6520
f 2081//6572 2090//6625 2282//7502
f 2090//6621 2081//6570 2083//6587
f 2083//6580 2081//6569 2080//6562
f 3042//11597 3033//11561 3029//11540
f 3032//11558 2060//6445 2063//6474
f 2613//9199 2618//9221 2064//6478
f 2064//6478 2618//9221 3043//11599
f 3044//11607 3043//11599 2618//9221
f 3044//11606 2535//8818 3043//11600
f 2535//8819 3044//11605 2536//8822
f 2619//9223 2536//8822 3044//11604
f 2536//8823 1867//5797 2619//9225
f 1870//5800 2619//9225 1867//5797
f 2619//9226 2540//8837 2536//8824
f 2541//8844 2540//8837 2619//9226
f 2541//8845 3045//11614 2540//8841
f 3045//11613 2541//8846 2621//9232
f 2621//9235 3046//11616 3045//11612
f 2621//9234 3047//11623 3046//11617
f 3047//11622 2621//9233 2625//9253
f 2625//9253 2621//9233 2622//9241
f 2622//9236 2625//9251 3048//11624
f 3047//11621 3048//11624 2625//9254
f 3049//11627 3048//11624 3047//11621
f 3048//11625 1885//5815 3049//11626
f 1886//5816 3049//11626 1885//5815
f 2625//9252 2626//9258 3047//11623
f 2626//9258 3046//11617 3047//11623
f 3046//11618 2626//9257 3050//11629
f 3051//11635 3050//11629 2626//9257
f 3050//11630 3051//11634 3045//11611
f 3045//11611 3051//11634 3052//11637
f 3052//11637 3051//11634 3053//11641
f 3053//11641 3051//11634 3054//11646
f 3055//11650 3054//11646 3051//11634
f 3054//11645 3055//11649 3056//11655
f 2051//6412 3056//11655 3055//11649
f 3056//11654 2051//6411 2511//8719
f 3057//11659 3056//11653 2511//8719
f 3058//11662 3056//11653 3057//11659
f 3059//11665 3056//11653 3058//11662
f 3060//11668 3056//11653 3059//11665
f 3056//11656 3060//11669 3054//11647
f 3053//11642 3054//11647 3060//11669
f 3053//11643 3060//11670 2540//8840
f 2539//8834 2540//8840 3060//11670
f 2540//8839 2539//8836 2536//8824
f 2536//8820 2539//8836 2522//8771
f 2539//8836 2538//8829 2522//8771
f 2538//8832 2539//8833 3061//11674
f 3060//11671 3061//11674 2539//8833
f 3058//11663 3061//11674 3060//11671
f 3057//11660 3061//11674 3058//11663
f 3061//11675 3057//11659 2511//8719
f 3061//11672 2511//8720 2512//8723
f 2512//8724 2537//8827 3061//11673
f 2537//8828 2512//8725 2516//8739
f 2513//8728 2516//8739 2512//8725
f 2514//8733 2516//8739 2513//8728
f 2514//8730 2513//8729 3062//11676
f 3062//11676 2513//8729 3063//11679
f 2512//8721 3063//11679 2513//8726
f 3063//11678 1887//5817 3062//11677
f 1888//5818 3062//11677 1887//5817
f 2516//8741 2517//8742 2537//8825
f 2519//8757 2537//8825 2517//8746
f 2538//8829 2537//8825 2519//8757
f 2538//8831 3061//11673 2537//8827
f 2522//8767 2538//8829 2519//8757
f 3057//11658 3058//11661 3064//11680
f 3059//11664 3064//11680 3058//11661
f 3060//11667 3064//11680 3059//11664
f 3065//11683 3064//11680 3060//11667
f 3064//11681 3065//11682 1889//5819
f 1890//5820 1889//5819 3065//11682
f 3059//11666 3058//11663 3060//11671
f 3053//11640 2540//8841 3045//11614
f 3052//11638 3053//11640 3045//11614
f 3045//11610 3066//11685 3052//11639
f 3067//11686 3052//11636 3066//11685
f 3066//11684 1891//5821 3067//11687
f 1892//5822 3067//11687 1891//5821
f 3054//11644 1893//5823 3056//11657
f 1894//5824 1893//5823 3054//11644
f 1895//5825 1893//5823 1894//5824
f 1896//5826 3056//11652 1893//5823
f 3055//11648 3068//11688 2051//6413
f 3055//11651 3069//11693 3068//11689
f 3051//11633 3069//11693 3055//11651
f 3051//11632 2626//9256 3069//11692
f 3069//11691 2626//9256 3070//11698
f 2627//9263 3070//11698 2626//9256
f 3071//11708 3070//11700 2627//9264
f 3071//11707 3072//11710 3070//11701
f 3073//11720 3072//11711 3071//11706
f 3073//11719 3074//11724 3072//11712
f 3075//11732 3074//11725 3073//11718
f 3075//11731 3076//11735 3074//11726
f 3075//11730 2631//9287 3076//11736
f 2630//9278 2631//9288 3075//11729
f 2630//9279 3075//11728 3073//11717
f 2629//9272 2630//9280 3073//11716
f 2629//9273 3073//11715 3071//11705
f 2628//9268 2629//9274 3071//11704
f 2628//9269 3071//11703 2627//9260
f 2631//9286 2634//9302 3076//11733
f 3076//11734 2634//9308 3074//11727
f 2634//9307 3077//11742 3074//11721
f 2634//9306 3078//11747 3077//11737
f 2635//9311 3078//11743 2634//9305
f 2635//9310 3079//11749 3078//11744
f 2635//9318 3080//11759 3079//11751
f 2635//9319 3081//11764 3080//11753
f 3082//11767 3081//11760 2635//9317
f 3082//11766 3083//11778 3081//11761
f 2637//9328 3083//11774 3082//11765
f 3083//11775 2637//9327 3084//11786
f 3085//11794 3084//11786 2637//9327
f 3084//11787 3083//11779 3085//11796
f 3083//11776 3084//11785 3086//11805
f 3084//11788 3085//11795 3083//11780
f 3085//11790 3086//11805 3084//11789
f 3085//11791 3087//11812 3086//11806
f 3088//11821 3087//11813 3085//11800
f 3087//11814 3088//11820 2459//8456
f 3088//11825 3089//11829 3087//11809
f 3088//11824 2462//8475 3089//11828
f 2462//8476 3088//11823 3090//11832
f 3090//11833 3088//11822 3085//11801
f 3090//11834 3085//11802 3083//11781
f 3085//11798 3091//11839 3083//11784
f 2462//8478 3091//11840 3085//11799
f 2462//8477 3090//11831 3091//11843
f 3092//11849 3091//11843 3090//11837
f 3092//11848 3093//11851 3091//11842
f 3093//11852 3092//11847 3094//11858
f 3092//11846 3095//11862 3094//11859
f 3092//11845 3096//11869 3095//11863
f 3092//11844 3090//11836 3096//11870
f 3090//11835 3083//11782 3096//11871
f 3083//11783 3082//11772 3096//11872
f 3083//11784 3091//11839 3082//11769
f 3091//11838 3097//11876 3082//11769
f 3097//11877 3091//11841 2462//8487
f 2462//8473 3091//11842 3093//11851
f 3098//11879 2462//8474 3093//11850
f 3098//11883 3089//11828 2462//8475
f 3098//11884 3087//11809 3089//11829
f 3099//11889 3087//11809 3098//11882
f 3087//11810 3099//11888 3100//11891
f 3098//11881 3100//11892 3099//11890
f 3100//11893 3098//11880 3093//11855
f 3098//11886 3100//11900 2463//8491
f 3101//11902 2463//8491 3100//11900
f 3101//11901 2464//8500 2463//8490
f 3102//11909 2464//8501 3101//11905
f 2460//8466 2464//8502 3102//11908
f 3103//11916 2464//8503 2460//8468
f 2464//8497 3103//11915 2463//8495
f 3103//11914 3088//11826 2463//8494
f 3103//11913 2459//8455 3088//11827
f 3103//11912 2460//8463 2459//8459
f 2460//8467 3102//11907 2459//8461
f 3102//11906 3100//11897 2459//8462
f 3102//11911 3104//11918 3100//11898
f 3102//11910 3101//11904 3104//11919
f 3104//11917 3101//11903 3100//11899
f 3087//11815 2459//8462 3100//11897
f 3087//11816 2458//8449 2459//8457
f 2458//8450 3087//11817 3085//11792
f 3087//11818 2462//8479 3085//11797
f 3087//11819 2459//8460 2462//8480
f 2459//8460 2460//8465 2462//8480
f 2458//8451 3085//11793 2637//9326
f 3087//11811 3100//11896 3086//11807
f 3086//11808 3100//11895 3080//11755
f 3100//11894 3093//11854 3080//11756
f 3093//11853 3094//11857 3080//11757
f 3094//11856 3105//11924 3080//11758
f 3094//11860 3106//11940 3105//11923
f 3106//11941 3094//11859 3095//11862
f 3106//11942 3095//11863 3096//11869
f 3095//11861 3107//11949 3106//11944
f 3107//11945 3095//11865 3097//11876
f 3082//11769 3097//11876 3095//11865
f 3095//11864 3106//11939 3082//11770
f 3105//11922 3082//11770 3106//11939
f 3105//11921 3079//11748 3082//11771
f 3105//11925 3079//11751 3080//11759
f 3105//11920 3096//11867 3079//11752
f 3105//11938 3106//11943 3096//11868
f 3105//11926 3106//11944 3107//11949
f 3107//11948 3108//11953 3105//11927
f 3109//11959 3108//11954 3107//11947
f 3109//11958 2505//8684 3108//11955
f 2504//8679 2505//8685 3109//11957
f 3110//11966 2504//8680 3109//11956
f 3110//11965 3111//11968 2504//8681
f 3111//11969 3110//11964 3112//11977
f 2466//8510 3112//11977 3110//11964
f 3112//11976 2466//8509 3113//11982
f 3113//11978 2466//8509 3114//11985
f 3114//11983 2466//8509 3115//11990
f 3115//11986 2466//8509 3116//11994
f 3116//11991 2466//8509 2468//8515
f 3117//11998 3116//11991 2468//8520
f 3116//11992 3117//11997 3118//12000
f 3117//11996 3119//12006 3118//12001
f 3117//11995 2468//8519 3119//12007
f 3119//12003 2468//8519 2472//8534
f 3119//12004 2472//8537 3115//11989
f 3114//11984 3115//11989 2472//8537
f 3113//11979 3114//11984 2472//8537
f 3113//11980 2472//8536 3120//12011
f 2472//8535 2473//8542 3120//12008
f 3120//12009 2473//8541 3121//12016
f 3121//12012 2473//8540 2475//8550
f 3121//12013 2475//8549 3112//11975
f 3122//12018 3112//11975 2475//8549
f 3112//11974 3122//12017 2476//8555
f 2475//8548 2476//8555 3122//12019
f 2476//8554 2481//8579 3112//11973
f 3112//11972 2481//8578 3123//12029
f 2481//8577 2483//8586 3123//12028
f 2483//8591 3124//12036 3123//12027
f 2483//8590 2485//8596 3124//12032
f 3124//12033 2485//8600 3125//12040
f 2485//8599 3126//12044 3125//12037
f 3126//12041 2485//8598 2486//8603
f 3127//12049 3126//12041 2486//8603
f 3126//12042 3127//12048 3128//12053
f 3129//12056 3128//12053 3127//12048
f 3129//12055 3123//12026 3128//12054
f 2433//8316 3123//12026 3129//12055
f 3123//12025 2433//8317 2504//8676
f 3123//12024 2504//8681 3111//11968
f 3123//12030 3111//11969 3112//11977
f 3123//12031 3112//11971 3130//12061
f 3131//12065 3130//12057 3112//11971
f 3130//12058 3131//12064 3132//12067
f 3133//12072 3132//12067 3131//12064
f 3133//12071 3134//12073 3132//12068
f 3133//12070 3122//12020 3134//12074
f 3122//12021 3133//12069 3131//12064
f 3131//12063 3134//12074 3122//12022
f 3131//12062 3112//11970 3134//12075
f 3135//12078 3132//12068 3134//12073
f 3130//12059 3132//12066 3135//12077
f 3130//12060 3135//12076 3123//12023
f 3136//12079 2433//8316 3129//12055
f 3137//12083 2433//8316 3136//12079
f 2494//8638 2433//8316 3137//12083
f 3137//12084 3136//12082 2494//8639
f 3138//12087 2494//8639 3136//12082
f 3138//12086 2493//8636 2494//8640
f 3127//12046 2493//8637 3138//12085
f 2493//8634 3127//12045 2486//8603
f 3136//12081 3127//12047 3138//12088
f 3136//12080 3129//12056 3127//12048
f 3124//12035 3128//12050 3123//12026
f 3124//12034 3125//12039 3128//12051
f 3125//12038 3126//12043 3128//12052
f 3121//12014 3112//11976 3113//11982
f 3113//11981 3120//12010 3121//12015
f 3118//12002 3119//12005 3115//11988
f 3116//11993 3118//11999 3115//11987
f 2466//8511 3110//11963 2462//8485
f 2462//8486 3110//11962 3097//11873
f 3110//11967 3109//11961 3097//11874
f 3097//11875 3109//11960 3107//11946
f 2462//8484 2463//8488 2466//8507
f 3098//11878 2463//8492 2462//8482
f 3098//11885 2463//8494 3089//11830
f 3098//11887 2462//8483 2463//8493
f 3089//11830 2463//8494 3088//11826
f 2463//8496 2464//8499 2466//8507
f 2505//8683 2506//8690 3108//11950
f 3108//11951 2506//8689 2507//8697
f 3108//11952 2507//8696 3105//11928
f 3105//11937 2507//8695 2508//8704
f 3105//11936 2508//8703 3139//12092
f 3139//12089 2508//8702 2509//8710
f 2509//8709 3140//12094 3139//12090
f 3140//12095 2509//8708 3069//11695
f 2509//8707 3141//12099 3069//11696
f 3141//12100 2509//8706 2510//8716
f 2510//8715 2051//6413 3141//12101
f 3068//11688 3141//12101 2051//6413
f 3069//11694 3070//11702 3140//12096
f 3069//11690 2627//9259 3070//11699
f 3070//11697 3068//11689 3069//11693
f 3072//11709 3140//12096 3070//11702
f 3072//11714 3142//12107 3140//12097
f 3072//11713 3074//11723 3142//12102
f 3074//11722 3077//11741 3142//12103
f 3077//11740 3143//12113 3142//12104
f 3077//11739 3144//12118 3143//12108
f 3078//11746 3144//12114 3077//11738
f 3078//11745 3105//11930 3144//12115
f 3105//11929 3078//11744 3079//11749
f 3144//12116 3105//11931 3145//12123
f 3145//12119 3105//11932 3146//12127
f 3146//12124 3105//11933 3147//12130
f 3147//12128 3105//11934 3148//12133
f 3148//12131 3105//11935 3139//12091
f 3148//12132 3139//12090 3149//12137
f 3149//12137 3139//12090 3140//12094
f 3150//12140 3149//12139 3140//12093
f 3150//12141 3140//12098 3149//12138
f 3142//12106 3149//12134 3140//12098
f 3142//12105 3143//12112 3149//12135
f 3143//12111 3151//12145 3149//12136
f 3143//12110 3145//12121 3151//12142
f 3144//12117 3145//12122 3143//12109
f 3145//12120 3146//12126 3151//12143
f 3146//12125 3148//12132 3151//12144
f 3147//12129 3148//12132 3146//12125
f 3151//12144 3148//12132 3149//12137
f 2635//9309 3079//11752 3096//11867
f 2635//9316 3082//11771 3079//11750
f 2637//9329 3082//11768 2635//9315
f 3096//11866 3082//11773 2635//9320
f 3081//11763 3086//11803 3080//11754
f 3083//11777 3086//11804 3081//11762
f 3050//11631 3045//11612 3046//11619
f 3050//11628 1897//5827 3046//11620
f 1898//5828 1897//5827 3050//11628
f 1899//5829 1897//5827 1898//5828
f 1900//5830 3046//11615 1897//5827
f 3044//11608 2618//9222 2619//9224
f 2618//9220 3152//12147 3044//11609
f 3153//12148 3044//11603 3152//12147
f 3152//12146 3153//12149 1901//5831
f 1902//5832 1901//5831 3153//12149
f 2534//8813 3043//11600 2535//8818
f 2534//8812 1903//5833 3043//11602
f 1904//5834 1903//5833 2534//8812
f 1905//5835 1903//5833 1904//5834
f 1906//5836 3043//11598 1903//5833
f 3043//11601 2534//8815 2064//6479
f 2061//6457 2064//6479 2534//8815
f 2061//6456 2062//6463 2064//6476
f 3042//11596 3028//11526 2612//9198
f 3027//11519 2091//6628 3154//12153
f 3154//12150 2091//6627 2092//6637
f 3155//12158 3154//12151 2092//6636
f 3027//11520 3154//12152 3155//12157
f 3027//11521 3155//12156 3156//12167
f 3156//12168 3155//12155 2094//6650
f 3155//12154 2092//6635 2094//6644
f 3156//12159 2094//6649 3157//12173
f 3157//12169 2094//6648 3158//12178
f 3158//12174 2094//6647 2098//6664
f 3158//12175 2098//6669 2100//6675
f 3159//12184 3158//12176 2100//6679
f 3157//12170 3158//12177 3159//12183
f 3157//12171 3159//12182 3160//12186
f 3161//12190 3160//12186 3159//12182
f 3161//12189 3156//12160 3160//12187
f 3162//12195 3156//12161 3161//12188
f 3163//12202 3156//12162 3162//12194
f 3163//12201 3023//11500 3156//12163
f 3164//12206 3023//11501 3163//12200
f 3164//12205 3165//12212 3023//11502
f 3166//12223 3165//12213 3164//12209
f 3166//12222 3167//12225 3165//12214
f 3168//12233 3167//12226 3166//12221
f 3168//12232 3169//12237 3167//12227
f 3170//12245 3169//12238 3168//12231
f 3171//12248 3169//12239 3170//12244
f 3171//12247 3017//11465 3169//12240
f 3172//12254 3017//11466 3171//12246
f 3172//12253 3016//11459 3017//11467
f 3173//12260 3016//11460 3172//12252
f 3173//12259 3015//11454 3016//11461
f 3014//11447 3015//11455 3173//12258
f 3174//12265 3014//11448 3173//12257
f 3174//12264 3175//12271 3014//11449
f 3176//12281 3175//12272 3174//12269
f 3176//12280 3177//12285 3175//12273
f 3178//12291 3177//12286 3176//12279
f 3178//12290 3009//11420 3177//12287
f 3008//11415 3009//11421 3178//12289
f 3179//12297 3008//11416 3178//12288
f 3002//11378 3008//11417 3179//12296
f 3003//11384 3008//11411 3002//11377
f 3003//11383 3004//11392 3008//11412
f 3001//11373 3002//11379 3179//12295
f 3001//11374 3179//12294 3180//12301
f 3180//12302 3179//12299 3181//12312
f 3179//12298 3178//12293 3181//12313
f 3182//12318 3181//12307 3178//12293
f 3181//12308 3182//12317 3183//12320
f 3183//12321 3182//12316 3184//12328
f 3182//12315 3176//12277 3184//12329
f 3182//12314 3178//12292 3176//12278
f 3184//12330 3176//12276 3174//12268
f 3184//12325 3174//12267 3185//12336
f 3185//12337 3174//12266 3173//12263
f 3185//12331 3173//12262 3186//12342
f 3173//12261 3172//12256 3186//12343
f 3186//12344 3172//12255 3171//12251
f 3186//12338 3171//12250 3187//12349
f 3187//12350 3171//12249 3170//12243
f 3188//12358 3187//12345 3170//12242
f 3189//12361 3187//12346 3188//12357
f 3189//12360 3190//12370 3187//12347
f 3191//12381 3190//12371 3189//12368
f 3191//12380 3192//12383 3190//12372
f 3193//12393 3192//12384 3191//12379
f 3194//12395 3192//12385 3193//12392
f 3194//12394 3195//12401 3192//12386
f 3196//12411 3195//12402 3194//12399
f 3196//12410 3197//12413 3195//12403
f 3198//12424 3197//12414 3196//12409
f 3199//12426 3197//12415 3198//12423
f 3199//12425 3200//12433 3197//12416
f 3199//12431 3201//12443 3200//12434
f 3202//12450 3201//12438 3199//12430
f 3202//12449 3203//12452 3201//12439
f 3203//12453 3202//12448 3204//12461
f 3204//12457 3202//12447 3205//12467
f 3202//12446 3206//12474 3205//12462
f 3202//12445 3207//12478 3206//12468
f 3202//12444 3199//12429 3207//12479
f 3207//12475 3199//12428 3208//12484
f 3199//12427 3198//12422 3208//12485
f 3208//12480 3198//12421 3209//12491
f 3198//12420 3196//12408 3209//12492
f 3196//12407 3210//12497 3209//12486
f 3210//12498 3196//12406 3194//12398
f 3210//12493 3194//12397 3211//12503
f 3211//12504 3194//12396 3193//12391
f 3211//12499 3193//12390 3212//12511
f 3193//12389 3213//12516 3212//12505
f 3193//12388 3191//12378 3213//12517
f 3213//12512 3191//12377 3214//12520
f 3214//12521 3191//12376 3189//12367
f 3189//12366 3215//12523 3214//12518
f 3189//12365 3216//12533 3215//12522
f 3189//12364 3217//12537 3216//12524
f 3189//12363 3218//12542 3217//12534
f 3218//12543 3189//12362 3188//12356
f 3219//12548 3218//12538 3188//12355
f 3220//12550 3218//12539 3219//12547
f 3221//12558 3218//12540 3220//12549
f 3217//12535 3218//12541 3221//12557
f 3217//12536 3221//12556 3216//12525
f 3216//12526 3221//12555 3222//12561
f 3222//12562 3221//12559 3220//12554
f 3223//12570 3222//12563 3220//12553
f 3224//12573 3222//12564 3223//12569
f 3224//12572 3216//12527 3222//12560
f 3225//12576 3216//12528 3224//12571
f 3225//12575 3226//12582 3216//12529
f 3225//12581 3227//12586 3226//12583
f 3227//12587 3225//12580 3228//12594
f 3225//12579 3229//12599 3228//12591
f 3225//12578 3230//12601 3229//12600
f 3225//12577 3224//12574 3230//12602
f 3223//12568 3230//12602 3224//12574
f 3223//12567 3229//12600 3230//12601
f 3223//12566 3231//12605 3229//12595
f 3223//12565 3220//12552 3231//12606
f 3220//12551 3219//12546 3231//12607
f 3232//12614 3231//12603 3219//12546
f 3231//12604 3232//12613 3229//12596
f 3229//12597 3232//12612 3233//12616
f 3233//12617 3232//12611 3234//12622
f 3232//12610 3235//12630 3234//12623
f 3232//12609 3236//12634 3235//12626
f 3219//12545 3236//12635 3232//12608
f 3219//12544 3188//12354 3236//12636
f 3236//12631 3188//12353 3237//12641
f 3188//12352 3166//12219 3237//12642
f 3188//12351 3168//12229 3166//12220
f 3188//12359 3170//12241 3168//12230
f 3237//12637 3166//12218 3238//12645
f 3166//12217 3164//12208 3238//12646
f 3238//12647 3164//12207 3163//12204
f 3238//12648 3163//12203 3162//12199
f 3239//12654 3238//12643 3162//12198
f 3237//12638 3238//12644 3239//12653
f 3240//12658 3237//12639 3239//12652
f 3236//12632 3237//12640 3240//12657
f 3236//12633 3240//12656 3235//12627
f 3235//12628 3240//12655 3241//12666
f 3240//12660 3242//12672 3241//12667
f 3240//12659 3239//12651 3242//12673
f 3242//12674 3239//12650 3243//12678
f 3244//12683 3243//12676 3239//12650
f 3244//12682 3241//12661 3243//12677
f 3244//12681 3245//12684 3241//12662
f 3244//12680 3162//12196 3245//12685
f 3239//12649 3162//12197 3244//12679
f 3161//12193 3245//12685 3162//12196
f 3161//12192 3241//12662 3245//12684
f 3241//12663 3161//12191 3246//12687
f 3159//12181 3246//12687 3161//12191
f 3159//12180 3234//12625 3246//12686
f 3234//12620 3159//12179 3247//12694
f 2100//6678 3247//12694 3159//12179
f 3248//12696 3247//12688 2100//6678
f 2101//6684 3247//12688 3248//12696
f 2101//6683 3249//12698 3247//12689
f 3249//12697 2101//6682 3250//12704
f 3251//12712 3250//12704 2101//6682
f 3251//12711 3252//12713 3250//12705
f 3251//12710 3253//12718 3252//12714
f 3254//12730 3253//12719 3251//12709
f 3254//12729 2120//6782 3253//12720
f 2117//6763 2120//6778 3254//12728
f 3255//12734 2117//6764 3254//12727
f 3255//12733 2107//6711 2117//6765
f 3255//12732 3256//12737 2107//6712
f 3255//12735 3254//12726 3256//12738
f 2106//6704 3256//12739 3254//12725
f 3256//12736 2106//6703 2107//6713
f 2104//6695 2106//6705 3254//12724
f 2104//6694 2105//6699 2106//6706
f 3254//12723 2103//6691 2104//6696
f 3254//12722 2102//6686 2103//6692
f 2102//6687 3254//12721 3257//12741
f 3251//12708 3257//12741 3254//12731
f 3251//12707 2101//6681 3257//12742
f 2102//6688 3257//12740 2101//6681
f 2107//6710 2114//6746 2117//6758
f 2107//6709 2111//6729 2114//6742
f 2120//6781 2121//6787 3253//12715
f 2121//6786 3258//12748 3253//12716
f 2121//6785 3259//12754 3258//12743
f 2122//6793 3259//12749 2121//6784
f 2122//6792 3260//12762 3259//12750
f 3260//12755 2122//6791 3261//12767
f 2122//6790 2123//6799 3261//12763
f 3261//12764 2123//6798 3262//12774
f 2123//6797 2124//6805 3262//12768
f 3262//12769 2124//6804 3263//12780
f 2124//6803 3264//12786 3263//12775
f 2124//6802 2125//6809 3264//12781
f 2125//6808 2126//6817 3264//12782
f 3264//12783 2126//6816 2131//6840
f 3264//12784 2131//6844 3265//12792
f 3265//12787 2131//6843 2132//6848
f 3265//12788 2132//6847 3266//12800
f 2132//6846 2133//6854 3266//12793
f 3266//12794 2133//6853 3267//12806
f 3267//12801 2133//6852 2136//6871
f 2136//6870 2204//7136 3267//12802
f 2136//6869 2137//6874 2204//7133
f 2137//6874 2139//6887 2204//7133
f 2205//7142 3267//12802 2204//7136
f 3267//12803 2205//7141 3268//12812
f 3268//12807 2205//7140 2210//7171
f 2205//7139 2207//7149 2210//7166
f 3268//12808 2210//7170 2212//7178
f 3269//12819 3268//12809 2212//7183
f 3270//12823 3268//12810 3269//12818
f 3270//12822 3267//12804 3268//12811
f 3266//12795 3267//12805 3270//12821
f 3266//12796 3270//12820 3271//12826
f 3271//12827 3270//12824 3269//12817
f 3272//12836 3271//12828 3269//12816
f 3273//12839 3271//12829 3272//12835
f 3273//12838 3266//12797 3271//12825
f 3274//12845 3266//12798 3273//12837
f 3274//12844 3265//12789 3266//12799
f 3263//12777 3265//12790 3274//12843
f 3263//12776 3264//12785 3265//12791
f 3275//12850 3263//12778 3274//12842
f 3262//12770 3263//12779 3275//12849
f 3276//12855 3262//12771 3275//12848
f 3277//12863 3262//12772 3276//12854
f 3277//12862 3261//12765 3262//12773
f 3277//12861 3260//12756 3261//12766
f 3278//12866 3260//12757 3277//12860
f 3278//12865 3279//12873 3260//12758
f 3280//12882 3279//12874 3278//12871
f 3280//12881 3281//12884 3279//12875
f 3280//12880 3282//12894 3281//12885
f 3283//12900 3282//12889 3280//12879
f 3283//12899 3284//12902 3282//12890
f 3285//12912 3284//12903 3283//12898
f 3285//12911 3286//12914 3284//12904
f 3287//12926 3286//12915 3285//12910
f 3288//12928 3286//12916 3287//12925
f 3289//12933 3286//12917 3288//12927
f 3289//12932 3290//12940 3286//12918
f 3291//12950 3290//12941 3289//12938
f 3291//12949 3292//12952 3290//12942
f 3291//12948 3293//12962 3292//12953
f 3293//12958 3291//12947 3294//12965
f 3295//12968 3294//12963 3291//12947
f 3295//12967 3296//12973 3294//12964
f 3296//12974 3295//12966 3291//12947
f 3297//12979 3296//12969 3291//12946
f 3298//12981 3296//12970 3297//12978
f 3299//12989 3296//12971 3298//12980
f 3299//12988 3300//12995 3296//12972
f 3209//12488 3300//12996 3299//12987
f 3209//12487 3210//12496 3300//12991
f 3210//12495 3301//13002 3300//12992
f 3210//12494 3211//12502 3301//12997
f 3211//12501 3227//12590 3301//12998
f 3211//12500 3212//12510 3227//12584
f 3212//12509 3302//13007 3227//12585
f 3303//13011 3302//13003 3212//12508
f 3303//13010 3216//12530 3302//13004
f 3304//13016 3216//12531 3303//13009
f 3305//13021 3216//12532 3304//13015
f 3305//13020 3215//12522 3216//12533
f 3305//13019 3214//12518 3215//12523
f 3213//12513 3214//12519 3305//13018
f 3304//13014 3213//12514 3305//13017
f 3212//12506 3213//12515 3304//13013
f 3212//12507 3304//13012 3303//13008
f 3302//13005 3216//12529 3226//12582
f 3302//13006 3226//12583 3227//12586
f 3301//12999 3227//12589 3306//13025
f 3227//12588 3228//12593 3306//13022
f 3228//12592 3307//13029 3306//13023
f 3307//13026 3228//12591 3308//13036
f 3308//13030 3228//12591 3229//12599
f 3229//12598 3233//12615 3308//13031
f 3309//13040 3308//13031 3233//12619
f 3308//13032 3309//13039 3310//13046
f 3309//13038 3247//12692 3310//13047
f 3247//12693 3309//13037 3234//12621
f 3233//12618 3234//12621 3309//13037
f 3247//12691 3311//13052 3310//13041
f 3247//12690 3250//12702 3311//13048
f 3250//12703 3247//12689 3249//12698
f 3312//13058 3311//13049 3250//12701
f 3312//13057 3313//13063 3311//13050
f 3259//12752 3313//13064 3312//13056
f 3260//12761 3313//13059 3259//12751
f 3260//12760 3314//13070 3313//13060
f 3279//12872 3314//13065 3260//12759
f 3279//12876 3281//12883 3314//13066
f 3314//13067 3281//12888 3315//13075
f 3281//12887 3316//13082 3315//13071
f 3282//12893 3316//13076 3281//12886
f 3282//12892 3317//13087 3316//13077
f 3284//12901 3317//13083 3282//12891
f 3284//12906 3290//12944 3317//13084
f 3286//12913 3290//12939 3284//12905
f 3290//12943 3292//12951 3317//13085
f 3317//13086 3292//12957 3316//13078
f 3292//12956 3307//13028 3316//13079
f 3292//12955 3306//13023 3307//13029
f 3292//12954 3293//12961 3306//13024
f 3301//13000 3306//13024 3293//12961
f 3300//12993 3301//13001 3293//12960
f 3293//12959 3294//12964 3300//12994
f 3296//12973 3300//12994 3294//12964
f 3307//13027 3308//13035 3316//13080
f 3308//13034 3315//13072 3316//13081
f 3308//13033 3310//13045 3315//13073
f 3314//13068 3315//13074 3310//13044
f 3314//13069 3310//13043 3313//13061
f 3313//13062 3310//13042 3311//13051
f 3259//12753 3312//13055 3258//12744
f 3258//12745 3312//13054 3318//13090
f 3312//13053 3250//12700 3318//13091
f 3319//13094 3318//13093 3250//12699
f 3319//13095 3250//12706 3318//13092
f 3318//13088 3250//12706 3320//13098
f 3321//13103 3320//13096 3250//12706
f 3321//13102 3258//12746 3320//13097
f 3253//12717 3258//12747 3321//13101
f 3321//13100 3252//12714 3253//12718
f 3321//13099 3250//12705 3252//12713
f 3318//13089 3320//13097 3258//12746
f 3209//12489 3299//12986 3322//13105
f 3322//13106 3299//12990 3298//12985
f 3322//13107 3298//12984 3323//13116
f 3324//13118 3323//13110 3298//12984
f 3323//13111 3324//13117 3325//13122
f 3298//12983 3325//13122 3324//13117
f 3298//12982 3297//12977 3325//13123
f 3325//13124 3297//12976 3289//12936
f 3297//12975 3291//12945 3289//12937
f 3325//13119 3289//12935 3326//13129
f 3326//13130 3289//12934 3288//12931
f 3326//13125 3288//12930 3327//13136
f 3327//13137 3288//12929 3287//12924
f 3328//13143 3327//13131 3287//12923
f 3329//13145 3327//13132 3328//13142
f 3329//13144 3330//13150 3327//13133
f 3329//13149 3331//13157 3330//13151
f 3332//13163 3331//13152 3329//13148
f 3332//13162 3333//13165 3331//13153
f 3334//13173 3333//13166 3332//13161
f 3333//13167 3334//13172 3335//13175
f 3336//13183 3335//13175 3334//13172
f 3336//13182 3337//13185 3335//13176
f 3338//13196 3337//13186 3336//13181
f 3338//13195 3339//13198 3337//13187
f 3340//13208 3339//13199 3338//13194
f 3341//13210 3339//13200 3340//13207
f 3341//13209 3342//13216 3339//13201
f 3343//13227 3342//13217 3341//13214
f 3343//13226 3344//13229 3342//13218
f 3345//13237 3344//13230 3343//13225
f 3346//13245 3344//13231 3345//13236
f 3346//13244 3347//13247 3344//13232
f 3346//13243 3348//13253 3347//13248
f 3348//13252 3346//13242 3349//13259
f 2938//11016 3349//13259 3346//13242
f 3350//13265 3349//13254 2938//11015
f 3350//13264 3351//13270 3349//13255
f 2943//11050 3351//13271 3350//13263
f 3351//13266 2943//11049 3352//13274
f 3353//13278 3352//13272 2943//11049
f 3353//13277 3354//13279 3352//13273
f 3355//13290 3354//13280 3353//13276
f 3354//13281 3355//13289 3356//13292
f 3357//13299 3356//13292 3355//13289
f 3357//13298 3358//13300 3356//13293
f 3357//13297 3359//13312 3358//13301
f 3360//13318 3359//13306 3357//13296
f 3360//13317 3361//13320 3359//13307
f 3360//13316 3362//13325 3361//13321
f 3360//13315 3363//13329 3362//13324
f 3360//13314 3364//13334 3363//13330
f 3364//13335 3360//13313 3357//13295
f 3364//13336 3357//13294 3355//13288
f 3364//13337 3355//13287 2945//11061
f 2945//11056 3355//13286 2943//11047
f 3355//13285 3353//13275 2943//11048
f 2947//11067 3364//13332 2945//11060
f 3364//13333 2947//11072 3363//13331
f 2947//11071 3365//13343 3363//13326
f 2947//11070 3366//13350 3365//13338
f 3366//13344 2947//11069 2948//11074
f 3366//13345 2948//11073 2949//11080
f 2955//11117 3366//13346 2949//11079
f 2956//11124 3366//13347 2955//11120
f 2956//11123 2957//11133 3366//13348
f 3367//13353 3366//13348 2957//11133
f 3366//13349 3367//13352 3365//13339
f 3368//13355 3365//13339 3367//13352
f 2957//11132 3365//13339 3368//13355
f 3365//13340 2957//11131 3369//13362
f 2957//11130 3370//13364 3369//13356
f 2957//11129 2958//11139 3370//13363
f 3371//13367 3370//13363 2958//11139
f 3371//13366 3372//13370 3370//13364
f 3371//13365 2958//11138 3372//13371
f 3373//13374 3372//13368 2958//11138
f 3372//13369 3373//13373 3369//13357
f 3374//13376 3369//13357 3373//13373
f 3369//13358 3374//13375 3375//13382
f 3375//13383 3374//13380 3376//13391
f 3374//13379 3377//13397 3376//13385
f 3374//13378 3378//13402 3377//13392
f 3374//13377 3373//13372 3378//13403
f 2958//11137 3378//13403 3373//13372
f 2958//11136 2959//11146 3378//13398
f 3378//13399 2959//11145 3379//13409
f 3379//13404 2959//11144 3380//13414
f 2959//11143 2962//11162 3380//13410
f 2959//11142 2960//11152 2962//11158
f 3380//13411 2962//11161 2963//11167
f 3380//13412 2963//11166 3381//13423
f 2963//11165 2975//11234 3381//13415
f 2963//11164 2964//11174 2975//11229
f 2975//11233 2976//11238 3381//13416
f 2976//11237 3382//13427 3381//13417
f 2976//11236 2977//11243 3382//13424
f 2977//11242 3383//13434 3382//13425
f 2977//11241 2978//11250 3383//13428
f 2978//11249 2990//11313 3383//13429
f 2990//11312 3384//13439 3383//13430
f 2990//11311 3385//13444 3384//13435
f 3385//13443 3386//13448 3384//13436
f 3386//13449 3385//13442 3180//12306
f 3385//13441 3001//11375 3180//12300
f 3385//13440 2992//11327 3001//11370
f 3386//13445 3180//12305 3387//13455
f 3387//13450 3180//12304 3388//13461
f 3388//13456 3180//12303 3181//12311
f 3388//13457 3181//12310 3389//13468
f 3389//13462 3181//12309 3183//12319
f 3389//13463 3183//12324 3390//13474
f 3390//13469 3183//12323 3391//13479
f 3183//12322 3184//12327 3391//13475
f 3391//13476 3184//12326 3185//12335
f 3391//13477 3185//12334 3392//13486
f 3392//13480 3185//12333 3393//13491
f 3393//13487 3185//12332 3186//12341
f 3393//13488 3186//12340 3190//12375
f 3190//12369 3186//12339 3187//12348
f 3394//13497 3393//13489 3190//12374
f 3392//13481 3393//13490 3394//13496
f 3395//13502 3392//13482 3394//13495
f 3396//13508 3392//13483 3395//13501
f 3396//13507 3390//13471 3392//13484
f 3397//13511 3390//13472 3396//13506
f 3389//13464 3390//13473 3397//13510
f 3398//13515 3389//13465 3397//13509
f 3399//13522 3389//13466 3398//13514
f 3399//13521 3388//13458 3389//13467
f 3400//13527 3388//13459 3399//13520
f 3387//13451 3388//13460 3400//13526
f 3401//13532 3387//13452 3400//13525
f 3402//13541 3387//13453 3401//13531
f 3386//13446 3387//13454 3402//13540
f 3384//13437 3386//13447 3402//13539
f 3384//13438 3402//13538 3383//13431
f 3383//13432 3402//13537 3403//13544
f 3402//13542 3401//13536 3403//13545
f 3403//13546 3401//13535 3404//13549
f 3404//13550 3401//13534 3405//13560
f 3401//13533 3400//13530 3405//13561
f 3405//13556 3400//13529 3406//13566
f 3400//13528 3399//13524 3406//13567
f 3399//13523 3398//13519 3406//13568
f 3406//13562 3398//13518 3407//13572
f 3407//13569 3398//13517 3408//13576
f 3398//13516 3397//13513 3408//13577
f 3408//13578 3397//13512 3396//13505
f 3408//13579 3396//13504 3197//12418
f 3197//12419 3396//13503 3395//13500
f 3197//12412 3395//13499 3195//12404
f 3395//13498 3394//13494 3195//12405
f 3195//12400 3394//13493 3192//12387
f 3394//13492 3190//12373 3192//12382
f 3200//12432 3408//13573 3197//12417
f 3409//13585 3408//13574 3200//12437
f 3409//13584 3410//13587 3408//13575
f 3409//13583 3406//13563 3410//13588
f 3411//13591 3406//13564 3409//13582
f 3405//13557 3406//13565 3411//13590
f 3412//13597 3405//13558 3411//13589
f 3404//13551 3405//13559 3412//13596
f 3413//13602 3404//13552 3412//13595
f 3414//13611 3404//13553 3413//13601
f 3415//13616 3404//13554 3414//13610
f 3415//13615 3381//13420 3404//13555
f 3381//13421 3415//13614 3379//13406
f 3415//13613 3416//13620 3379//13407
f 3415//13617 3414//13609 3416//13621
f 3416//13622 3414//13608 3417//13625
f 3377//13394 3417//13625 3414//13608
f 3417//13624 3377//13393 3416//13623
f 3378//13401 3416//13618 3377//13393
f 3378//13400 3379//13408 3416//13619
f 3418//13628 3377//13395 3414//13607
f 3377//13396 3418//13627 3419//13633
f 3376//13386 3419//13633 3418//13627
f 3419//13632 3376//13385 3377//13397
f 3420//13635 3376//13387 3418//13626
f 3421//13643 3376//13388 3420//13634
f 3376//13389 3421//13642 3422//13649
f 3423//13654 3422//13649 3421//13647
f 3423//13653 3375//13384 3422//13650
f 3369//13359 3375//13381 3423//13652
f 3424//13660 3369//13360 3423//13651
f 3365//13341 3369//13361 3424//13659
f 3363//13327 3365//13342 3424//13658
f 3425//13666 3363//13328 3424//13657
f 3425//13665 3362//13324 3363//13329
f 3425//13664 3361//13321 3362//13325
f 3361//13322 3425//13663 3426//13670
f 3425//13668 3427//13678 3426//13671
f 3425//13667 3424//13662 3427//13679
f 3427//13680 3424//13661 3423//13656
f 3427//13681 3423//13655 3421//13646
f 3427//13675 3421//13645 3428//13685
f 3428//13686 3421//13644 3420//13641
f 3428//13682 3420//13640 3429//13691
f 3429//13687 3420//13639 3430//13696
f 3430//13692 3420//13638 3431//13702
f 3420//13637 3432//13706 3431//13697
f 3420//13636 3418//13631 3432//13707
f 3432//13708 3418//13630 3413//13605
f 3418//13629 3414//13612 3413//13606
f 3432//13703 3413//13604 3433//13712
f 3433//13713 3413//13603 3412//13600
f 3433//13709 3412//13599 3434//13720
f 3412//13598 3411//13594 3434//13721
f 3434//13714 3411//13593 3435//13725
f 3435//13726 3411//13592 3409//13581
f 3435//13727 3409//13580 3200//12436
f 3435//13722 3200//12435 3436//13730
f 3201//12442 3436//13728 3200//12435
f 3201//12441 3437//13736 3436//13729
f 3203//12451 3437//13731 3201//12440
f 3438//13741 3437//13732 3203//12456
f 3438//13740 3439//13743 3437//13733
f 3438//13739 3440//13750 3439//13744
f 3440//13747 3438//13738 3441//13756
f 3442//13761 3441//13751 3438//13738
f 3441//13752 3442//13760 3443//13763
f 3444//13771 3443//13763 3442//13760
f 3444//13770 3445//13774 3443//13764
f 3445//13775 3444//13769 3446//13778
f 3447//13787 3446//13778 3444//13769
f 3447//13786 3448//13789 3446//13779
f 3447//13785 3449//13799 3448//13790
f 3449//13794 3447//13784 3450//13801
f 3205//12465 3450//13801 3447//13784
f 3205//12464 3451//13807 3450//13800
f 3205//12463 3206//12473 3451//13802
f 3451//13803 3206//12472 3452//13813
f 3206//12471 3453//13817 3452//13808
f 3453//13814 3206//12470 3454//13821
f 3455//13826 3454//13818 3206//12470
f 3454//13819 3455//13825 3456//13829
f 3455//13824 3457//13837 3456//13830
f 3457//13833 3455//13823 3458//13843
f 3458//13844 3455//13822 3207//12477
f 3206//12469 3207//12477 3455//13822
f 3207//12476 3208//12483 3458//13838
f 3458//13839 3208//12482 3322//13109
f 3208//12481 3209//12490 3322//13104
f 3458//13840 3322//13108 3323//13115
f 3458//13841 3323//13114 3459//13849
f 3459//13850 3323//13113 3460//13859
f 3323//13112 3325//13121 3460//13853
f 3460//13854 3325//13120 3326//13128
f 3460//13855 3326//13127 3461//13864
f 3461//13860 3326//13126 3327//13135
f 3462//13871 3461//13861 3327//13134
f 3463//13878 3461//13862 3462//13870
f 3463//13877 3464//13879 3461//13863
f 3464//13880 3463//13876 3465//13887
f 3466//13891 3465//13884 3463//13876
f 3467//13894 3465//13885 3466//13890
f 3467//13893 3464//13881 3465//13886
f 3467//13892 3468//13899 3464//13882
f 3469//13907 3468//13900 3467//13897
f 3468//13901 3469//13906 3470//13914
f 3470//13914 3469//13906 3471//13917
f 3459//13846 3471//13917 3469//13906
f 3459//13851 3460//13858 3471//13916
f 3470//13915 3471//13916 3460//13858
f 3470//13913 3472//13923 3471//13918
f 3472//13924 3470//13912 3473//13928
f 3474//13936 3473//13928 3470//13912
f 3474//13935 3475//13939 3473//13930
f 3474//13934 3473//13929 3475//13940
f 3475//13941 3449//13797 3473//13931
f 3449//13798 3475//13942 3448//13791
f 3448//13792 3475//13943 3463//13873
f 3475//13944 3476//13947 3463//13874
f 3475//13945 3477//13955 3476//13948
f 3475//13938 3473//13932 3477//13956
f 3472//13919 3477//13956 3473//13927
f 3472//13920 3478//13961 3477//13957
f 3472//13926 3449//13796 3478//13962
f 3472//13925 3473//13931 3449//13797
f 3451//13806 3478//13962 3449//13796
f 3451//13805 3477//13957 3478//13961
f 3451//13804 3452//13812 3477//13952
f 3452//13811 3469//13910 3477//13953
f 3452//13810 3456//13832 3469//13903
f 3452//13809 3453//13816 3456//13827
f 3453//13815 3454//13820 3456//13828
f 3456//13831 3457//13836 3469//13904
f 3457//13835 3479//13964 3469//13905
f 3457//13834 3458//13842 3479//13965
f 3459//13848 3479//13965 3458//13842
f 3479//13967 3459//13852 3472//13922
f 3459//13847 3469//13905 3479//13966
f 3459//13845 3471//13918 3472//13923
f 3478//13960 3479//13968 3472//13921
f 3478//13959 3480//13969 3479//13963
f 3478//13958 1907//5837 3480//13970
f 3477//13954 3469//13909 3476//13949
f 3469//13908 3467//13896 3476//13950
f 3476//13951 3467//13895 3466//13889
f 3463//13875 3476//13946 3466//13888
f 3449//13795 3450//13800 3451//13807
f 3448//13793 3463//13872 3462//13869
f 3446//13780 3448//13788 3462//13868
f 3446//13781 3462//13867 3331//13156
f 3462//13866 3330//13151 3331//13157
f 3462//13865 3327//13133 3330//13150
f 3445//13776 3446//13777 3331//13155
f 3445//13772 3331//13154 3333//13164
f 3445//13773 3333//13168 3481//13976
f 3335//13174 3481//13971 3333//13168
f 3481//13972 3335//13177 3337//13184
f 3482//13982 3481//13973 3337//13190
f 3443//13765 3481//13974 3482//13981
f 3481//13975 3443//13764 3445//13774
f 3483//13984 3443//13766 3482//13980
f 3484//13989 3443//13767 3483//13983
f 3484//13988 3441//13753 3443//13762
f 3484//13987 3485//13994 3441//13754
f 3486//14005 3485//13995 3484//13992
f 3486//14004 3487//14011 3485//13996
f 3486//14003 3426//13674 3487//14012
f 3361//13323 3426//13669 3486//14002
f 3361//13319 3486//14001 3359//13308
f 3486//14000 3488//14014 3359//13309
f 3486//14006 3484//13991 3488//14015
f 3484//13990 3483//13986 3488//14016
f 3489//14020 3488//14016 3483//13986
f 3359//13310 3488//14013 3489//14019
f 3359//13311 3489//14018 3358//13302
f 3358//13303 3489//14017 3490//14025
f 3489//14022 3491//14032 3490//14026
f 3491//14033 3489//14021 3482//13979
f 3483//13985 3482//13979 3489//14021
f 3491//14030 3482//13978 3492//14039
f 3492//14040 3482//13977 3337//13189
f 3339//13197 3492//14034 3337//13188
f 3342//13215 3492//14035 3339//13202
f 3342//13220 3493//14045 3492//14036
f 3344//13228 3493//14041 3342//13219
f 3344//13233 3347//13246 3493//14042
f 3490//14029 3493//14043 3347//13251
f 3490//14028 3492//14037 3493//14044
f 3490//14027 3491//14031 3492//14038
f 3494//14051 3490//14023 3347//13250
f 3358//13304 3490//14024 3494//14050
f 3354//13283 3358//13305 3494//14049
f 3354//13282 3356//13291 3358//13300
f 3354//13284 3494//14048 3351//13268
f 3351//13269 3494//14047 3349//13256
f 3494//14046 3347//13249 3349//13257
f 3349//13258 3347//13248 3348//13253
f 3351//13267 3352//13273 3354//13279
f 3426//13673 3495//14057 3487//14007
f 3426//13672 3427//13677 3495//14052
f 3495//14053 3427//13676 3428//13684
f 3495//14054 3428//13683 3429//13690
f 3496//14063 3495//14055 3429//13689
f 3487//14008 3495//14056 3496//14062
f 3487//14009 3496//14061 3497//14065
f 3496//14060 3498//14075 3497//14066
f 3496//14059 3430//13694 3498//14076
f 3496//14058 3429//13688 3430//13695
f 3498//14070 3430//13693 3431//13701
f 3498//14071 3431//13700 3499//14083
f 3499//14077 3431//13699 3500//14089
f 3431//13698 3501//14091 3500//14084
f 3501//14090 3431//13697 3432//13706
f 3502//14093 3501//14090 3432//13706
f 3501//14091 3502//14092 3500//14084
f 3432//13705 3500//14084 3502//14092
f 3432//13704 3433//13711 3500//14085
f 3503//14096 3500//14085 3433//13711
f 3500//14086 3503//14095 3434//13719
f 3504//14098 3434//13719 3503//14095
f 3433//13710 3434//13719 3504//14098
f 3504//14097 3503//14094 3433//13711
f 3500//14087 3434//13718 3505//14101
f 3506//14105 3505//14099 3434//13718
f 3506//14104 3499//14078 3505//14100
f 3499//14079 3506//14103 3507//14107
f 3508//14111 3507//14107 3506//14103
f 3507//14108 3508//14110 3509//14115
f 3510//14122 3509//14115 3508//14110
f 3510//14121 3497//14068 3509//14116
f 3485//13998 3497//14069 3510//14120
f 3487//14010 3497//14064 3485//13997
f 3485//13999 3510//14119 3440//13749
f 3510//14118 3439//13744 3440//13750
f 3439//13745 3510//14117 3506//14103
f 3510//14123 3508//14109 3506//14103
f 3439//13746 3506//14102 3434//13717
f 3439//13742 3434//13716 3437//13734
f 3437//13735 3434//13715 3435//13724
f 3435//13723 3436//13729 3437//13736
f 3485//13993 3440//13748 3441//13755
f 3509//14112 3497//14068 3511//14126
f 3512//14130 3511//14124 3497//14068
f 3512//14129 3513//14132 3511//14125
f 3512//14128 3498//14073 3513//14133
f 3497//14067 3498//14074 3512//14127
f 3513//14131 3498//14072 3499//14082
f 3499//14081 3511//14125 3513//14132
f 3509//14113 3511//14125 3499//14081
f 3509//14114 3499//14080 3507//14106
f 3500//14088 3505//14100 3499//14078
f 3514//14135 3474//13937 3470//13911
f 1908//5838 3474//13933 3514//14134
f 3468//13902 3470//13915 3460//13858
f 3468//13898 3460//13857 3464//13883
f 3460//13856 3461//13863 3464//13879
f 3204//12458 3205//12466 3447//13783
f 3447//13782 3444//13768 3204//12459
f 3442//13759 3204//12459 3444//13768
f 3442//13758 3203//12454 3204//12460
f 3438//13737 3203//12455 3442//13757
f 3376//13390 3422//13648 3375//13384
f 3379//13405 3380//13413 3381//13422
f 3381//13419 3403//13547 3404//13548
f 3381//13418 3382//13426 3403//13543
f 3383//13433 3403//13543 3382//13426
f 3407//13571 3410//13586 3406//13563
f 3407//13570 3408//13575 3410//13587
f 3390//13470 3391//13478 3392//13485
f 3372//13370 3369//13356 3370//13364
f 3368//13354 3367//13351 2957//11133
f 2941//11036 2943//11043 3350//13262
f 2941//11032 3350//13261 2939//11021
f 2939//11022 3350//13260 2938//11014
f 2937//11009 2938//11017 3346//13241
f 2937//11010 3346//13240 3345//13235
f 3515//14138 2937//11011 3345//13234
f 2933//10990 2937//11012 3515//14137
f 2933//10989 2934//10995 2937//11007
f 2934//10995 2935//10998 2937//11007
f 3515//14136 3516//14144 2933//10991
f 3516//14145 3515//14142 3517//14148
f 3518//14155 3517//14148 3515//14142
f 3518//14154 3519//14157 3517//14149
f 3519//14158 3518//14153 3520//14167
f 3518//14152 3521//14174 3520//14162
f 3518//14151 3522//14178 3521//14168
f 3522//14175 3518//14150 3523//14181
f 3523//14179 3518//14150 3524//14183
f 3515//14141 3524//14183 3518//14150
f 3515//14140 3525//14187 3524//14182
f 3525//14188 3515//14139 3526//14191
f 3345//13239 3526//14191 3515//14139
f 3345//13238 3343//13224 3526//14192
f 3525//14189 3526//14190 3343//13224
f 3525//14184 3343//13223 3527//14197
f 3527//14193 3343//13222 3528//14201
f 3343//13221 3341//13213 3528//14202
f 3528//14198 3341//13212 3529//14206
f 3341//13211 3340//13206 3529//14207
f 3529//14203 3340//13205 3530//14212
f 3530//14208 3340//13204 3531//14218
f 3531//14219 3340//13203 3338//13193
f 3531//14213 3338//13192 3532//14223
f 3532//14220 3338//13191 3533//14227
f 3336//13180 3533//14227 3338//13191
f 3534//14230 3533//14224 3336//13179
f 3535//14234 3533//14225 3534//14229
f 3535//14233 3536//14239 3533//14226
f 3531//14215 3536//14240 3535//14232
f 3531//14214 3532//14222 3536//14238
f 3532//14221 3533//14226 3536//14239
f 3537//14243 3531//14216 3535//14231
f 3530//14209 3531//14217 3537//14242
f 3538//14252 3530//14210 3537//14241
f 3538//14251 3529//14204 3530//14211
f 3538//14250 3528//14199 3529//14205
f 3527//14194 3528//14200 3538//14249
f 3521//14171 3527//14195 3538//14248
f 3521//14170 3539//14256 3527//14196
f 3539//14255 3521//14169 3525//14186
f 3522//14177 3525//14186 3521//14169
f 3522//14176 3523//14180 3525//14187
f 3523//14180 3524//14182 3525//14187
f 3525//14185 3527//14196 3539//14256
f 3521//14172 3538//14247 3540//14258
f 3540//14259 3538//14254 3541//14267
f 3541//14268 3538//14253 3537//14246
f 3541//14263 3537//14245 3542//14273
f 3537//14244 3535//14237 3542//14274
f 3542//14269 3535//14236 3543//14277
f 3535//14235 3534//14228 3543//14278
f 3336//13178 3543//14278 3534//14228
f 3334//13171 3543//14278 3336//13178
f 3543//14275 3334//13170 3544//14285
f 3544//14286 3334//13169 3332//13160
f 3544//14279 3332//13159 3545//14290
f 3332//13158 3329//13147 3545//14291
f 3545//14292 3329//13146 3328//13141
f 3546//14298 3545//14287 3328//13140
f 3547//14301 3545//14288 3546//14297
f 3547//14300 3544//14280 3545//14289
f 3547//14299 3548//14306 3544//14281
f 3548//14307 3547//14304 3549//14316
f 3547//14303 3550//14322 3549//14311
f 3547//14302 3546//14296 3550//14323
f 3546//14295 3551//14327 3550//14317
f 3546//14294 3552//14332 3551//14324
f 3328//13139 3552//14333 3546//14293
f 3328//13138 3287//12922 3552//14334
f 3287//12921 3553//14340 3552//14328
f 3287//12920 3554//14344 3553//14335
f 3285//12909 3554//14345 3287//12919
f 3285//12908 3555//14350 3554//14341
f 3285//12907 3283//12897 3555//14351
f 3283//12896 3556//14355 3555//14346
f 3283//12895 3280//12878 3556//14356
f 3556//14357 3280//12877 3278//12870
f 3556//14352 3278//12869 3557//14363
f 3278//12868 3276//12858 3557//14364
f 3278//12867 3277//12864 3276//12859
f 3557//14358 3276//12857 3558//14368
f 3276//12856 3275//12853 3558//14369
f 3558//14365 3275//12852 3559//14373
f 3275//12851 3274//12847 3559//14374
f 3274//12846 3273//12841 3559//14375
f 3560//14380 3559//14370 3273//12841
f 3561//14384 3559//14371 3560//14379
f 3558//14366 3559//14372 3561//14383
f 3557//14359 3558//14367 3561//14382
f 3557//14360 3561//14381 3562//14389
f 3562//14390 3561//14387 3563//14400
f 3561//14386 3564//14403 3563//14395
f 3561//14385 3560//14378 3564//14404
f 3564//14405 3560//14377 3272//12833
f 3560//14376 3273//12840 3272//12834
f 3564//14406 3272//12832 2219//7224
f 2219//7219 3272//12831 2217//7212
f 3272//12830 3269//12815 2217//7213
f 2217//7208 3269//12814 2214//7195
f 2214//7190 3269//12813 2212//7182
f 3564//14401 2219//7223 3565//14412
f 3565//14407 2219//7222 2220//7229
f 3565//14408 2220//7228 3566//14418
f 3566//14413 2220//7227 3567//14425
f 2220//7226 2221//7233 3567//14419
f 3567//14420 2221//7232 2222//7239
f 3567//14421 2222//7238 3568//14430
f 3568//14426 2222//7237 2223//7249
f 3568//14427 2223//7248 3569//14437
f 3569//14431 2223//7247 3570//14443
f 2223//7246 3571//14449 3570//14438
f 2223//7245 3572//14455 3571//14444
f 2223//7244 2226//7270 3572//14450
f 2223//7243 2224//7253 2226//7264
f 3572//14451 2226//7269 3573//14460
f 2226//7268 3574//14464 3573//14456
f 2226//7267 2227//7276 3574//14465
f 2227//7275 3575//14477 3574//14466
f 2227//7274 3576//14483 3575//14473
f 3577//14490 3576//14478 2227//7273
f 3577//14489 3578//14492 3576//14479
f 3577//14488 3579//14500 3578//14493
f 3577//14487 3580//14507 3579//14501
f 3577//14486 2229//7284 3580//14508
f 2228//7279 2229//7285 3577//14485
f 2228//7280 3577//14484 2227//7272
f 2229//7283 2230//7289 3580//14503
f 2230//7288 2231//7295 3580//14504
f 3580//14505 2231//7294 2232//7302
f 3579//14502 3580//14506 2232//7301
f 3579//14497 2232//7300 2234//7313
f 2232//7299 2233//7310 2234//7314
f 2235//7319 2234//7316 2233//7304
f 2235//7325 3581//14509 2234//7317
f 3582//14519 3581//14510 2235//7321
f 3582//14518 3583//14520 3581//14511
f 3582//14517 3584//14527 3583//14521
f 3582//14516 3585//14532 3584//14522
f 3582//14515 2338//7724 3585//14533
f 2338//7725 3582//14514 3586//14535
f 2235//7320 3586//14535 3582//14514
f 3586//14534 2337//7720 2338//7726
f 2338//7723 2340//7733 3585//14528
f 3585//14529 2340//7738 3587//14541
f 2340//7737 2342//7749 3587//14536
f 2341//7741 2342//7750 2340//7736
f 2342//7748 3588//14547 3587//14537
f 2342//7747 3589//14550 3588//14542
f 2342//7746 2343//7756 3589//14548
f 3589//14549 2343//7755 3590//14556
f 2343//7754 2344//7759 3590//14551
f 3590//14552 2344//7758 2345//7766
f 3590//14553 2345//7765 3591//14562
f 3591//14557 2345//7764 3592//14568
f 2345//7763 3593//14574 3592//14563
f 2345//7762 2346//7771 3593//14569
f 2346//7770 2347//7777 3593//14570
f 3593//14571 2347//7776 3594//14581
f 2347//7775 3595//14587 3594//14575
f 2348//7783 3595//14582 2347//7774
f 2348//7782 2350//7793 3595//14583
f 2349//7787 2350//7794 2348//7781
f 2350//7792 3596//14592 3595//14584
f 2350//7791 3597//14601 3596//14588
f 2351//7799 3597//14593 2350//7790
f 2351//7798 2353//7807 3597//14594
f 2353//7813 3598//14606 3597//14595
f 2353//7812 3599//14613 3598//14602
f 3600//14617 3599//14607 2353//7811
f 3600//14616 3601//14624 3599//14608
f 3600//14615 2354//7815 3601//14625
f 2354//7816 3600//14614 2353//7810
f 2354//7815 2355//7821 3601//14618
f 2356//7829 3601//14618 2355//7821
f 2356//7828 3602//14629 3601//14619
f 3602//14626 2356//7827 3603//14635
f 3604//14642 3603//14630 2356//7827
f 3604//14641 3605//14644 3603//14631
f 3604//14640 3606//14652 3605//14645
f 3607//14658 3606//14648 3604//14639
f 3607//14657 3608//14660 3606//14649
f 3609//14668 3608//14661 3607//14656
f 3610//14670 3608//14662 3609//14667
f 3610//14669 3611//14682 3608//14663
f 3612//14687 3611//14683 3610//14676
f 3612//14686 2900//10803 3611//14684
f 3613//14691 2900//10804 3612//14685
f 3614//14698 2900//10805 3613//14690
f 3614//14697 2899//10797 2900//10806
f 3615//14702 2899//10798 3614//14696
f 3615//14701 2898//10791 2899//10799
f 3616//14710 2898//10792 3615//14700
f 3616//14709 2897//10788 2898//10793
f 3616//14708 2896//10782 2897//10789
f 2896//10783 3616//14707 3617//14714
f 3617//14715 3616//14712 3618//14724
f 3618//14725 3616//14711 3615//14706
f 3618//14720 3615//14705 3619//14730
f 3615//14704 3613//14694 3619//14731
f 3615//14703 3614//14699 3613//14695
f 3613//14693 3620//14733 3619//14726
f 3613//14692 3612//14689 3620//14734
f 3620//14735 3612//14688 3610//14675
f 3621//14740 3620//14732 3610//14674
f 3621//14739 3619//14726 3620//14733
f 3622//14744 3619//14727 3621//14738
f 3623//14751 3619//14728 3622//14743
f 3623//14750 3618//14721 3619//14729
f 3624//14758 3618//14722 3623//14749
f 3624//14757 3617//14716 3618//14723
f 3625//14768 3617//14717 3624//14756
f 3626//14772 3617//14718 3625//14767
f 3626//14771 2895//10778 3617//14719
f 3627//14778 2895//10779 3626//14770
f 3627//14777 2894//10773 2895//10780
f 2893//10767 2894//10774 3627//14776
f 3628//14785 2893//10768 3627//14775
f 2892//10764 2893//10769 3628//14784
f 2692//9669 2892//10765 3628//14783
f 2891//10759 2892//10760 2692//9668
f 2694//9675 2891//10756 2692//9667
f 2692//9663 3628//14782 2690//9654
f 3628//14781 3629//14788 2690//9655
f 3628//14786 3627//14780 3629//14789
f 3627//14779 3626//14774 3629//14790
f 3629//14791 3626//14773 3625//14766
f 3630//14798 3629//14792 3625//14765
f 2688//9640 3629//14793 3630//14797
f 2690//9650 3629//14787 2688//9639
f 2685//9619 2688//9635 3630//14796
f 2685//9614 3630//14795 2683//9605
f 3630//14794 3625//14764 2683//9606
f 2683//9607 3625//14763 3631//14800
f 3631//14801 3625//14769 3624//14762
f 3632//14812 3631//14802 3624//14761
f 3632//14811 3633//14815 3631//14803
f 3632//14810 3634//14819 3633//14816
f 3635//14826 3634//14820 3632//14809
f 3635//14825 3636//14831 3634//14821
f 3637//14838 3636//14832 3635//14824
f 2674//9552 3636//14833 3637//14837
f 2676//9559 3636//14827 2674//9551
f 2676//9563 2678//9571 3636//14828
f 2678//9576 2681//9592 3636//14829
f 3636//14830 2681//9597 3634//14822
f 3634//14818 2681//9596 3633//14817
f 2681//9595 2682//9601 3633//14813
f 3633//14814 2682//9600 3631//14804
f 2683//9608 3631//14799 2682//9599
f 2671//9532 2674//9547 3637//14836
f 2670//9524 2671//9533 3637//14835
f 2670//9525 3637//14834 3638//14842
f 3638//14843 3637//14840 3632//14807
f 3637//14839 3635//14823 3632//14808
f 3638//14844 3632//14806 3639//14849
f 3639//14850 3632//14805 3624//14760
f 3639//14851 3624//14759 3623//14755
f 3640//14857 3639//14847 3623//14754
f 3640//14856 3638//14845 3639//14848
f 2669//9520 3638//14846 3640//14855
f 2670//9526 3638//14841 2669//9519
f 2668//9515 2669//9521 3640//14854
f 2668//9516 3640//14853 3641//14861
f 3641//14862 3640//14852 3642//14869
f 3643//14871 3641//14863 3642//14868
f 3643//14870 3644//14876 3641//14864
f 3644//14877 3643//14874 3645//14885
f 3645//14886 3643//14873 3646//14887
f 3643//14872 3642//14867 3646//14888
f 3647//14890 3644//14878 3645//14884
f 3647//14889 3648//14897 3644//14879
f 3644//14880 3648//14896 3649//14899
f 3649//14900 3648//14895 3650//14907
f 3648//14894 3651//14913 3650//14903
f 3651//14908 3648//14893 3652//14918
f 3653//14926 3652//14914 3648//14892
f 3653//14925 3654//14928 3652//14915
f 3655//14938 3654//14929 3653//14924
f 3655//14937 3656//14940 3654//14930
f 3657//14951 3656//14941 3655//14936
f 3657//14950 3658//14953 3656//14942
f 3657//14949 3659//14962 3658//14954
f 3657//14948 3660//14967 3659//14958
f 3660//14963 3657//14947 3661//14974
f 3662//14979 3661//14968 3657//14946
f 3662//14978 3663//14984 3661//14969
f 3664//14992 3663//14985 3662//14977
f 3664//14991 3665//14995 3663//14986
f 3666//15000 3665//14996 3664//14990
f 3665//14997 3666//14999 2388//7998
f 2387//7994 2388//7998 3666//14999
f 3666//14998 3667//15004 2387//7995
f 3667//15005 3666//15003 3668//15014
f 3668//15009 3666//15002 3669//15017
f 3666//15001 3664//14989 3669//15018
f 3669//15019 3664//14988 3662//14976
f 3662//14975 3657//14945 3669//15020
f 3669//15015 3657//14944 3670//15025
f 3670//15026 3657//14943 3655//14935
f 3670//15021 3655//14934 3671//15030
f 3671//15031 3655//14933 3653//14923
f 3672//15034 3671//15027 3653//14922
f 3673//15041 3671//15028 3672//15033
f 3673//15040 3670//15022 3671//15029
f 3668//15011 3670//15023 3673//15039
f 3669//15016 3670//15024 3668//15010
f 3668//15012 3673//15038 3674//15046
f 3675//15056 3674//15047 3673//15044
f 3676//15058 3674//15048 3675//15055
f 3676//15057 3677//15067 3674//15049
f 3677//15068 3676//15062 3678//15071
f 3678//15072 3676//15061 3679//15080
f 3676//15060 3680//15085 3679//15075
f 3676//15059 3675//15054 3680//15086
f 3675//15053 3681//15088 3680//15081
f 3681//15087 3675//15052 3682//15095
f 3683//15102 3682//15089 3675//15052
f 3684//15105 3682//15090 3683//15101
f 3685//15113 3682//15091 3684//15106
f 3682//15092 3685//15112 3686//15116
f 3686//15117 3685//15114 3687//15126
f 3684//15107 3687//15126 3685//15114
f 3684//15108 3688//15130 3687//15122
f 3689//15134 3688//15127 3684//15109
f 3688//15128 3689//15133 3690//15136
f 3691//15141 3690//15136 3689//15133
f 3690//15137 3691//15140 3692//15145
f 3691//15139 3693//15149 3692//15146
f 3693//15150 3691//15138 3694//15153
f 3689//15132 3694//15153 3691//15138
f 3694//15154 3689//15131 3684//15110
f 3683//15099 3694//15155 3684//15111
f 3694//15152 3683//15098 3693//15151
f 1909//5839 3693//15151 3683//15097
f 3695//15156 1909//5839 3683//15097
f 3695//15157 3683//15100 3684//15104
f 3693//15148 3672//15037 3692//15147
f 3692//15142 3672//15036 3696//15162
f 3672//15035 3653//14921 3696//15163
f 3696//15158 3653//14920 3697//15169
f 3653//14919 3698//15172 3697//15164
f 3697//15165 3698//15171 3699//15174
f 3698//15170 3700//15180 3699//15175
f 3699//15176 3700//15179 3701//15183
f 3702//15185 3699//15177 3701//15182
f 3699//15178 3702//15184 3703//15192
f 3704//15199 3703//15192 3702//15190
f 3703//15193 3704//15198 3705//15201
f 3706//15211 3705//15201 3704//15198
f 3705//15202 3706//15210 3707//15214
f 3707//15215 3706//15209 3708//15216
f 3706//15208 3709//15223 3708//15217
f 3706//15207 3710//15230 3709//15220
f 3711//15236 3710//15224 3706//15206
f 3711//15235 3712//15239 3710//15225
f 3711//15234 3713//15248 3712//15240
f 3713//15242 3711//15233 3714//15253
f 3714//15254 3711//15232 3702//15188
f 3711//15231 3704//15196 3702//15189
f 3704//15197 3711//15237 3706//15205
f 3714//15249 3702//15187 3715//15260
f 3702//15186 3701//15181 3715//15261
f 3714//15250 3715//15259 3716//15267
f 3717//15271 3716//15267 3715//15259
f 3716//15268 3717//15270 3718//15278
f 3717//15275 3719//15279 3716//15269
f 3719//15280 3717//15274 3720//15289
f 3720//15285 3717//15273 3721//15293
f 3717//15272 3715//15258 3721//15294
f 3721//15290 3715//15257 3722//15299
f 3715//15256 3723//15304 3722//15295
f 3715//15255 3724//15309 3723//15300
f 3723//15301 3724//15308 3725//15311
f 3725//15312 3724//15307 3726//15319
f 3724//15306 3727//15325 3726//15315
f 3724//15305 3728//15329 3727//15320
f 3727//15321 3728//15328 3729//15331
f 3729//15332 3728//15327 3730//15337
f 3728//15326 1910//5840 3730//15338
f 3731//15344 3729//15333 3730//15336
f 3729//15334 3731//15343 3732//15350
f 3732//15351 3731//15342 3622//14747
f 3731//15341 3733//15352 3622//14748
f 3734//15354 3733//15353 3731//15346
f 3734//15355 3731//15345 3730//15335
f 3732//15347 3622//14746 3735//15361
f 3735//15362 3622//14745 3621//14737
f 3735//15363 3621//14736 3610//14673
f 3736//15368 3735//15356 3610//14672
f 3737//15372 3735//15357 3736//15367
f 3726//15317 3735//15358 3737//15371
f 3726//15316 3727//15324 3735//15359
f 3727//15323 3732//15348 3735//15360
f 3732//15349 3727//15322 3729//15330
f 3725//15313 3726//15318 3737//15370
f 3738//15379 3725//15314 3737//15369
f 3723//15302 3725//15310 3738//15378
f 3722//15296 3723//15303 3738//15377
f 3722//15297 3738//15376 3739//15384
f 3739//15385 3738//15381 3740//15395
f 3740//15396 3738//15380 3737//15375
f 3740//15391 3737//15374 3741//15400
f 3737//15373 3736//15366 3741//15401
f 3741//15402 3736//15365 3609//14665
f 3736//15364 3610//14671 3609//14666
f 3741//15403 3609//14664 3607//14655
f 3742//15410 3741//15397 3607//14654
f 3743//15413 3741//15398 3742//15409
f 3743//15412 3740//15392 3741//15399
f 3744//15418 3740//15393 3743//15411
f 3744//15417 3739//15386 3740//15394
f 3745//15423 3739//15387 3744//15416
f 3745//15422 3746//15428 3739//15388
f 3745//15426 3747//15438 3746//15429
f 3747//15433 3745//15425 3748//15446
f 3748//15447 3745//15424 3744//15421
f 3748//15439 3744//15420 3749//15450
f 3749//15451 3744//15419 3743//15415
f 3749//15452 3743//15414 3742//15408
f 3750//15457 3749//15448 3742//15407
f 3748//15440 3749//15449 3750//15456
f 3751//15464 3748//15441 3750//15455
f 3752//15471 3748//15442 3751//15463
f 3752//15470 3753//15474 3748//15443
f 3754//15481 3753//15475 3752//15469
f 3754//15480 2372//7909 3753//15476
f 2371//7903 2372//7910 3754//15479
f 2370//7895 2371//7904 3754//15478
f 2370//7896 3754//15477 3755//15485
f 3755//15486 3754//15482 3752//15468
f 3755//15487 3752//15467 3756//15491
f 3756//15492 3752//15466 2361//7853
f 2361//7854 3752//15465 3751//15462
f 2361//7855 3751//15461 2360//7847
f 3751//15460 3750//15454 2360//7848
f 2360//7849 3750//15453 3757//15495
f 3750//15459 3758//15499 3757//15496
f 3750//15458 3742//15406 3758//15500
f 3758//15501 3742//15405 3604//14637
f 3742//15404 3607//14653 3604//14638
f 3758//15498 3604//14636 3757//15497
f 2357//7832 3757//15497 3604//14636
f 3757//15493 2357//7831 2358//7838
f 2360//7844 3757//15494 2358//7837
f 2356//7826 2357//7832 3604//14636
f 2362//7862 3756//15489 2361//7852
f 3755//15488 3756//15490 2362//7861
f 2364//7870 3755//15483 2362//7860
f 2370//7897 3755//15484 2364//7869
f 3753//15472 2372//7908 3759//15507
f 2372//7907 2373//7918 3759//15502
f 3759//15503 2373//7917 3760//15513
f 3760//15508 2373//7916 3761//15515
f 2373//7915 3762//15517 3761//15516
f 2373//7914 3763//15527 3762//15518
f 2374//7923 3763//15522 2373//7913
f 2375//7928 3763//15523 2374//7922
f 3763//15524 2375//7927 3764//15533
f 2377//7936 3764//15528 2375//7927
f 3764//15529 2377//7940 3765//15539
f 2377//7939 2379//7946 3765//15534
f 3765//15535 2379//7950 3766//15541
f 2379//7949 2380//7956 3766//15542
f 3766//15543 2380//7955 3767//15544
f 2380//7954 3678//15074 3767//15545
f 3677//15069 3678//15070 2380//7953
f 2381//7960 3677//15063 2380//7952
f 2381//7959 2382//7967 3677//15064
f 2382//7966 3667//15008 3677//15065
f 2382//7965 2387//7990 3667//15004
f 3677//15066 3667//15007 3674//15050
f 3674//15045 3667//15006 3668//15013
f 3678//15073 3679//15079 3767//15546
f 3767//15547 3679//15078 3768//15548
f 3679//15077 3769//15556 3768//15549
f 3679//15076 3680//15084 3769//15551
f 3680//15083 3686//15121 3769//15552
f 3680//15082 3682//15093 3686//15115
f 3682//15094 3680//15081 3681//15088
f 3769//15553 3686//15120 3770//15563
f 3686//15119 3771//15568 3770//15557
f 3686//15118 3687//15125 3771//15564
f 3771//15565 3687//15124 3696//15161
f 3692//15143 3696//15161 3687//15124
f 3687//15123 3688//15129 3692//15144
f 3690//15135 3692//15144 3688//15129
f 3772//15571 3771//15566 3696//15160
f 3771//15567 3772//15570 3770//15558
f 3773//15575 3770//15558 3772//15570
f 3770//15559 3773//15574 3705//15204
f 3703//15194 3705//15200 3773//15574
f 3703//15195 3773//15573 3697//15167
f 3773//15572 3772//15569 3697//15168
f 3696//15159 3697//15168 3772//15569
f 3699//15173 3703//15191 3697//15166
f 3770//15560 3705//15203 3707//15213
f 3774//15578 3770//15561 3707//15212
f 3769//15554 3770//15562 3774//15577
f 3768//15550 3769//15555 3774//15576
f 3775//15582 3765//15536 3766//15540
f 3776//15585 3765//15537 3775//15581
f 3764//15530 3765//15538 3776//15584
f 3764//15531 3776//15583 3777//15590
f 3776//15587 3778//15598 3777//15591
f 3778//15599 3776//15586 3775//15580
f 3778//15594 3775//15579 3779//15603
f 3780//15605 3778//15595 3779//15602
f 3778//15596 3780//15604 3781//15611
f 3781//15612 3780//15608 3782//15620
f 3780//15607 3783//15625 3782//15615
f 3783//15626 3780//15606 3779//15601
f 3783//15621 3779//15600 3784//15630
f 3785//15632 3783//15622 3784//15629
f 3783//15623 3785//15631 3786//15637
f 3786//15638 3785//15635 3787//15645
f 3785//15634 3788//15649 3787//15646
f 3788//15650 3785//15633 3784//15628
f 3788//15651 3784//15627 3708//15219
f 3709//15222 3788//15647 3708//15218
f 3709//15221 3710//15229 3788//15648
f 3710//15228 3787//15646 3788//15649
f 3710//15227 3789//15656 3787//15642
f 3712//15238 3789//15657 3710//15226
f 3789//15655 3790//15659 3787//15643
f 3790//15660 3789//15654 3791//15667
f 3791//15668 3789//15653 3719//15283
f 3719//15284 3789//15652 3792//15670
f 3792//15669 3716//15262 3719//15279
f 3791//15664 3719//15282 3793//15676
f 3719//15281 3720//15288 3793//15671
f 3793//15672 3720//15287 3739//15390
f 3720//15286 3721//15292 3739//15382
f 3721//15291 3722//15298 3739//15383
f 3746//15427 3793//15673 3739//15389
f 3794//15682 3793//15674 3746//15432
f 3794//15681 3791//15665 3793//15675
f 3790//15661 3791//15666 3794//15680
f 3794//15679 3795//15686 3790//15662
f 3796//15694 3795//15687 3794//15678
f 3796//15693 3760//15510 3795//15688
f 3747//15436 3760//15511 3796//15692
f 3759//15504 3760//15512 3747//15435
f 3748//15445 3759//15505 3747//15434
f 3753//15473 3759//15506 3748//15444
f 3747//15437 3796//15691 3746//15430
f 3746//15431 3796//15690 3794//15677
f 3760//15509 3761//15514 3795//15689
f 3790//15663 3795//15685 3786//15640
f 3795//15684 3782//15617 3786//15641
f 3795//15683 3797//15697 3782//15618
f 3797//15696 3781//15613 3782//15619
f 3762//15521 3781//15614 3797//15695
f 3762//15520 3777//15593 3781//15609
f 3762//15519 3763//15526 3777//15588
f 3763//15525 3764//15532 3777//15589
f 3777//15592 3778//15597 3781//15610
f 3782//15616 3783//15624 3786//15636
f 3790//15658 3786//15639 3787//15644
f 1911//5841 3718//15278 3717//15270
f 3798//15703 3716//15263 3718//15278
f 3798//15702 3799//15705 3716//15264
f 3798//15701 3800//15714 3799//15706
f 3798//15700 3801//15719 3800//15710
f 3798//15699 3713//15245 3801//15720
f 3713//15246 3798//15698 3718//15277
f 3712//15241 3713//15247 3718//15276
f 3801//15715 3713//15244 3802//15726
f 3802//15721 3713//15243 3714//15252
f 3802//15722 3714//15251 3716//15266
f 3799//15704 3802//15723 3716//15265
f 3802//15724 3799//15709 3803//15732
f 3803//15727 3799//15708 3804//15736
f 3800//15713 3804//15733 3799//15707
f 3804//15734 3800//15712 3805//15740
f 3806//15744 3805//15737 3800//15712
f 3805//15738 3806//15743 3807//15746
f 3803//15729 3807//15746 3806//15743
f 3803//15728 3804//15735 3807//15745
f 3805//15739 3807//15745 3804//15735
f 3801//15717 3803//15730 3806//15742
f 3801//15716 3802//15725 3803//15731
f 3800//15711 3801//15718 3806//15741
f 3673//15043 3683//15103 3675//15051
f 3683//15096 3673//15042 3672//15032
f 2388//7997 2389//8006 3665//14993
f 3665//14994 2389//8005 3663//14987
f 2389//8004 3808//15751 3663//14980
f 2389//8003 3809//15756 3808//15747
f 2389//8002 3810//15761 3809//15752
f 2389//8001 2390//8012 3810//15757
f 3810//15758 2390//8011 3811//15766
f 2390//8010 2392//8024 3811//15762
f 3811//15763 2392//8023 2393//8031
f 2393//8030 2396//8044 3811//15764
f 3811//15765 2396//8053 3810//15759
f 3809//15753 3810//15760 2396//8052
f 2396//8051 3812//15772 3809//15754
f 2396//8050 3813//15778 3812//15767
f 2396//8049 3814//15786 3813//15773
f 3814//15787 2396//8048 2398//8061
f 3814//15785 3815//15789 3813//15774
f 3814//15784 3816//15796 3815//15790
f 3814//15783 3817//15801 3816//15797
f 2404//8106 3817//15802 3814//15782
f 2404//8105 2454//8429 3817//15799
f 2404//8110 2403//8096 2454//8430
f 2403//8104 2453//8420 2454//8424
f 3817//15800 2454//8428 3816//15798
f 3816//15793 2454//8427 2455//8436
f 3816//15794 2455//8435 3818//15808
f 3818//15803 2455//8434 2653//9428
f 2455//8433 2456//8442 2653//9422
f 2653//9423 2456//8441 2641//9354
f 3819//15814 3818//15804 2653//9427
f 3819//15813 3820//15817 3818//15805
f 3821//15825 3820//15818 3819//15812
f 3821//15824 3822//15828 3820//15819
f 3823//15836 3822//15829 3821//15823
f 3823//15835 3824//15842 3822//15830
f 3661//14971 3824//15843 3823//15834
f 3661//14970 3663//14983 3824//15839
f 3824//15840 3663//14982 3825//15848
f 3663//14981 3808//15750 3825//15844
f 3812//15770 3825//15845 3808//15749
f 3812//15769 3822//15832 3825//15846
f 3812//15768 3813//15777 3822//15826
f 3813//15776 3820//15820 3822//15827
f 3813//15775 3815//15788 3820//15815
f 3815//15792 3818//15806 3820//15816
f 3815//15791 3816//15795 3818//15807
f 3824//15841 3825//15847 3822//15831
f 3808//15748 3809//15755 3812//15771
f 3826//15851 3661//14972 3823//15833
f 3660//14964 3661//14973 3826//15850
f 3660//14965 3826//15849 3827//15857
f 3828//15866 3827//15858 3826//15855
f 3828//15865 3829//15869 3827//15859
f 3830//15880 3829//15870 3828//15864
f 3830//15879 3831//15884 3829//15871
f 3832//15892 3831//15885 3830//15878
f 3832//15891 3651//14911 3831//15886
f 3650//14904 3651//14912 3832//15890
f 3833//15898 3650//14905 3832//15889
f 3833//15897 3649//14901 3650//14906
f 3641//14866 3649//14902 3833//15896
f 3644//14875 3649//14898 3641//14865
f 2668//9517 3641//14860 3833//15895
f 2668//9512 3833//15894 2666//9504
f 2666//9505 3833//15893 3832//15888
f 2666//9506 3832//15887 3830//15877
f 2664//9492 2666//9500 3830//15876
f 2664//9488 3830//15875 2662//9481
f 2662//9477 3830//15874 2660//9468
f 2660//9469 3830//15873 3828//15863
f 2660//9470 3828//15862 3834//15901
f 3834//15902 3828//15867 3826//15854
f 3834//15903 3826//15853 3835//15907
f 3826//15852 3823//15838 3835//15908
f 3835//15909 3823//15837 3821//15822
f 3835//15910 3821//15821 3819//15811
f 2654//9432 3835//15911 3819//15810
f 2656//9440 3835//15905 2654//9431
f 3835//15906 2656//9444 3834//15904
f 2658//9452 3834//15899 2656//9444
f 2658//9456 2660//9464 3834//15900
f 2654//9433 3819//15809 2653//9426
f 3831//15881 3651//14910 3836//15917
f 3651//14909 3652//14917 3836//15912
f 3654//14927 3836//15913 3652//14916
f 3654//14932 3658//14957 3836//15914
f 3656//14939 3658//14952 3654//14931
f 3658//14956 3837//15923 3836//15915
f 3658//14955 3659//14961 3837//15918
f 3837//15919 3659//14960 3827//15861
f 3660//14966 3827//15856 3659//14959
f 3829//15868 3837//15920 3827//15860
f 3829//15872 3831//15883 3837//15921
f 3831//15882 3836//15916 3837//15922
f 3838//15925 2404//8107 3814//15781
f 3838//15929 2406//8125 2404//8113
f 2406//8126 3838//15930 3839//15933
f 3840//15938 3839//15933 3838//15928
f 3840//15939 3839//15934 2409//8151
f 3840//15941 2411//8162 3839//15935
f 3840//15940 2409//8150 2411//8163
f 3840//15936 2410//8156 2409//8152
f 2410//8155 3840//15937 3838//15927
f 2410//8154 2402//8092 3838//15931
f 2402//8091 2408//8143 2410//8156
f 2407//8133 2408//8147 2402//8090
f 2412//8167 2408//8149 2407//8139
f 2412//8168 2407//8140 2421//8236
f 3841//15944 2421//8236 2407//8138
f 3841//15943 2401//8081 2421//8237
f 3841//15945 2407//8141 2401//8082
f 3841//15946 2407//8137 2450//8407
f 2407//8136 2405//8122 2450//8401
f 2405//8117 2450//8404 2403//8102
f 2450//8405 2451//8408 2403//8101
f 3841//15947 2450//8406 2451//8413
f 2401//8087 3841//15942 2451//8414
f 2451//8412 2452//8416 2401//8086
f 2451//8415 2452//8419 2403//8100
f 2426//8269 2401//8086 2452//8418
f 2407//8142 2402//8089 2401//8083
f 2414//8181 2412//8169 2421//8239
f 2418//8207 2412//8172 2421//8235
f 2411//8164 2412//8165 2418//8206
f 2411//8160 2413//8176 2418//8212
f 2413//8175 2416//8196 2418//8211
f 2413//8179 2416//8194 2414//8184
f 2417//8198 2414//8184 2416//8197
f 2411//8161 2418//8213 2406//8128
f 2406//8129 2418//8214 2405//8120
f 2406//8127 3839//15932 2411//8162
f 2406//8130 2409//8151 3839//15934
f 2410//8153 3842//15948 2402//8095
f 3814//15779 3842//15949 2410//8158
f 2410//8157 3838//15926 3814//15780
f 2398//8066 2402//8095 3842//15948
f 2400//8075 2402//8088 2398//8065
f 2402//8094 2400//8074 2404//8109
f 3838//15924 2402//8093 2404//8108
f 3843//15950 3647//14891 3645//14883
f 3843//15951 3645//14882 3844//15957
f 3844//15954 3645//14881 3845//15962
f 3846//15965 3844//15955 3845//15961
f 3843//15952 3844//15956 3846//15964
f 3843//15953 3846//15963 3847//15969
f 3847//15970 3846//15968 3848//15973
f 3849//15977 3848//15974 3846//15967
f 3730//15340 3848//15975 3849//15976
f 3847//15971 3848//15972 3730//15339
f 3849//15978 3846//15966 3845//15960
f 3845//15959 3850//15982 3849//15979
f 3845//15958 3640//14859 3850//15983
f 3850//15984 3640//14858 3623//14753
f 3850//15985 3623//14752 3622//14742
f 3850//15981 3622//14741 3849//15980
f 2895//10777 2896//10784 3617//14713
f 3611//14677 2900//10802 2901//10812
f 3611//14678 2901//10811 3851//15991
f 3851//15986 2901//10810 2902//10818
f 3851//15987 2902//10817 3852//15998
f 3853//16002 3852//15992 2902//10817
f 3852//15993 3853//16001 3854//16008
f 2906//10835 3854//16008 3853//16001
f 3854//16003 2906//10834 2907//10842
f 3854//16004 2907//10841 3855//16016
f 3855//16009 2907//10840 3856//16023
f 2907//10839 2908//10848 3856//16017
f 2908//10847 3857//16029 3856//16018
f 2909//10855 3857//16024 2908//10846
f 2909//10854 3858//16034 3857//16025
f 2909//10853 2910//10859 3858//16030
f 3858//16031 2910//10858 3859//16040
f 3859//16035 2910//10857 2911//10864
f 3859//16036 2911//10863 3860//16047
f 2911//10862 2912//10869 3860//16041
f 2912//10868 2919//10906 3860//16042
f 3860//16043 2919//10910 2920//10916
f 3860//16044 2920//10915 3861//16054
f 3861//16048 2920//10914 3862//16060
f 2920//10913 3863//16067 3862//16055
f 2920//10912 2921//10920 3863//16061
f 2921//10919 2922//10927 3863//16062
f 2922//10926 3864//16071 3863//16063
f 2922//10925 2923//10934 3864//16068
f 3864//16069 2923//10933 3865//16079
f 2923//10932 3866//16085 3865//16072
f 2923//10931 3867//16091 3866//16080
f 2923//10930 2924//10939 3867//16086
f 3867//16087 2924//10938 3868//16098
f 2925//10944 3868//16092 2924//10938
f 2925//10943 2926//10950 3868//16093
f 3868//16094 2926//10949 3869//16103
f 2926//10948 3870//16112 3869//16099
f 2927//10957 3870//16104 2926//10947
f 2927//10956 3871//16117 3870//16105
f 2930//10973 3871//16113 2927//10955
f 2930//10972 2931//10978 3871//16114
f 2931//10977 3872//16123 3871//16115
f 2931//10976 3519//14161 3872//16118
f 2931//10975 2932//10985 3519//14156
f 2932//10984 3517//14149 3519//14157
f 3517//14147 2932//10983 3516//14146
f 3873//16126 3516//14143 2932//10983
f 3873//16125 2933//10991 3516//14144
f 2933//10992 3873//16124 2932//10982
f 3872//16119 3519//14160 3874//16131
f 3519//14159 3520//14166 3874//16127
f 3875//16133 3874//16127 3520//14166
f 3874//16128 3875//16132 3876//16139
f 3520//14165 3876//16139 3875//16132
f 3520//14164 3540//14262 3876//16134
f 3520//14163 3521//14173 3540//14257
f 3876//16135 3540//14261 3877//16145
f 3540//14260 3541//14266 3877//16140
f 3877//16141 3541//14265 3878//16150
f 3541//14264 3542//14272 3878//16146
f 3878//16147 3542//14271 3544//14283
f 3542//14270 3543//14276 3544//14284
f 3548//14305 3878//16148 3544//14282
f 3877//16142 3878//16149 3548//14310
f 3877//16143 3548//14309 3879//16158
f 3548//14308 3549//14315 3879//16151
f 3879//16152 3549//14314 3880//16164
f 3549//14313 3881//16170 3880//16159
f 3549//14312 3550//14321 3881//16165
f 3550//14320 3882//16175 3881//16166
f 3550//14319 3883//16181 3882//16171
f 3551//14326 3883//16176 3550//14318
f 3551//14325 3552//14331 3883//16177
f 3552//14330 3884//16186 3883//16178
f 3552//14329 3553//14339 3884//16182
f 3884//16183 3553//14338 3885//16192
f 3553//14337 3886//16199 3885//16187
f 3554//14343 3886//16193 3553//14336
f 3554//14342 3555//14349 3886//16194
f 3555//14348 3887//16204 3886//16195
f 3555//14347 3556//14354 3887//16200
f 3556//14353 3557//14362 3887//16201
f 3887//16202 3557//14361 3562//14388
f 3886//16196 3887//16203 3562//14394
f 3886//16197 3562//14393 3888//16209
f 3888//16205 3562//14392 3889//16215
f 3562//14391 3563//14399 3889//16210
f 3889//16211 3563//14398 3890//16221
f 3563//14397 3565//14410 3890//16216
f 3563//14396 3564//14402 3565//14411
f 3890//16217 3565//14409 3566//14417
f 3890//16218 3566//14416 3891//16227
f 3891//16222 3566//14415 3892//16232
f 3566//14414 3567//14424 3892//16228
f 3892//16229 3567//14423 3893//16239
f 3567//14422 3568//14429 3893//16233
f 3893//16234 3568//14428 3569//14436
f 3894//16244 3893//16235 3569//14435
f 3895//16246 3893//16236 3894//16243
f 3895//16245 3896//16253 3893//16237
f 3897//16263 3896//16254 3895//16250
f 3898//16265 3896//16255 3897//16262
f 3898//16264 3899//16271 3896//16256
f 3900//16281 3899//16272 3898//16269
f 3901//16283 3899//16273 3900//16280
f 3901//16282 3902//16290 3899//16274
f 3903//16300 3902//16291 3901//16288
f 3904//16308 3902//16292 3903//16299
f 3904//16307 3905//16313 3902//16293
f 3885//16190 3905//16314 3904//16306
f 3885//16189 3888//16207 3905//16309
f 3886//16198 3888//16208 3885//16188
f 3888//16206 3889//16214 3905//16310
f 3905//16311 3889//16213 3906//16319
f 3889//16212 3890//16220 3906//16315
f 3906//16316 3890//16219 3891//16226
f 3906//16317 3891//16225 3902//16295
f 3899//16275 3902//16289 3891//16225
f 3899//16270 3891//16224 3896//16257
f 3891//16223 3892//16231 3896//16251
f 3896//16252 3892//16230 3893//16238
f 3905//16312 3906//16318 3902//16294
f 3884//16184 3885//16191 3904//16305
f 3883//16179 3884//16185 3904//16304
f 3883//16180 3904//16303 3882//16172
f 3882//16173 3904//16302 3903//16298
f 3881//16167 3882//16174 3903//16297
f 3881//16168 3903//16296 3907//16321
f 3907//16322 3903//16301 3901//16287
f 3907//16323 3901//16286 3908//16330
f 3908//16326 3901//16285 3909//16333
f 3901//16284 3900//16279 3909//16334
f 3900//16278 3910//16336 3909//16335
f 3900//16277 3911//16347 3910//16337
f 3900//16276 3898//16268 3911//16348
f 3911//16343 3898//16267 3912//16352
f 3912//16353 3898//16266 3897//16261
f 3913//16360 3912//16349 3897//16260
f 3914//16363 3912//16350 3913//16359
f 3914//16362 3911//16344 3912//16351
f 3915//16370 3911//16345 3914//16361
f 3915//16369 3910//16338 3911//16346
f 3916//16374 3910//16339 3915//16368
f 3910//16340 3916//16373 3917//16379
f 3917//16380 3916//16377 3918//16388
f 3918//16389 3916//16376 3919//16397
f 3919//16398 3916//16375 3915//16372
f 3919//16399 3915//16371 3914//16367
f 3920//16404 3919//16393 3914//16366
f 3921//16406 3919//16394 3920//16403
f 3921//16405 3922//16412 3919//16395
f 3923//16422 3922//16413 3921//16410
f 3923//16421 3924//16424 3922//16414
f 3923//16420 3925//16435 3924//16425
f 3926//16441 3925//16429 3923//16419
f 3927//16443 3925//16430 3926//16440
f 3927//16442 3928//16453 3925//16431
f 3929//16458 3928//16454 3927//16447
f 3929//16457 3861//16050 3928//16455
f 3930//16462 3861//16051 3929//16456
f 3931//16471 3861//16052 3930//16461
f 3931//16470 3860//16045 3861//16053
f 3859//16037 3860//16046 3931//16469
f 3859//16038 3931//16468 3932//16476
f 3932//16477 3931//16473 3933//16485
f 3931//16472 3930//16467 3933//16486
f 3933//16481 3930//16466 3934//16492
f 3930//16465 3935//16499 3934//16493
f 3935//16495 3930//16464 3936//16501
f 3930//16463 3929//16460 3936//16502
f 3936//16503 3929//16459 3927//16446
f 3937//16512 3936//16504 3927//16445
f 3938//16514 3936//16505 3937//16511
f 3939//16520 3936//16506 3938//16513
f 3939//16519 3940//16526 3936//16507
f 3941//16533 3940//16527 3939//16525
f 3942//16534 3940//16528 3941//16532
f 3943//16536 3942//16535 3941//16531
f 3943//16537 3941//16530 3944//16546
f 3944//16547 3941//16529 3939//16524
f 3945//16552 3944//16542 3939//16523
f 3946//16554 3944//16543 3945//16551
f 3946//16553 3947//16561 3944//16544
f 3944//16545 3947//16560 3943//16538
f 3947//16559 3948//16565 3943//16539
f 3943//16540 3948//16564 3949//16567
f 3948//16563 3950//16575 3949//16568
f 3951//16578 3950//16570 3948//16562
f 3950//16571 3951//16577 3952//16580
f 3953//16584 3952//16581 3951//16576
f 3953//16583 3954//16593 3952//16582
f 3952//16579 3954//16592 3950//16572
f 3950//16573 3954//16591 3955//16596
f 3935//16497 3955//16597 3954//16590
f 3955//16598 3935//16496 3936//16500
f 3934//16494 3935//16498 3954//16589
f 3949//16569 3950//16574 3955//16595
f 3943//16541 3949//16566 3955//16594
f 3946//16555 3945//16550 3956//16603
f 3945//16549 3957//16607 3956//16599
f 3945//16548 3939//16522 3957//16608
f 3939//16521 3938//16518 3957//16609
f 3957//16604 3938//16517 3958//16616
f 3938//16516 3959//16619 3958//16610
f 3938//16515 3937//16510 3959//16620
f 3959//16621 3937//16509 3926//16438
f 3937//16508 3927//16444 3926//16439
f 3959//16617 3926//16437 3960//16626
f 3926//16436 3923//16418 3960//16627
f 3923//16417 3921//16409 3960//16628
f 3960//16622 3921//16408 3961//16633
f 3961//16634 3921//16407 3920//16402
f 3961//16629 3920//16401 3962//16638
f 3962//16639 3920//16400 3914//16365
f 3962//16640 3914//16364 3913//16358
f 3963//16647 3962//16635 3913//16357
f 3964//16650 3962//16636 3963//16646
f 3964//16649 3961//16630 3962//16637
f 3965//16656 3961//16631 3964//16648
f 3965//16655 3960//16623 3961//16632
f 3958//16612 3960//16624 3965//16654
f 3958//16611 3959//16618 3960//16625
f 3958//16613 3965//16653 3966//16659
f 3966//16660 3965//16657 3964//16652
f 3966//16661 3964//16651 3963//16645
f 3966//16662 3963//16644 3967//16671
f 3967//16666 3963//16643 3968//16676
f 3963//16642 3969//16680 3968//16672
f 3963//16641 3913//16356 3969//16681
f 3969//16677 3913//16355 3970//16686
f 3913//16354 3897//16259 3970//16687
f 3970//16688 3897//16258 3895//16249
f 3970//16682 3895//16248 3971//16692
f 3971//16693 3895//16247 3894//16242
f 3971//16689 3894//16241 3972//16699
f 3972//16700 3894//16240 3569//14434
f 3972//16694 3569//14433 3973//16706
f 3569//14432 3570//14442 3973//16701
f 3973//16702 3570//14441 3974//16713
f 3570//14440 3975//16720 3974//16707
f 3570//14439 3571//14448 3975//16714
f 3976//16723 3975//16715 3571//14447
f 3976//16722 3977//16727 3975//16716
f 3976//16721 3571//14446 3977//16728
f 3977//16724 3571//14445 3572//14454
f 3978//16733 3977//16725 3572//14453
f 3977//16726 3978//16732 3975//16717
f 3975//16718 3978//16731 3979//16741
f 3978//16730 3573//14458 3979//16742
f 3572//14452 3573//14459 3978//16729
f 3573//14457 3574//14463 3979//16734
f 3574//14462 3980//16746 3979//16735
f 3980//16743 3981//16755 3574//14461
f 3981//16756 3980//16744 3982//16765
f 3980//16747 3983//16777 3982//16772
f 3574//14470 3983//16778 3980//16748
f 3574//14471 3984//16785 3983//16774
f 3574//14469 3985//16787 3984//16779
f 3574//14472 3981//16754 3985//16786
f 3986//16791 3985//16786 3981//16761
f 3986//16794 3984//16779 3985//16787
f 3984//16780 3986//16795 3987//16809
f 3986//16793 3988//16814 3987//16810
f 3986//16792 3981//16760 3988//16813
f 3989//16820 3988//16813 3981//16760
f 3989//16819 3987//16810 3988//16814
f 3987//16811 3989//16818 3990//16825
f 3991//16830 3990//16825 3989//16818
f 3990//16826 3991//16829 3981//16759
f 3989//16817 3981//16759 3991//16831
f 3992//16837 3990//16821 3981//16758
f 3990//16822 3992//16836 3993//16839
f 3994//16844 3993//16839 3992//16836
f 3994//16845 3995//16851 3993//16838
f 3996//16859 3995//16851 3994//16845
f 3995//16852 3996//16858 3997//16873
f 3997//16874 3996//16857 3998//16878
f 3996//16860 3999//16888 3997//16875
f 3996//16861 4000//16894 3999//16884
f 3996//16862 3994//16846 4000//16895
f 3996//16855 3994//16844 3992//16836
f 3996//16863 4001//16897 3994//16848
f 4001//16898 3996//16864 4002//16914
f 4002//16914 3996//16864 4003//16923
f 4003//16923 3996//16864 4004//16929
f 4005//16936 4004//16929 3996//16864
f 4005//16935 4006//16939 4004//16930
f 4006//16940 4005//16934 4007//16947
f 4007//16946 4008//16948 4006//16941
f 4008//16949 4007//16945 4009//16956
f 4010//16958 4009//16952 4007//16945
f 4009//16953 4010//16957 4011//16960
f 4012//16965 4011//16960 4010//16957
f 4013//16967 4011//16961 4012//16964
f 4013//16966 4014//16972 4011//16962
f 4013//16970 4015//16981 4014//16973
f 4016//16985 4015//16977 4013//16970
f 4017//16987 4015//16977 4016//16985
f 4017//16986 4018//16992 4015//16978
f 4019//16995 4018//16992 4017//16990
f 4019//16994 3999//16886 4018//16993
f 4020//16998 3999//16886 4019//16994
f 4021//17003 3999//16886 4020//16998
f 4022//17007 3999//16887 4021//17002
f 4022//17006 4023//17008 3999//16888
f 4022//17005 4005//16937 4023//17009
f 4024//17019 4023//17009 4005//16937
f 4023//17014 4024//17018 4025//17027
f 4023//17012 4026//17029 4024//17021
f 4023//17013 4027//17036 4026//17030
f 4023//17011 4004//16932 4027//17037
f 4023//17015 4025//17026 4004//16933
f 4003//16924 4004//16928 4025//17025
f 4003//16927 4027//17038 4004//16931
f 4003//16922 4002//16919 4027//17039
f 4002//16915 4003//16925 3998//16883
f 4002//16911 4003//16926 4006//16939
f 4004//16930 4006//16939 4003//16926
f 4028//17043 4002//16912 4006//16938
f 4028//17042 4001//16899 4002//16913
f 3979//16738 4001//16900 4028//17041
f 3979//16737 3982//16762 4001//16901
f 3979//16736 3980//16745 3982//16766
f 3982//16773 3980//16753 3993//16841
f 3993//16841 3980//16753 4029//17051
f 3980//16753 3991//16828 4029//17046
f 3991//16827 3980//16752 4030//17057
f 4030//17052 3980//16751 3988//16816
f 3986//16807 3988//16816 3980//16751
f 3986//16805 4031//17063 3988//16815
f 3986//16806 4032//17068 4031//17058
f 3986//16804 3584//14525 4032//17069
f 4033//17072 3584//14526 3986//16803
f 4033//17071 3583//14521 3584//14527
f 4033//17070 3581//14511 3583//14520
f 4034//17077 3581//14511 4033//17070
f 3578//14495 3581//14512 4034//17076
f 3578//14494 3579//14499 3581//14513
f 3579//14498 2234//7312 3581//14509
f 3578//14496 4034//17075 4035//17080
f 4034//17078 4036//17088 4035//17081
f 4036//17085 4034//17077 4037//17090
f 4037//17090 4034//17077 4033//17074
f 4037//17091 4033//17073 3986//16802
f 4038//17094 4037//17089 3986//16801
f 4037//17090 4038//17093 4039//17097
f 3986//16800 4039//17098 4038//17092
f 3986//16799 4040//17103 4039//17095
f 3986//16798 4041//17107 4040//17099
f 3986//16797 3575//14475 4041//17108
f 3986//16796 3985//16788 3575//14476
f 3986//16790 3980//16750 3985//16789
f 3574//14468 3985//16789 3980//16749
f 3574//14467 3575//14476 3985//16788
f 3576//14482 4041//17104 3575//14474
f 3576//14481 4035//17084 4041//17105
f 3578//14491 4035//17079 3576//14480
f 4035//17083 4040//17100 4041//17106
f 4035//17082 4036//17087 4040//17101
f 4036//17086 4039//17096 4040//17102
f 4039//17097 4036//17085 4037//17090
f 3584//14524 4042//17115 4032//17064
f 3584//14523 3585//14531 4042//17109
f 3587//14540 4042//17110 3585//14530
f 3587//14539 4043//17123 4042//17111
f 3587//14538 3588//14546 4043//17116
f 4044//17126 4043//17117 3588//14545
f 4044//17125 3591//14559 4043//17118
f 3588//14544 3591//14560 4044//17124
f 3590//14554 3591//14561 3588//14543
f 3590//14555 3588//14542 3589//14550
f 3592//14567 4043//17119 3591//14558
f 4045//17132 4043//17120 3592//14566
f 4045//17131 4046//17134 4043//17121
f 4045//17130 4047//17145 4046//17135
f 4048//17151 4047//17139 4045//17129
f 4049//17153 4047//17140 4048//17150
f 4049//17152 4050//17158 4047//17141
f 4049//17156 4051//17170 4050//17159
f 4051//17164 4049//17155 4052//17175
f 4052//17176 4049//17154 4048//17149
f 4052//17177 4048//17148 4053//17180
f 4053//17181 4048//17147 4054//17186
f 4054//17187 4048//17146 4045//17128
f 3592//14565 4054//17188 4045//17127
f 3592//14564 3593//14573 4054//17183
f 3593//14572 3594//14580 4054//17184
f 4054//17185 3594//14579 4053//17182
f 3594//14578 4052//17178 4053//17179
f 3594//14577 4055//17194 4052//17171
f 3595//14586 4055//17189 3594//14576
f 3595//14585 3596//14591 4055//17190
f 3596//14590 4056//17200 4055//17191
f 3597//14600 4056//17195 3596//14589
f 3597//14599 4057//17206 4056//17196
f 4058//17211 4057//17201 3597//14598
f 4058//17210 4059//17213 4057//17202
f 4060//17226 4059//17214 4058//17209
f 4061//17228 4059//17215 4060//17225
f 4061//17227 4062//17234 4059//17216
f 4063//17243 4062//17235 4061//17232
f 4063//17242 4064//17245 4062//17236
f 4065//17253 4064//17246 4063//17241
f 4064//17247 4065//17252 4066//17257
f 4065//17251 4067//17267 4066//17258
f 4065//17250 4068//17271 4067//17261
f 4068//17270 4069//17273 4067//17262
f 4070//17285 4069//17274 4068//17269
f 4070//17284 4071//17287 4069//17275
f 4070//17283 4072//17297 4071//17288
f 4070//17282 4073//17303 4072//17292
f 4074//17309 4073//17298 4070//17281
f 4075//17311 4073//17299 4074//17308
f 4073//17300 4075//17310 4076//17317
f 4077//17321 4076//17317 4075//17315
f 4077//17320 4078//17323 4076//17318
f 4077//17319 4075//17314 4078//17324
f 4079//17328 4078//17324 4075//17314
f 4078//17325 4079//17327 4072//17294
f 4072//17295 4079//17326 4080//17331
f 4079//17329 4075//17313 4080//17332
f 4075//17312 4074//17307 4080//17333
f 4080//17334 4074//17306 4081//17343
f 4074//17305 4082//17345 4081//17344
f 4074//17304 4070//17280 4082//17346
f 4070//17279 4068//17268 4082//17347
f 1912//5842 4081//17344 4082//17345
f 4071//17290 4080//17335 4081//17342
f 4072//17296 4080//17330 4071//17289
f 4083//17350 4071//17291 4081//17341
f 4069//17276 4071//17286 4083//17349
f 4069//17277 4083//17348 4084//17355
f 4084//17356 4083//17353 4085//17363
f 4085//17359 4083//17352 4086//17365
f 4083//17351 4081//17340 4086//17366
f 4086//17367 4081//17339 4087//17373
f 4081//17338 4088//17377 4087//17374
f 4081//17337 4089//17382 4088//17378
f 4090//17388 4089//17383 4081//17336
f 4090//17387 4065//17255 4089//17384
f 4065//17254 4063//17240 4089//17385
f 4089//17386 4063//17239 4061//17231
f 4088//17379 4089//17381 4061//17230
f 4088//17380 4061//17229 4060//17224
f 4087//17375 4088//17376 4060//17223
f 4091//17393 4087//17371 4060//17222
f 4086//17368 4087//17372 4091//17392
f 4092//17395 4086//17369 4091//17391
f 4093//17399 4086//17370 4092//17394
f 4092//17398 4094//17408 4093//17400
f 4095//17413 4094//17404 4092//17397
f 4095//17412 4096//17416 4094//17405
f 4097//17427 4096//17417 4095//17411
f 4098//17433 4096//17418 4097//17426
f 4098//17432 4099//17436 4096//17419
f 4098//17431 4100//17444 4099//17437
f 4101//17450 4100//17440 4098//17430
f 4102//17454 4100//17441 4101//17449
f 4102//17453 4103//17462 4100//17442
f 3855//16012 4103//17463 4102//17452
f 3855//16011 4104//17468 4103//17456
f 3856//16022 4104//17464 3855//16010
f 3856//16021 4105//17474 4104//17465
f 3856//16020 4106//17478 4105//17469
f 3857//16028 4106//17475 3856//16019
f 3857//16027 3932//16480 4106//17476
f 3858//16033 3932//16474 3857//16026
f 3858//16032 3859//16039 3932//16475
f 4106//17477 3932//16479 4105//17470
f 4105//17471 3932//16478 3933//16484
f 4105//17472 3933//16483 4107//17483
f 4108//17488 4107//17479 3933//16483
f 4107//17480 4108//17487 4103//17458
f 4103//17459 4108//17486 4109//17495
f 4109//17496 4108//17485 3934//16490
f 3933//16482 3934//16491 4108//17484
f 4109//17489 3934//16489 4110//17501
f 4110//17497 3934//16488 4111//17507
f 3934//16487 4112//17509 4111//17502
f 4112//17508 4113//17511 4111//17503
f 4111//17504 4113//17510 3953//16588
f 4114//17516 4111//17505 3953//16587
f 4110//17498 4111//17506 4114//17515
f 4115//17521 4110//17499 4114//17514
f 4109//17490 4110//17500 4115//17520
f 4116//17527 4109//17491 4115//17519
f 4096//17421 4109//17492 4116//17526
f 4096//17420 4099//17435 4109//17493
f 4099//17439 4103//17460 4109//17494
f 4100//17443 4103//17461 4099//17438
f 4096//17415 4116//17525 4094//17406
f 4094//17407 4116//17524 4093//17401
f 4116//17523 4115//17518 4093//17402
f 4117//17528 4093//17403 4115//17517
f 4117//17529 4115//17522 4114//17513
f 4114//17512 3953//16586 4117//17530
f 4117//17531 3953//16585 1913//5843
f 4104//17467 4107//17481 4103//17457
f 4104//17466 4105//17473 4107//17482
f 3855//16013 4102//17451 4118//17534
f 4101//17448 4118//17535 4102//17455
f 3601//14622 4118//17536 4101//17447
f 3601//14621 4119//17541 4118//17532
f 4120//17546 4119//17537 3601//14620
f 4120//17545 3854//16006 4119//17538
f 4120//17544 3852//15994 3854//16007
f 3602//14628 3852//15995 4120//17543
f 3602//14627 3603//14634 3852//15996
f 3603//14633 3851//15988 3852//15997
f 3605//14643 3851//15989 3603//14632
f 3605//14647 3611//14679 3851//15990
f 3606//14651 3611//14680 3605//14646
f 3608//14659 3611//14681 3606//14650
f 4120//17542 3601//14619 3602//14629
f 4119//17539 3854//16005 3855//16015
f 4119//17540 3855//16014 4118//17533
f 3601//14623 4101//17446 3599//14609
f 3599//14610 4101//17445 4098//17429
f 3599//14611 4098//17428 4121//17548
f 4121//17549 4098//17434 4097//17425
f 4121//17550 4097//17424 4122//17554
f 4122//17555 4097//17423 4060//17219
f 4097//17422 4095//17410 4060//17220
f 4095//17409 4091//17389 4060//17221
f 4092//17396 4091//17390 4095//17414
f 4122//17556 4060//17218 4058//17208
f 4122//17557 4058//17207 3597//14597
f 3598//14605 4122//17552 3597//14596
f 3598//14604 4121//17551 4122//17553
f 3599//14612 4121//17547 3598//14603
f 4123//17560 4085//17360 4086//17364
f 4124//17562 4085//17361 4123//17559
f 4124//17561 4125//17568 4085//17362
f 4125//17569 4124//17567 4126//17576
f 4126//17572 4124//17566 4127//17582
f 4127//17577 4124//17565 4128//17584
f 4124//17564 4129//17586 4128//17585
f 4129//17587 4124//17563 4123//17558
f 4127//17578 4128//17583 4130//17595
f 4131//17597 4127//17579 4130//17594
f 4127//17580 4131//17596 4132//17603
f 4133//17609 4132//17603 4131//17601
f 4133//17608 4134//17610 4132//17604
f 4134//17611 4133//17607 4135//17623
f 4133//17606 4136//17625 4135//17617
f 4133//17605 4131//17600 4136//17626
f 4137//17632 4136//17624 4131//17600
f 4137//17631 4135//17617 4136//17625
f 4135//17618 4137//17630 4138//17634
f 4139//17640 4138//17634 4137//17630
f 4140//17646 4138//17635 4139//17641
f 4135//17619 4138//17633 4140//17645
f 4141//17651 4135//17620 4140//17644
f 4142//17658 4135//17621 4141//17650
f 4142//17657 4134//17612 4135//17622
f 4143//17663 4134//17613 4142//17656
f 4143//17662 4144//17668 4134//17614
f 4144//17667 4145//17671 4134//17615
f 4146//17678 4145//17672 4144//17666
f 4146//17677 4084//17358 4145//17673
f 4069//17278 4084//17354 4146//17676
f 4067//17263 4069//17272 4146//17675
f 4067//17264 4146//17674 4147//17682
f 4147//17683 4146//17680 4148//17687
f 4146//17679 4144//17665 4148//17688
f 4149//17691 4147//17684 4148//17686
f 4067//17265 4147//17681 4149//17690
f 4067//17266 4149//17689 4066//17259
f 4150//17695 4066//17259 4149//17689
f 4151//17701 4066//17260 4150//17694
f 4151//17700 4064//17248 4066//17256
f 4152//17709 4064//17249 4151//17699
f 4062//17237 4064//17244 4152//17708
f 4062//17238 4152//17707 4153//17714
f 4153//17715 4152//17706 4154//17719
f 4152//17705 4155//17725 4154//17720
f 4154//17721 4155//17724 4156//17729
f 4155//17723 4157//17738 4156//17730
f 4156//17731 4157//17737 4158//17740
f 4157//17736 4159//17750 4158//17741
f 4160//17756 4159//17745 4157//17735
f 4159//17746 4160//17755 4161//17758
f 4160//17754 4162//17767 4161//17759
f 4160//17753 4163//17770 4162//17763
f 4164//17775 4163//17771 4160//17752
f 4164//17774 4152//17711 4163//17772
f 4163//17773 4152//17710 4151//17704
f 4163//17768 4151//17703 4165//17781
f 4151//17702 4150//17698 4165//17782
f 4150//17697 4166//17784 4165//17777
f 4150//17696 4149//17693 4166//17785
f 4166//17786 4149//17692 4148//17685
f 4166//17783 4167//17790 4165//17778
f 4165//17779 4167//17789 4162//17765
f 4162//17766 4167//17788 4161//17760
f 4167//17787 4168//17794 4161//17761
f 4161//17762 4168//17793 4169//17796
f 4170//17805 4169//17797 4168//17792
f 4170//17804 4171//17808 4169//17798
f 4172//17815 4171//17809 4170//17803
f 4172//17814 4173//17818 4171//17810
f 4173//17819 4172//17813 4174//17822
f 4175//17826 4174//17822 4172//17813
f 4175//17825 4051//17167 4174//17823
f 4175//17824 4176//17831 4051//17168
f 4176//17832 4175//17829 4177//17841
f 4175//17828 4178//17843 4177//17835
f 4175//17827 4179//17847 4178//17842
f 4179//17848 4175//17826 4172//17813
f 4179//17844 4172//17812 4180//17852
f 4180//17853 4172//17811 4170//17802
f 4180//17849 4170//17801 4181//17856
f 4170//17800 4168//17791 4181//17857
f 4182//17860 4180//17850 4181//17855
f 4182//17859 4179//17845 4180//17851
f 4183//17866 4179//17846 4182//17858
f 4183//17865 4184//17869 4179//17847
f 4184//17870 4183//17868 4185//17881
f 4185//17882 4183//17867 4182//17864
f 4186//17887 4185//17876 4182//17863
f 4187//17892 4185//17877 4186//17886
f 4185//17878 4187//17891 4188//17895
f 4188//17896 4187//17890 4189//17903
f 4189//17904 4187//17889 4141//17653
f 4141//17654 4187//17888 4190//17907
f 4186//17885 4190//17908 4187//17893
f 4191//17913 4190//17909 4186//17884
f 4190//17910 4191//17912 4192//17918
f 4192//17917 4142//17660 4190//17911
f 4192//17916 4143//17664 4142//17661
f 4190//17906 4142//17659 4141//17655
f 4186//17883 4182//17862 4191//17914
f 4182//17861 4181//17854 4191//17915
f 4189//17905 4141//17652 4140//17649
f 4189//17900 4140//17648 4193//17921
f 4140//17647 4139//17642 4193//17922
f 4194//17926 4139//17636 4193//17923
f 4193//17925 4139//17643 4195//17931
f 4139//17637 4196//17935 4195//17928
f 4139//17638 4197//17938 4196//17932
f 4139//17639 4137//17629 4197//17939
f 4137//17628 4198//17945 4197//17936
f 4198//17940 4137//17627 4199//17947
f 4199//17947 4137//17627 4131//17600
f 4131//17599 4200//17949 4199//17946
f 4131//17598 4130//17593 4200//17950
f 4200//17951 4130//17592 4201//17958
f 4201//17954 4130//17591 4202//17964
f 4130//17590 4203//17970 4202//17959
f 4130//17589 4204//17974 4203//17965
f 3946//16558 4204//17975 4130//17588
f 3946//16557 4205//17981 4204//17971
f 4205//17976 3946//16556 3956//16602
f 4205//17977 3956//16601 4206//17987
f 3956//16600 3957//16606 4206//17982
f 3957//16605 3958//16615 4206//17983
f 4206//17984 3958//16614 3966//16658
f 4207//17993 4206//17985 3966//16665
f 4205//17978 4206//17986 4207//17992
f 4205//17979 4207//17991 4208//17996
f 4208//17997 4207//17990 4209//18005
f 4207//17989 4210//18009 4209//18000
f 4207//17988 3966//16664 4210//18010
f 4210//18006 3966//16663 3967//16670
f 4210//18007 3967//16669 4211//18016
f 4211//18011 3967//16668 4212//18023
f 3967//16667 3968//16675 4212//18017
f 4212//18018 3968//16674 4213//18030
f 4213//18024 3968//16673 4214//18036
f 3969//16679 4214//18031 3968//16673
f 3969//16678 3970//16685 4214//18032
f 4214//18033 3970//16684 4215//18041
f 3970//16683 3971//16691 4215//18037
f 4215//18038 3971//16690 3972//16698
f 4216//18047 4215//18039 3972//16697
f 4214//18034 4215//18040 4216//18046
f 4213//18025 4214//18035 4216//18045
f 4213//18026 4216//18044 4217//18049
f 4217//18050 4216//18043 4218//18059
f 4216//18042 3972//16696 4218//18060
f 4218//18054 3972//16695 3973//16705
f 4218//18055 3973//16704 4219//18066
f 3973//16703 3974//16712 4219//18061
f 4219//18062 3974//16711 4220//18071
f 3974//16710 4028//17045 4220//18067
f 3974//16709 3979//16739 4028//17040
f 3975//16719 3979//16740 3974//16708
f 4220//18068 4028//17044 4006//16944
f 4221//18077 4220//18069 4006//16943
f 4219//18063 4220//18070 4221//18076
f 4222//18080 4219//18064 4221//18075
f 4218//18056 4219//18065 4222//18079
f 4223//18087 4218//18057 4222//18078
f 4223//18086 4217//18051 4218//18058
f 4224//18092 4217//18052 4223//18085
f 4224//18091 4225//18098 4217//18053
f 4226//18108 4225//18099 4224//18096
f 4226//18107 4227//18111 4225//18100
f 4228//18119 4227//18112 4226//18106
f 4228//18118 4229//18121 4227//18113
f 4230//18134 4229//18122 4228//18117
f 4230//18133 4231//18136 4229//18123
f 4230//18132 4232//18144 4231//18137
f 4233//18149 4232//18140 4230//18131
f 4233//18148 4234//18151 4232//18141
f 4233//18147 4235//18159 4234//18152
f 4236//18163 4235//18156 4233//18146
f 4237//18175 4235//18157 4236//18162
f 4237//18174 4238//18178 4235//18158
f 4239//18183 4238//18179 4237//18173
f 4239//18182 4184//17873 4238//18180
f 4184//17874 4239//18181 4240//18186
f 4240//18187 4239//18184 4237//18172
f 4240//18188 4237//18171 4177//17836
f 4177//17837 4237//18170 4236//18161
f 4177//17838 4236//18160 4241//18190
f 4242//18198 4241//18190 4236//18169
f 4241//18191 4242//18197 4243//18200
f 4243//18201 4242//18196 4244//18208
f 4242//18195 4236//18169 4244//18209
f 4244//18205 4236//18168 4245//18215
f 4245//18210 4236//18167 4246//18222
f 4246//18216 4236//18166 4247//18226
f 4247//18227 4236//18165 4230//18129
f 4236//18164 4233//18145 4230//18130
f 4247//18223 4230//18128 4248//18230
f 4230//18127 4228//18116 4248//18231
f 4248//18232 4228//18115 4226//18105
f 4248//18228 4226//18104 4249//18238
f 4249//18233 4226//18103 4250//18243
f 4226//18102 4224//18095 4250//18244
f 4250//18239 4224//18094 4251//18248
f 4224//18093 4223//18090 4251//18249
f 4251//18245 4223//18089 4252//18254
f 4223//18088 4222//18084 4252//18255
f 4252//18250 4222//18083 4253//18261
f 4222//18082 4254//18264 4253//18256
f 4254//18265 4222//18081 4221//18074
f 4254//18262 4221//18073 4255//18269
f 4255//18270 4221//18072 4006//16942
f 4255//18271 4006//16941 4256//18276
f 4257//18280 4256//18273 4006//16941
f 4257//18279 4258//18287 4256//18274
f 4257//18278 4008//16951 4258//18288
f 4008//16948 4257//18277 4006//16941
f 4259//18294 4258//18281 4008//16951
f 4260//18300 4258//18282 4259//18293
f 4260//18301 4261//18306 4258//18283
f 4261//18305 4262//18313 4260//18303
f 4263//18319 4262//18314 4261//18304
f 4262//18315 4263//18318 4264//18323
f 4265//18327 4264//18323 4263//18318
f 4265//18326 4266//18329 4264//18324
f 4267//18334 4266//18329 4265//18326
f 4268//18338 4266//18329 4267//18334
f 4266//18330 4268//18339 4269//18341
f 4267//18333 4269//18341 4268//18339
f 4267//18332 4265//18325 4269//18342
f 4263//18317 4269//18342 4265//18325
f 4260//18295 4266//18331 4269//18340
f 4266//18328 4260//18303 4262//18313
f 4262//18316 4264//18324 4266//18329
f 4261//18312 4260//18302 4270//18345
f 4260//18296 3999//16885 4270//18345
f 4260//18297 4271//18346 3999//16886
f 4260//18298 4268//18336 4271//18347
f 4260//18299 4259//18292 4268//18337
f 4272//18356 4268//18335 4259//18292
f 4272//18355 4271//18347 4268//18336
f 4271//18348 4272//18354 4273//18360
f 4272//18353 4274//18364 4273//18361
f 4014//16974 4274//18365 4272//18352
f 4274//18363 4014//16973 4273//18362
f 4015//16981 4273//18357 4014//16973
f 4275//18369 4273//18358 4015//16980
f 4275//18368 4271//18349 4273//18359
f 4276//18371 4271//18350 4275//18367
f 4276//18370 3999//16886 4271//18346
f 4018//16991 3999//16886 4276//18370
f 4276//18373 4015//16978 4018//16992
f 4015//16979 4276//18372 4275//18366
f 4014//16975 4272//18351 4259//18291
f 4259//18290 4009//16954 4014//16976
f 4259//18289 4008//16950 4009//16955
f 4011//16959 4014//16971 4009//16954
f 4000//16893 4270//18343 3999//16885
f 4000//16892 4277//18379 4270//18344
f 4000//16891 4278//18385 4277//18374
f 4029//17048 4278//18380 4000//16890
f 4029//17047 4030//17055 4278//18381
f 4030//17056 4029//17046 3991//16828
f 4030//17054 4031//17062 4278//18382
f 4030//17053 3988//16815 4031//17063
f 4278//18383 4031//17061 4279//18391
f 4031//17060 4280//18397 4279//18386
f 4031//17059 4032//17067 4280//18392
f 4032//17066 4281//18403 4280//18393
f 4032//17065 4042//17114 4281//18398
f 4042//17113 4046//17138 4281//18399
f 4043//17122 4046//17133 4042//17112
f 4281//18400 4046//17137 4282//18412
f 4047//17144 4282//18404 4046//17136
f 4047//17143 4283//18414 4282//18405
f 4050//17157 4283//18415 4047//17142
f 4050//17163 4284//18417 4283//18416
f 4050//17162 4285//18428 4284//18418
f 4176//17834 4285//18422 4050//17161
f 4176//17833 4177//17840 4285//18423
f 4177//17839 4241//18189 4285//18424
f 4285//18425 4241//18194 4286//18433
f 4241//18193 4287//18437 4286//18429
f 4241//18192 4243//18199 4287//18434
f 4287//18435 4243//18204 4288//18445
f 4288//18438 4243//18203 4289//18450
f 4243//18202 4244//18207 4289//18446
f 4289//18447 4244//18206 4245//18214
f 4289//18448 4245//18213 4290//18456
f 4290//18451 4245//18212 4291//18459
f 4291//18460 4245//18211 4246//18221
f 4291//18461 4246//18220 4292//18465
f 4282//18408 4292//18465 4246//18220
f 4282//18407 4293//18466 4292//18464
f 4283//18413 4293//18467 4282//18406
f 4291//18462 4292//18464 4293//18466
f 4282//18409 4246//18219 4294//18475
f 4246//18218 4249//18235 4294//18468
f 4246//18217 4247//18225 4249//18236
f 4247//18224 4248//18229 4249//18237
f 4249//18234 4250//18242 4294//18469
f 4294//18470 4250//18241 4295//18477
f 4250//18240 4251//18247 4295//18478
f 4251//18246 4252//18253 4295//18479
f 4252//18252 4296//18489 4295//18480
f 4252//18251 4253//18260 4296//18485
f 4296//18486 4253//18259 4297//18492
f 4298//18501 4297//18492 4253//18259
f 4297//18493 4298//18500 4299//18503
f 4300//18514 4299//18504 4298//18499
f 4301//18517 4299//18505 4300//18513
f 4302//18522 4299//18506 4301//18516
f 4302//18521 4297//18494 4299//18502
f 4302//18524 4303//18534 4297//18490
f 4303//18535 4302//18525 4304//18542
f 4304//18537 4302//18523 4301//18520
f 4302//18528 4304//18543 4305//18548
f 4305//18544 4306//18554 4304//18539
f 4307//18559 4306//18555 4305//18545
f 4307//18562 4308//18568 4306//18557
f 4309//18577 4308//18569 4307//18563
f 4310//18583 4308//18570 4309//18576
f 4310//18582 4294//18472 4308//18571
f 4311//18589 4294//18473 4310//18581
f 4311//18588 4282//18410 4294//18474
f 4281//18401 4282//18411 4311//18587
f 4280//18394 4281//18402 4311//18586
f 4280//18395 4311//18585 4310//18580
f 4280//18396 4310//18579 4279//18387
f 4279//18388 4310//18578 4312//18591
f 4310//18584 4309//18575 4312//18592
f 4312//18593 4309//18574 4313//18599
f 4309//18573 4307//18561 4313//18600
f 4313//18601 4307//18560 4305//18546
f 4307//18565 4314//18609 4313//18602
f 4303//18529 4314//18608 4307//18566
f 4314//18607 4297//18490 4303//18534
f 4314//18606 4296//18487 4297//18491
f 4295//18481 4296//18488 4314//18612
f 4295//18482 4314//18611 4303//18532
f 4295//18483 4303//18533 4315//18617
f 4315//18613 4303//18536 4304//18541
f 4306//18552 4315//18618 4303//18531
f 4306//18553 4315//18614 4304//18540
f 4306//18558 4308//18567 4315//18615
f 4316//18620 4315//18615 4308//18567
f 4316//18619 4295//18484 4315//18616
f 4306//18556 4303//18530 4307//18564
f 4314//18610 4297//18496 4313//18603
f 4302//18526 4313//18604 4297//18495
f 4305//18547 4313//18605 4302//18527
f 4313//18597 4305//18549 4300//18511
f 4300//18512 4305//18550 4301//18518
f 4305//18551 4304//18538 4301//18519
f 4312//18594 4313//18598 4300//18510
f 4317//18623 4312//18595 4300//18509
f 4277//18377 4312//18596 4317//18622
f 4279//18389 4312//18590 4277//18376
f 4278//18384 4279//18390 4277//18375
f 4277//18378 4317//18621 4261//18310
f 4318//18628 4261//18310 4317//18621
f 4319//18637 4261//18310 4318//18628
f 4319//18638 4320//18642 4261//18309
f 4319//18639 4321//18648 4320//18643
f 4322//18655 4321//18651 4319//18640
f 4322//18654 4323//18656 4321//18650
f 4323//18657 4322//18653 4324//18662
f 4325//18666 4324//18659 4322//18653
f 4325//18665 4326//18669 4324//18660
f 4326//18670 4325//18664 4318//18626
f 4318//18627 4325//18663 4319//18635
f 4322//18652 4319//18635 4325//18667
f 4319//18636 4318//18631 4327//18675
f 4318//18632 4326//18671 4327//18676
f 4328//18681 4326//18668 4318//18625
f 4328//18680 4324//18660 4326//18669
f 4328//18679 4329//18684 4324//18661
f 4323//18658 4324//18661 4329//18684
f 4329//18683 4321//18650 4323//18656
f 4319//18633 4321//18649 4329//18682
f 4319//18641 4330//18689 4321//18647
f 4319//18634 4327//18674 4330//18690
f 4330//18691 4327//18673 4256//18275
f 4327//18673 4331//18692 4256//18275
f 4331//18693 4327//18678 4332//18694
f 4333//18700 4332//18694 4327//18678
f 4332//18695 4333//18699 4334//18702
f 4335//18708 4334//18703 4333//18698
f 4335//18707 4336//18715 4334//18704
f 4336//18716 4335//18706 4318//18630
f 4326//18672 4318//18630 4335//18706
f 4335//18710 4327//18676 4326//18671
f 4335//18709 4333//18697 4327//18677
f 4336//18711 4318//18629 4337//18720
f 4337//18720 4318//18629 4300//18508
f 4317//18624 4300//18508 4318//18629
f 4337//18717 4300//18508 4338//18722
f 4338//18723 4300//18507 4339//18728
f 4300//18507 4332//18696 4339//18728
f 4334//18701 4339//18728 4332//18696
f 4336//18714 4339//18729 4334//18705
f 4339//18730 4336//18713 4340//18735
f 4336//18712 4337//18719 4340//18732
f 4340//18733 4337//18718 4338//18721
f 4340//18734 4338//18724 4339//18731
f 4341//18736 4338//18726 4339//18727
f 4341//18737 4339//18731 4338//18725
f 4255//18272 4256//18275 4331//18692
f 4330//18685 4256//18274 4258//18287
f 4330//18686 4258//18286 4342//18742
f 4343//18748 4342//18738 4258//18285
f 4343//18747 4344//18750 4342//18739
f 4343//18746 4345//18757 4344//18751
f 4346//18762 4345//18753 4343//18745
f 4345//18754 4346//18761 4347//18765
f 4346//18760 4348//18771 4347//18766
f 4346//18759 4261//18309 4348//18772
f 4261//18308 4346//18758 4264//18320
f 4343//18744 4264//18321 4346//18763
f 4343//18743 4258//18284 4264//18322
f 4261//18307 4264//18322 4258//18284
f 4348//18768 4261//18309 4349//18775
f 4349//18773 4261//18309 4350//18780
f 4350//18776 4261//18309 4351//18783
f 4351//18781 4261//18309 4352//18788
f 4352//18784 4261//18309 4353//18791
f 4353//18789 4261//18309 4354//18796
f 4354//18792 4261//18309 4320//18642
f 4354//18793 4320//18646 4355//18800
f 4355//18797 4320//18645 4356//18805
f 4320//18644 4357//18811 4356//18801
f 4357//18806 4320//18643 4321//18648
f 4357//18807 4321//18647 4330//18689
f 4358//18816 4357//18808 4330//18688
f 4358//18815 4359//18819 4357//18809
f 4359//18820 4358//18814 4345//18756
f 4344//18752 4345//18756 4358//18814
f 4344//18749 4358//18813 4342//18740
f 4358//18812 4330//18687 4342//18741
f 4360//18825 4359//18817 4345//18756
f 4356//18803 4359//18817 4360//18825
f 4357//18810 4359//18818 4356//18802
f 4355//18798 4356//18804 4360//18824
f 4360//18823 4354//18794 4355//18799
f 4354//18795 4360//18822 4353//18790
f 4361//18827 4353//18790 4360//18822
f 4352//18785 4353//18790 4361//18827
f 4362//18832 4352//18786 4361//18826
f 4352//18787 4362//18831 4351//18782
f 4350//18777 4351//18782 4362//18831
f 4363//18836 4350//18778 4362//18830
f 4350//18779 4363//18835 4349//18774
f 4364//18842 4349//18774 4363//18835
f 4348//18769 4349//18774 4364//18842
f 4347//18767 4348//18770 4364//18841
f 4347//18764 4364//18840 4345//18755
f 4364//18839 4363//18834 4345//18756
f 4363//18834 4360//18821 4345//18756
f 4361//18828 4360//18821 4363//18838
f 4362//18833 4361//18829 4363//18837
f 4261//18311 4270//18344 4277//18379
f 4294//18471 4295//18476 4308//18572
f 4300//18515 4298//18498 4255//18266
f 4253//18258 4255//18267 4298//18497
f 4253//18257 4254//18263 4255//18268
f 4290//18452 4291//18458 4365//18844
f 4365//18845 4291//18457 4366//18851
f 4366//18850 4292//18463 4365//18846
f 4367//18854 4365//18846 4292//18463
f 4368//18856 4365//18847 4367//18853
f 4369//18861 4365//18848 4368//18855
f 4369//18860 4370//18868 4365//18849
f 4370//18869 4369//18865 4371//18872
f 4372//18880 4371//18872 4369//18865
f 4373//18886 4371//18873 4372//18879
f 4373//18885 4288//18442 4371//18874
f 4373//18884 4286//18431 4288//18443
f 4285//18426 4286//18432 4373//18883
f 4285//18427 4373//18882 4284//18419
f 4284//18420 4373//18881 4374//18889
f 4374//18890 4373//18887 4372//18878
f 4375//18898 4374//18891 4372//18877
f 4376//18900 4374//18892 4375//18897
f 4376//18899 4377//18903 4374//18893
f 4377//18902 4284//18421 4374//18888
f 4376//18901 4375//18896 4378//18904
f 4375//18895 4379//18910 4378//18905
f 4375//18894 4372//18876 4379//18911
f 4372//18875 4369//18864 4379//18912
f 4379//18908 4369//18863 4380//18916
f 4369//18862 4368//18859 4380//18917
f 4380//18913 4368//18858 4381//18919
f 4368//18857 4367//18852 4381//18920
f 4380//18914 4381//18918 4378//18907
f 4379//18909 4380//18915 4378//18906
f 4286//18430 4287//18436 4288//18444
f 4370//18870 4371//18871 4288//18441
f 4290//18454 4370//18866 4288//18440
f 4370//18867 4290//18453 4365//18843
f 4288//18439 4289//18449 4290//18455
f 4051//17169 4176//17830 4050//17160
f 4029//17049 4000//16889 3994//16846
f 3993//16842 4029//17050 3994//16847
f 3993//16840 3994//16843 4001//16896
f 4001//16902 3982//16773 3993//16841
f 3992//16833 3982//16763 4001//16908
f 3981//16757 3982//16764 3992//16832
f 4382//18923 4001//16904 3982//16767
f 4001//16905 4382//18921 4383//18930
f 4382//18924 3982//16768 4001//16906
f 3982//16770 4383//18930 4382//18921
f 3983//16776 4383//18925 3982//16771
f 3983//16775 3984//16784 4383//18926
f 4383//18927 3984//16783 4384//18936
f 3984//16782 3995//16854 4384//18937
f 3984//16781 3987//16808 3995//16849
f 3995//16850 3987//16812 3990//16824
f 3990//16823 3993//16838 3995//16851
f 4384//18938 3995//16853 3997//16872
f 3997//16870 4002//16917 4384//18939
f 3998//16882 3997//16869 4002//16918
f 3997//16868 3998//16877 4025//17023
f 4025//17024 3998//16883 4003//16925
f 3997//16867 4025//17022 4024//17017
f 3997//16866 4024//17016 4026//17029
f 4024//17020 3997//16875 3999//16888
f 3997//16876 4024//17019 4005//16937
f 3996//16865 3997//16876 4005//16937
f 4023//17010 4024//17020 3999//16888
f 4384//18931 3997//16871 4026//17028
f 4384//18932 4026//17032 4385//18942
f 4026//17031 4027//17035 4385//18940
f 4027//17034 4384//18933 4385//18941
f 4384//18934 4027//17033 4002//16919
f 4383//18928 4384//18935 4002//16920
f 4001//16903 4383//18929 4002//16921
f 4001//16910 4002//16916 3998//16881
f 3998//16880 3992//16834 4001//16909
f 3998//16879 3996//16856 3992//16835
f 4382//18922 4001//16907 3982//16769
f 4240//18185 4177//17835 4178//17843
f 4184//17875 4240//18185 4178//17843
f 4184//17869 4178//17842 4179//17847
f 4184//17872 4386//18947 4238//18176
f 4386//18943 4184//17871 4185//17880
f 4386//18944 4185//17879 4188//17894
f 4386//18945 4188//17899 4387//18953
f 4188//17898 4388//18960 4387//18948
f 4188//17897 4189//17902 4388//18954
f 4189//17901 4193//17920 4388//18955
f 4193//17919 4200//17953 4388//18956
f 4200//17952 4201//17957 4388//18957
f 4388//18958 4201//17956 4389//18966
f 4201//17955 4202//17963 4389//18961
f 4389//18962 4202//17962 4390//18975
f 4202//17961 4391//18979 4390//18967
f 4202//17960 4203//17969 4391//18976
f 4391//18977 4203//17968 4392//18985
f 4203//17967 4208//17999 4392//18980
f 4204//17973 4208//17994 4203//17966
f 4204//17972 4205//17980 4208//17995
f 4208//17998 4209//18004 4392//18981
f 4392//18982 4209//18003 4393//18990
f 4393//18986 4209//18002 4211//18014
f 4209//18001 4210//18008 4211//18015
f 4393//18987 4211//18013 4394//18995
f 4394//18991 4211//18012 4212//18022
f 4229//18126 4394//18992 4212//18021
f 4390//18971 4394//18993 4229//18125
f 4390//18970 4393//18988 4394//18994
f 4392//18983 4393//18989 4390//18969
f 4391//18978 4392//18984 4390//18968
f 4231//18135 4390//18972 4229//18124
f 4395//19001 4390//18973 4231//18139
f 4395//19000 4389//18963 4390//18974
f 4387//18950 4389//18964 4395//18999
f 4387//18949 4388//18959 4389//18965
f 4234//18155 4387//18951 4395//18998
f 4234//18154 4386//18946 4387//18952
f 4234//18153 4238//18176 4386//18947
f 4238//18177 4234//18152 4235//18159
f 4232//18142 4234//18150 4395//18997
f 4232//18143 4395//18996 4231//18138
f 4229//18120 4212//18020 4227//18114
f 4227//18109 4212//18019 4213//18029
f 4227//18110 4213//18028 4225//18101
f 4225//18097 4213//18027 4217//18048
f 4198//17941 4199//17946 4200//17949
f 4198//17942 4200//17948 4396//19005
f 4397//19009 4198//17943 4396//19004
f 4398//19012 4198//17944 4397//19008
f 4398//19011 4197//17936 4198//17945
f 4197//17937 4398//19010 4196//17933
f 4397//19007 4196//17933 4398//19010
f 4196//17934 4397//19006 4195//17929
f 4396//19003 4195//17929 4397//19006
f 4195//17930 4396//19002 4193//17924
f 1914//5844 4193//17924 4396//19002
f 4194//17927 4193//17924 1914//5844
f 4173//17820 4174//17821 4051//17167
f 4173//17816 4051//17166 4399//19017
f 4399//19013 4051//17165 4052//17174
f 4156//17733 4399//19014 4052//17173
f 4156//17732 4158//17739 4399//19015
f 4158//17744 4173//17817 4399//19016
f 4158//17743 4171//17810 4173//17818
f 4159//17749 4171//17806 4158//17742
f 4159//17748 4169//17799 4171//17807
f 4159//17747 4161//17757 4169//17795
f 4055//17193 4156//17726 4052//17172
f 4056//17199 4156//17727 4055//17192
f 4056//17198 4154//17722 4156//17728
f 4057//17205 4154//17717 4056//17197
f 4057//17204 4153//17716 4154//17718
f 4059//17212 4153//17712 4057//17203
f 4059//17217 4062//17233 4153//17713
f 4163//17769 4165//17780 4162//17764
f 4164//17776 4160//17751 4157//17734
f 4125//17571 4145//17669 4084//17358
f 4125//17570 4126//17575 4145//17670
f 4134//17616 4145//17670 4126//17575
f 4126//17574 4132//17604 4134//17610
f 4126//17573 4127//17581 4132//17602
f 4084//17357 4085//17362 4125//17568
f 4072//17293 4073//17302 4078//17322
f 4073//17301 4076//17316 4078//17323
f 4013//16969 4021//17003 4020//17001
f 4021//17004 4013//16968 4012//16963
f 4016//16982 4013//16969 4020//17001
f 4016//16983 4020//17000 4400//19019
f 4020//16999 4019//16997 4400//19020
f 4400//19021 4019//16996 4017//16989
f 4400//19018 4017//16988 4016//16984
f 3861//16049 3862//16059 3928//16448
f 3862//16058 4401//19026 3928//16449
f 4401//19022 3862//16057 4402//19031
f 3862//16056 3863//16066 4402//19027
f 3863//16065 3865//16077 4402//19028
f 3863//16064 3864//16070 3865//16078
f 4402//19029 3865//16076 4403//19037
f 4403//19032 3865//16075 4404//19043
f 4404//19038 3865//16074 4405//19045
f 3865//16073 3866//16084 4405//19046
f 3866//16083 4406//19056 4405//19047
f 3866//16082 4407//19061 4406//19051
f 3867//16090 4407//19057 3866//16081
f 3867//16089 4408//19067 4407//19058
f 3867//16088 3868//16097 4408//19062
f 3868//16096 4409//19073 4408//19063
f 3868//16095 3869//16102 4409//19068
f 3869//16101 4410//19077 4409//19069
f 3870//16111 4410//19074 3869//16100
f 3870//16110 4411//19082 4410//19075
f 3870//16109 3879//16154 4411//19078
f 4412//19087 3879//16155 3870//16108
f 3876//16137 3879//16156 4412//19086
f 3876//16136 3877//16144 3879//16157
f 3876//16138 4412//19085 4413//19089
f 3874//16129 4413//19089 4412//19085
f 4413//19088 3874//16128 3876//16139
f 3872//16120 3874//16130 4412//19084
f 3872//16121 4412//19083 3870//16107
f 3871//16116 3872//16122 3870//16106
f 4411//19079 3879//16153 3880//16163
f 4411//19080 3880//16162 4414//19095
f 4414//19090 3880//16161 3907//16325
f 3880//16160 3881//16169 3907//16320
f 4414//19091 3907//16324 3908//16329
f 4415//19100 4414//19092 3908//16328
f 4416//19105 4414//19093 4415//19099
f 4416//19104 4411//19081 4414//19094
f 4416//19103 4410//19075 4411//19082
f 4410//19076 4416//19102 4409//19070
f 4409//19071 4416//19101 4417//19109
f 4417//19110 4416//19107 4418//19117
f 4416//19106 4415//19098 4418//19118
f 4418//19119 4415//19097 3909//16331
f 4415//19096 3908//16327 3909//16332
f 4417//19111 4418//19116 4419//19123
f 4418//19115 4420//19128 4419//19124
f 4418//19114 3910//16342 4420//19129
f 4420//19126 3910//16341 3917//16378
f 4420//19127 3917//16384 4419//19125
f 4421//19135 4419//19120 3917//16383
f 4422//19141 4419//19121 4421//19134
f 4422//19140 4417//19112 4419//19122
f 4422//19139 4408//19065 4417//19113
f 4407//19059 4408//19066 4422//19138
f 4407//19060 4422//19137 4406//19052
f 4406//19053 4422//19136 4421//19133
f 4406//19054 4421//19132 4423//19143
f 4423//19144 4421//19131 4424//19151
f 4421//19130 3917//16382 4424//19152
f 4424//19147 3917//16381 3918//16387
f 3918//16386 4425//19157 4424//19148
f 3918//16385 4426//19159 4425//19153
f 4426//19158 4427//19166 4425//19154
f 4425//19155 4427//19165 4428//19170
f 4427//19164 4429//19174 4428//19171
f 4429//19173 4405//19050 4428//19172
f 4428//19167 4405//19049 4423//19146
f 4405//19048 4406//19055 4423//19142
f 4428//19168 4423//19145 4424//19150
f 4424//19149 4425//19156 4428//19169
f 4408//19064 4409//19072 4417//19108
f 4404//19039 4405//19044 4427//19163
f 4404//19040 4427//19162 4430//19177
f 4430//19178 4427//19161 4431//19183
f 4427//19160 4432//19187 4431//19184
f 4431//19185 4432//19186 3918//16392
f 4431//19180 3918//16391 3922//16416
f 3922//16411 3918//16390 3919//16396
f 3924//16423 4431//19181 3922//16415
f 4430//19179 4431//19182 3924//16428
f 4433//19194 4430//19175 3924//16427
f 4433//19193 4404//19041 4430//19176
f 4403//19033 4404//19042 4433//19192
f 4434//19198 4403//19034 4433//19191
f 4434//19197 4401//19024 4403//19035
f 3928//16450 4401//19025 4434//19196
f 3928//16451 4434//19195 4435//19201
f 4435//19202 4434//19199 4433//19190
f 3925//16433 4435//19203 4433//19189
f 3928//16452 4435//19200 3925//16432
f 3925//16434 4433//19188 3924//16426
f 4401//19023 4402//19030 4403//19036
f 2928//10961 2930//10969 2927//10954
f 3853//16000 2903//10823 2906//10836
f 3853//15999 2902//10816 2903//10824
f 3248//12695 2100//6677 2101//6685
f 3241//12664 3246//12686 3234//12625
f 3235//12629 3241//12665 3234//12624
f 3242//12675 3243//12677 3241//12668
f 4436//19204 3241//12670 3242//12671
f 4436//19205 3242//12675 3241//12669
f 3009//11419 3010//11426 3177//12282
f 3177//12283 3010//11425 4437//19211
f 3010//11424 3011//11432 4437//19206
f 4437//19207 3011//11431 3012//11438
f 4437//19208 3012//11437 3013//11444
f 3175//12275 4437//19209 3013//11443
f 3177//12284 4437//19210 3175//12274
f 3175//12270 3013//11442 3014//11450
f 3017//11464 3018//11473 3169//12234
f 3169//12235 3018//11472 4438//19217
f 3018//11471 3019//11479 4438//19212
f 4438//19213 3019//11478 3021//11490
f 4438//19214 3021//11489 3165//12216
f 3021//11488 3022//11495 3165//12210
f 3165//12211 3022//11494 3023//11503
f 3167//12224 4438//19215 3165//12215
f 3169//12236 4438//19216 3167//12228
f 3023//11499 3025//11511 3156//12164
f 3025//11514 3026//11517 3156//12165
f 3026//11516 3027//11522 3156//12166
f 3157//12172 3160//12185 3156//12160
f 2991//11318 2992//11321 2990//11316
f 2980//11259 2981//11266 2983//11275
f 4439//19220 2857//10591 2954//11109
f 4439//19219 2855//10580 2857//10592
f 2855//10581 4439//19218 4440//19228
f 4440//19229 4439//19223 4441//19232
f 4439//19222 4442//19239 4441//19233
f 4442//19240 4439//19221 2954//11116
f 4442//19236 2954//11115 4443//19244
f 4443//19245 2954//11114 2953//11108
f 4443//19241 2953//11107 4444//19249
f 4444//19250 2953//11106 2952//11099
f 2831//10453 4444//19251 2952//11098
f 2833//10460 4444//19246 2831//10452
f 2833//10459 4445//19258 4444//19247
f 4445//19252 2833//10458 4446//19261
f 2840//10496 4446//19259 2833//10458
f 2840//10495 4440//19225 4446//19260
f 2840//10494 4447//19265 4440//19226
f 2840//10493 4448//19271 4447//19262
f 4448//19266 2840//10492 4449//19274
f 4449//19272 2840//10491 2852//10566
f 2852//10560 2840//10490 2841//10500
f 4448//19267 4449//19273 2852//10565
f 2854//10574 4448//19268 2852//10564
f 2854//10577 2855//10584 4448//19269
f 2855//10583 4447//19263 4448//19270
f 4447//19264 2855//10582 4440//19227
f 4445//19253 4446//19260 4440//19225
f 4440//19230 4441//19235 4445//19254
f 4440//19224 4441//19231 1915//5845
f 4441//19234 4442//19238 4445//19255
f 4445//19256 4442//19237 4443//19243
f 4445//19257 4443//19242 4444//19248
f 2838//10482 2840//10488 2833//10458
f 2833//10457 2834//10465 2838//10481
f 2831//10448 2952//11097 2829//10438
f 2829//10439 2952//11096 4450//19276
f 4450//19277 2952//11102 2951//11092
f 4451//19287 4450//19278 2951//11091
f 4451//19286 4452//19289 4450//19279
f 4453//19296 4452//19290 4451//19285
f 4453//19295 4454//19301 4452//19291
f 4454//19302 4453//19294 4455//19309
f 4455//19304 4453//19294 4456//19315
f 4453//19294 4457//19320 4456//19310
f 4458//19325 4457//19316 4453//19293
f 4459//19327 4457//19317 4458//19324
f 4459//19326 4460//19331 4457//19318
f 4460//19332 4459//19329 4461//19339
f 4462//19343 4461//19335 4459//19329
f 4461//19336 4462//19342 4463//19345
f 4464//19351 4463//19345 4462//19342
f 4464//19350 4465//19352 4463//19346
f 4465//19353 4464//19349 4466//19361
f 4467//19365 4466//19356 4464//19349
f 4466//19357 4467//19364 4468//19369
f 4469//19377 4468//19369 4467//19364
f 4469//19376 4470//19383 4468//19370
f 4471//19384 4470//19378 4469//19375
f 4472//19390 4471//19385 4469//19374
f 4472//19389 4473//19393 4471//19386
f 2951//11089 4473//19394 4472//19388
f 4451//19282 2951//11090 4472//19387
f 4451//19283 4472//19392 4458//19322
f 4474//19396 4458//19322 4472//19392
f 4458//19323 4474//19395 4459//19328
f 4462//19340 4459//19328 4474//19399
f 4474//19398 4467//19362 4462//19341
f 4467//19363 4474//19397 4469//19373
f 4472//19391 4469//19373 4474//19397
f 4464//19348 4462//19341 4467//19362
f 4458//19321 4453//19292 4451//19284
f 4470//19382 4475//19402 4468//19371
f 4475//19401 2820//10387 4470//19380
f 2820//10395 4468//19372 4475//19403
f 4476//19408 4468//19366 2820//10394
f 4476//19407 4477//19410 4468//19367
f 4478//19419 4477//19411 4476//19406
f 4478//19418 4479//19420 4477//19412
f 4479//19421 4478//19417 4480//19428
f 4480//19427 4478//19416 4481//19432
f 4481//19433 4478//19415 2820//10392
f 4478//19414 4476//19405 2820//10393
f 4482//19438 4480//19426 4481//19431
f 4482//19436 4480//19425 4483//19440
f 4479//19422 4480//19429 4482//19437
f 4479//19423 4482//19435 4484//19443
f 4483//19439 4484//19443 4482//19435
f 4484//19442 4485//19445 4479//19424
f 4486//19452 4485//19446 4484//19441
f 4486//19451 4487//19456 4485//19447
f 4487//19457 4486//19450 4488//19461
f 4489//19465 4488//19461 4486//19450
f 4488//19462 4489//19464 4490//19467
f 4491//19471 4490//19467 4489//19464
f 4491//19470 4492//19474 4490//19468
f 4493//19479 4490//19468 4492//19474
f 4490//19469 4493//19478 4461//19338
f 4460//19333 4461//19338 4493//19478
f 4460//19334 4493//19477 4494//19482
f 4494//19483 4493//19476 4456//19311
f 4493//19475 4492//19473 4456//19312
f 4456//19313 4492//19472 4495//19486
f 4456//19314 4495//19485 4455//19305
f 4455//19306 4495//19484 4496//19488
f 4455//19307 4496//19487 4497//19490
f 4454//19303 4455//19308 4497//19489
f 4494//19480 4456//19310 4457//19320
f 4460//19330 4494//19481 4457//19319
f 4490//19466 4461//19337 4488//19463
f 4463//19344 4488//19459 4461//19337
f 4488//19460 4463//19347 4487//19458
f 4498//19495 4487//19453 4463//19347
f 4487//19454 4498//19494 4499//19497
f 4499//19498 4498//19493 4500//19503
f 4498//19492 4465//19355 4500//19504
f 4498//19491 4463//19346 4465//19352
f 4500//19500 4465//19354 4466//19360
f 4500//19501 4466//19359 4477//19413
f 4477//19409 4466//19358 4468//19368
f 4477//19412 4485//19449 4500//19502
f 4479//19420 4485//19444 4477//19412
f 4499//19499 4500//19502 4485//19449
f 4487//19455 4499//19496 4485//19448
f 2814//10360 4482//19434 4481//19430
f 2820//10388 4475//19400 4501//19506
f 4470//19381 4501//19506 4475//19404
f 4501//19507 4470//19379 2936//11001
f 2940//11030 2936//11001 4470//19379
f 2940//11031 4470//19380 2820//10387
f 2951//11095 2940//11024 2820//10386
f 4501//19508 2936//11000 2806//10320
f 2820//10389 4501//19505 2806//10319
f 4452//19288 4454//19300 4450//19280
f 4454//19299 2828//10432 4450//19281
f 2828//10433 4454//19298 4502//19511
f 4454//19297 4503//19515 4502//19512
f 4502//19513 4503//19514 2823//10402
f 4504//19517 2823//10402 4503//19514
f 4504//19516 2822//10400 2823//10403
f 2823//10401 2824//10407 4502//19509
f 2824//10407 4505//19521 4502//19509
f 4505//19518 2824//10406 2826//10415
f 4505//19519 2826//10418 2828//10428
f 4506//19524 4505//19520 2828//10435
f 4506//19523 4502//19509 4505//19521
f 4506//19522 2828//10434 4502//19510
f 2828//10431 2829//10440 4450//19275
f 2855//10579 2856//10587 2857//10593
f 2697//9695 2890//10751 2694//9680
f 2697//9698 2859//10608 2890//10752
f 2859//10603 2697//9697 2698//9705
f 2720//9832 2804//10303 2718//9827
f 2718//9823 2804//10302 2716//9812
f 2729//9878 2727//9871 2789//10211
f 2731//9889 2729//9879 2789//10217
f 2781//10167 2731//9890 2789//10216
f 2711//9778 2704//9745 2710//9777
f 2706//9752 2710//9772 2704//9745
f 2706//9751 4507//19527 2710//9773
f 2706//9750 2707//9756 4507//19525
f 4508//19530 4507//19525 2707//9756
f 4508//19529 4509//19533 4507//19526
f 4508//19528 2707//9755 4509//19534
f 2708//9761 4509//19531 2707//9755
f 4509//19532 2708//9760 4510//19538
f 2710//9774 4510//19535 2708//9760
f 4510//19536 2710//9773 4507//19527
f 4510//19537 4507//19526 4509//19533
f 2642//9361 2643//9370 2648//9392
f 2643//9369 2646//9381 2648//9393
f 2643//9368 2645//9376 2646//9382
f 2643//9367 2644//9373 2645//9377
f 2616//9214 2613//9202 2614//9208
f 2614//9204 1916//5846 2616//9215
f 1917//5847 1916//5846 2614//9204
f 1918//5848 1916//5846 1917//5847
f 1919//5849 2616//9211 1916//5846
f 2567//8959 2568//8960 2615//9210
f 2567//8958 2568//8962 2566//8951
f 4511//19539 2567//8955 2615//9210
f 2615//9209 1920//5850 4511//19540
f 1921//5851 4511//19540 1920//5850
f 2552//8892 2576//8993 2550//8884
f 2550//8884 2576//8993 2549//8879
f 2549//8878 2576//8993 2575//8990
f 2549//8882 2575//8989 2545//8863
f 2549//8877 4512//19542 2575//8991
f 4512//19542 4513//19543 2575//8991
f 4513//19544 4512//19541 1922//5852
f 1923//5853 1922//5852 4512//19541
f 2573//8981 2575//8991 4513//19543
f 2575//8992 2573//8984 2545//8863
f 2560//8931 2548//8874 2547//8869
f 2548//8875 2560//8930 2556//8911
f 2551//8890 2548//8875 2556//8911
f 2553//8896 2551//8890 2556//8915
f 1924//5854 1854//5784 2511//8717
f 1925//5855 2027//6323 1854//5784
f 1926//5856 2027//6319 1925//5855
f 2434//8325 2437//8349 2447//8387
f 2434//8332 2435//8335 2437//8344
f 2446//8380 2447//8387 2437//8349
f 2437//8348 2444//8374 2446//8381
f 2437//8347 2442//8367 2444//8371
f 2438//8353 2442//8364 2437//8346
f 2499//8660 2501//8666 2498//8657
f 2497//8649 2433//8314 2500//8664
f 2496//8648 2491//8628 2490//8622
f 2496//8647 2492//8632 2491//8629
f 2496//8646 2495//8644 2492//8633
f 1987//6082 2359//7839 1985//6074
f 1981//6054 2352//7802 1980//6048
f 1980//6049 2352//7801 1979//6040
f 2337//7719 2234//7311 2236//7326
f 2240//7348 2304//7597 2298//7570
f 2304//7598 2240//7349 2241//7353
f 2304//7600 1838//5768 2241//7352
f 2300//7583 1838//5768 2304//7600
f 2300//7581 2298//7570 2304//7597
f 1810//5740 2241//7352 1838//5768
f 2241//7355 2266//7435 2304//7599
f 2310//7627 2311//7631 2295//7557
f 2310//7628 2311//7629 4514//19545
f 4515//19548 4514//19545 2311//7629
f 4514//19546 4515//19547 1927//5857
f 1928//5858 1927//5857 4515//19547
f 2309//7623 2310//7625 4514//19545
f 2309//7624 2310//7627 2295//7557
f 2297//7569 2309//7621 2295//7557
f 2297//7565 2309//7623 4514//19545
f 2302//7589 2303//7595 2307//7610
f 2307//7615 2303//7595 2306//7608
f 2305//7604 2306//7608 2303//7595
f 2306//7606 4516//19550 2307//7616
f 4517//19551 2307//7609 4516//19550
f 4516//19549 1929//5859 4517//19552
f 1930//5860 4517//19552 1929//5859
f 2285//7516 2284//7508 1931//5861
f 1931//5861 2284//7508 1932//5862
f 1933//5863 1932//5862 2284//7508
f 1934//5864 2285//7512 1931//5861
f 2295//7555 1935//5865 1837//5767
f 1936//5866 1837//5767 1935//5865
f 1937//5867 2296//7559 1837//5767
f 2189//7078 2193//7095 2196//7101
f 2190//7083 2193//7095 2189//7078
f 2193//7094 2190//7084 2191//7089
f 4518//19554 2184//7055 2139//6882
f 2184//7056 1938//5868 4518//19553
f 1939//5869 4518//19553 1938//5868
f 2109//6722 2171//6998 4519//19560
f 4520//19563 4519//19560 2171//6998
f 4520//19562 2082//6574 4519//19561
f 2082//6573 4521//19565 4519//19555
f 4521//19564 4522//19567 4519//19556
f 4522//19566 4523//19570 4519//19557
f 4524//19572 4519//19557 4523//19570
f 4525//19578 4519//19557 4524//19572
f 4526//19580 4519//19557 4525//19578
f 4527//19585 4519//19557 4526//19580
f 4527//19584 4528//19587 4519//19558
f 4528//19586 2109//6717 4519//19559
f 4525//19577 4526//19581 4529//19589
f 4526//19583 4525//19579 1940//5870
f 1941//5871 1940//5870 4525//19579
f 4530//19594 4529//19589 4526//19581
f 4529//19590 4530//19593 4531//19596
f 4526//19582 4531//19597 4530//19592
f 4529//19591 4531//19595 4532//19599
f 4532//19598 4525//19576 4529//19588
f 4523//19569 4524//19573 4533//19601
f 4524//19575 4523//19571 1942//5872
f 1943//5873 1942//5872 4523//19571
f 4534//19606 4533//19601 4524//19573
f 4533//19602 4534//19605 4535//19608
f 4535//19609 4534//19604 4536//19610
f 4524//19574 4536//19611 4534//19603
f 4535//19607 4523//19568 4533//19600
f 4537//19612 2168//6986 2169//6992
f 2169//6991 4537//19613 1944//5874
f 1945//5875 1944//5874 4537//19613
f 1806//5736 2163//6966 1946//5876
f 1947//5877 1946//5876 2163//6966
f 1948//5878 2162//6961 1806//5736
